date,weekday,month,interval_index,interval_start,interval_end,veh_count,lane1,lane2,lane3,lane4,lane5,center,delay_fixed,delay_manual,delay_adaptive,queue_fixed,queue_manual,queue_adaptive,stop_fixed,stop_manual,stop_adaptive
2026-03-02,Mon,Mar,1,06:00,06:15,5,1,1,1,1,1,0,18.4,17.8,9.6,3.06,2.29,1.62,57.1,60.1,34.5
2026-03-02,Mon,Mar,2,06:15,06:30,5,1,1,1,1,1,0,17.1,17.6,10.8,2.8,2.78,1.35,59.3,53.0,35.1
2026-03-02,Mon,Mar,3,06:30,06:45,6,1,1,1,1,1,1,18.1,17.4,10.8,3.45,3.22,1.68,58.2,57.8,36.1
2026-03-02,Mon,Mar,4,06:45,07:00,7,2,1,1,1,1,1,18.1,21.8,11.7,3.06,2.79,1.56,52.8,59.5,36.5
2026-03-02,Mon,Mar,5,07:00,07:15,11,2,2,2,2,2,1,22.5,25.1,16.6,4.27,4.25,2.08,59.0,63.6,39.6
2026-03-02,Mon,Mar,6,07:15,07:30,12,3,2,2,2,2,1,21.0,27.1,16.0,4.64,3.66,1.95,61.2,69.1,41.2
2026-03-02,Mon,Mar,7,07:30,07:45,13,3,3,2,2,2,1,25.1,27.0,16.8,4.86,3.46,2.01,65.5,68.5,42.7
2026-03-02,Mon,Mar,8,07:45,08:00,13,3,3,2,2,2,1,23.1,28.3,15.7,5.51,4.05,1.98,66.7,63.3,40.4
2026-03-02,Mon,Mar,9,08:00,08:15,19,4,4,3,3,3,2,29.8,36.8,21.0,6.35,5.62,3.35,64.0,77.3,47.8
2026-03-02,Mon,Mar,10,08:15,08:30,15,3,3,3,2,2,2,28.9,29.5,19.6,5.29,4.58,2.62,66.9,65.8,42.3
2026-03-02,Mon,Mar,11,08:30,08:45,13,3,3,2,2,2,1,24.0,29.3,16.5,5.24,3.7,2.27,66.8,73.1,44.0
2026-03-02,Mon,Mar,12,08:45,09:00,10,2,2,2,2,1,1,21.8,24.1,16.1,3.63,3.04,1.77,62.2,61.0,39.2
2026-03-02,Mon,Mar,13,09:00,09:15,11,2,2,2,2,2,1,24.4,22.9,15.2,5.05,3.8,2.06,63.8,64.9,41.2
2026-03-02,Mon,Mar,14,09:15,09:30,6,1,1,1,1,1,1,18.3,19.6,11.1,3.84,2.78,1.49,58.6,60.4,33.6
2026-03-02,Mon,Mar,15,09:30,09:45,7,2,1,1,1,1,1,17.0,21.0,11.4,3.05,2.58,1.62,53.8,60.1,36.2
2026-03-02,Mon,Mar,16,09:45,10:00,5,1,1,1,1,1,0,15.7,18.9,11.1,2.64,2.34,1.21,55.5,57.3,34.8
2026-03-02,Mon,Mar,17,10:00,10:15,6,1,1,1,1,1,1,18.4,21.1,12.3,3.57,2.34,1.65,51.1,61.3,37.1
2026-03-02,Mon,Mar,18,10:15,10:30,4,1,1,1,1,0,0,15.8,20.6,11.0,2.87,2.64,1.35,55.3,59.4,37.3
2026-03-02,Mon,Mar,19,10:30,10:45,5,1,1,1,1,1,0,16.6,18.2,11.5,2.89,2.6,1.38,60.2,55.1,34.4
2026-03-02,Mon,Mar,20,10:45,11:00,5,1,1,1,1,1,0,16.3,18.4,9.9,2.63,2.6,1.49,56.8,59.3,33.2
2026-03-02,Mon,Mar,21,11:00,11:15,7,2,1,1,1,1,1,18.3,21.0,12.8,3.79,2.43,1.68,58.6,57.8,36.0
2026-03-02,Mon,Mar,22,11:15,11:30,7,2,1,1,1,1,1,20.3,20.5,11.5,3.66,3.09,1.45,58.3,60.5,39.9
2026-03-02,Mon,Mar,23,11:30,11:45,7,2,1,1,1,1,1,18.0,22.9,12.4,3.59,2.81,1.53,53.7,60.6,34.9
2026-03-02,Mon,Mar,24,11:45,12:00,7,2,1,1,1,1,1,19.6,23.2,11.5,3.7,3.02,1.66,59.5,59.4,38.5
2026-03-02,Mon,Mar,25,12:00,12:15,8,2,2,1,1,1,1,21.3,19.9,13.3,3.64,3.65,1.81,51.2,63.1,39.0
2026-03-02,Mon,Mar,26,12:15,12:30,7,2,1,1,1,1,1,20.3,18.7,12.6,3.92,2.73,1.88,61.2,61.6,38.2
2026-03-02,Mon,Mar,27,12:30,12:45,7,2,1,1,1,1,1,20.0,21.4,12.2,3.46,2.89,1.56,52.0,56.5,38.1
2026-03-02,Mon,Mar,28,12:45,13:00,8,2,2,1,1,1,1,19.4,23.0,13.1,3.27,3.16,1.61,64.5,60.2,37.0
2026-03-02,Mon,Mar,29,13:00,13:15,7,2,1,1,1,1,1,16.8,19.5,12.4,3.85,3.08,1.58,55.1,56.3,33.5
2026-03-02,Mon,Mar,30,13:15,13:30,7,2,1,1,1,1,1,18.8,21.3,11.0,3.79,3.18,1.66,55.1,60.9,36.6
2026-03-02,Mon,Mar,31,13:30,13:45,6,1,1,1,1,1,1,17.8,18.8,12.6,3.2,2.61,1.65,57.0,58.9,34.1
2026-03-02,Mon,Mar,32,13:45,14:00,7,2,1,1,1,1,1,19.3,20.7,11.4,3.7,3.19,1.49,53.1,58.0,36.5
2026-03-02,Mon,Mar,33,14:00,14:15,6,1,1,1,1,1,1,18.2,20.2,12.7,3.09,2.84,1.65,53.9,63.1,35.2
2026-03-02,Mon,Mar,34,14:15,14:30,8,2,2,1,1,1,1,20.2,21.2,11.5,4.27,2.81,1.8,58.2,63.0,37.0
2026-03-02,Mon,Mar,35,14:30,14:45,8,2,2,1,1,1,1,21.2,21.7,12.2,4.18,3.55,1.91,55.7,64.1,39.8
2026-03-02,Mon,Mar,36,14:45,15:00,8,2,2,1,1,1,1,21.1,21.2,11.2,3.08,4.15,1.73,58.7,65.6,39.6
2026-03-02,Mon,Mar,37,15:00,15:15,10,2,2,2,2,1,1,25.0,24.3,14.9,3.69,3.32,1.99,53.0,61.7,39.2
2026-03-02,Mon,Mar,38,15:15,15:30,11,2,2,2,2,2,1,22.2,25.4,15.6,3.84,3.58,1.88,62.7,63.4,40.1
2026-03-02,Mon,Mar,39,15:30,15:45,13,3,3,2,2,2,1,23.9,29.8,17.3,4.56,4.0,1.9,64.8,68.7,40.1
2026-03-02,Mon,Mar,40,15:45,16:00,12,3,2,2,2,2,1,22.4,26.5,16.1,5.27,3.69,1.91,65.0,64.6,34.5
2026-03-02,Mon,Mar,41,16:00,16:15,12,3,2,2,2,2,1,26.8,28.9,16.3,4.64,3.59,2.32,62.3,65.0,43.7
2026-03-02,Mon,Mar,42,16:15,16:30,13,3,3,2,2,2,1,25.0,26.8,16.0,5.22,4.15,1.96,62.4,65.7,39.5
2026-03-02,Mon,Mar,43,16:30,16:45,11,2,2,2,2,2,1,23.6,22.8,15.2,4.12,3.59,2.01,63.7,60.5,37.3
2026-03-02,Mon,Mar,44,16:45,17:00,11,2,2,2,2,2,1,22.1,22.5,14.2,5.17,3.46,2.31,61.3,61.8,43.2
2026-03-02,Mon,Mar,45,17:00,17:15,9,2,2,2,1,1,1,22.3,20.5,14.3,4.36,3.09,2.15,59.0,64.2,40.6
2026-03-02,Mon,Mar,46,17:15,17:30,7,2,1,1,1,1,1,19.0,21.3,11.9,3.28,2.44,1.61,54.7,66.5,37.1
2026-03-02,Mon,Mar,47,17:30,17:45,6,1,1,1,1,1,1,18.1,18.1,10.5,3.06,2.75,1.5,54.7,62.8,35.5
2026-03-02,Mon,Mar,48,17:45,18:00,6,1,1,1,1,1,1,17.2,19.9,11.6,3.55,2.59,1.26,62.9,56.6,36.7
2026-03-03,Tue,Mar,1,06:00,06:15,5,1,1,1,1,1,0,19.0,13.3,12.6,2.76,2.65,1.78,57.5,62.7,36.7
2026-03-03,Tue,Mar,2,06:15,06:30,5,1,1,1,1,1,0,17.6,13.4,11.1,2.75,2.23,1.81,54.5,60.4,33.2
2026-03-03,Tue,Mar,3,06:30,06:45,6,1,1,1,1,1,1,18.1,15.3,13.2,3.04,2.59,1.78,57.6,64.7,35.0
2026-03-03,Tue,Mar,4,06:45,07:00,6,1,1,1,1,1,1,18.4,15.8,13.5,3.24,2.85,1.74,55.6,65.0,37.8
2026-03-03,Tue,Mar,5,07:00,07:15,11,2,2,2,2,2,1,23.1,19.7,17.0,4.21,3.44,2.43,63.0,68.8,41.2
2026-03-03,Tue,Mar,6,07:15,07:30,11,2,2,2,2,2,1,24.8,18.6,15.1,4.69,3.67,2.25,68.5,68.1,41.6
2026-03-03,Tue,Mar,7,07:30,07:45,15,3,3,3,2,2,2,30.3,23.6,18.8,4.15,4.59,2.77,66.3,75.4,40.8
2026-03-03,Tue,Mar,8,07:45,08:00,13,3,3,2,2,2,1,25.6,21.7,18.9,4.26,3.86,2.87,61.7,74.2,37.6
2026-03-03,Tue,Mar,9,08:00,08:15,14,3,3,3,2,2,1,27.4,19.8,19.2,4.63,3.85,2.55,62.8,71.3,43.5
2026-03-03,Tue,Mar,10,08:15,08:30,15,3,3,3,2,2,2,27.4,26.8,18.6,5.56,4.28,2.62,72.1,76.1,37.4
2026-03-03,Tue,Mar,11,08:30,08:45,13,3,3,2,2,2,1,24.3,22.8,16.6,4.08,3.72,2.63,61.2,70.9,38.3
2026-03-03,Tue,Mar,12,08:45,09:00,11,2,2,2,2,2,1,27.3,18.2,15.5,4.17,3.92,2.53,62.6,68.4,38.0
2026-03-03,Tue,Mar,13,09:00,09:15,11,2,2,2,2,2,1,28.1,20.8,16.0,4.1,3.77,2.1,62.6,71.7,35.1
2026-03-03,Tue,Mar,14,09:15,09:30,9,2,2,2,1,1,1,20.0,20.5,15.5,3.54,3.44,2.35,58.0,67.8,39.1
2026-03-03,Tue,Mar,15,09:30,09:45,7,2,1,1,1,1,1,20.5,15.9,14.8,2.92,2.86,1.86,52.1,59.8,36.1
2026-03-03,Tue,Mar,16,09:45,10:00,7,2,1,1,1,1,1,20.5,15.3,13.6,3.11,2.72,1.84,56.7,65.0,36.9
2026-03-03,Tue,Mar,17,10:00,10:15,6,1,1,1,1,1,1,19.8,15.5,12.4,2.37,2.53,1.91,55.8,64.6,34.6
2026-03-03,Tue,Mar,18,10:15,10:30,5,1,1,1,1,1,0,15.8,14.9,11.2,2.71,2.49,1.77,57.8,61.5,39.7
2026-03-03,Tue,Mar,19,10:30,10:45,6,1,1,1,1,1,1,20.8,13.6,11.4,2.77,2.51,1.66,63.8,65.2,39.4
2026-03-03,Tue,Mar,20,10:45,11:00,7,2,1,1,1,1,1,20.4,13.2,12.4,3.45,2.56,1.95,57.5,62.5,36.5
2026-03-03,Tue,Mar,21,11:00,11:15,5,1,1,1,1,1,0,17.4,13.4,11.6,2.87,2.68,1.6,57.4,60.5,33.1
2026-03-03,Tue,Mar,22,11:15,11:30,7,2,1,1,1,1,1,20.7,15.7,14.5,3.14,2.55,1.8,57.5,65.6,38.5
2026-03-03,Tue,Mar,23,11:30,11:45,7,2,1,1,1,1,1,20.1,16.0,12.8,3.14,2.27,2.01,58.7,61.0,37.8
2026-03-03,Tue,Mar,24,11:45,12:00,6,1,1,1,1,1,1,18.5,14.2,12.1,3.17,2.49,1.82,56.0,65.6,33.8
2026-03-03,Tue,Mar,25,12:00,12:15,8,2,2,1,1,1,1,21.2,17.4,15.1,3.73,2.94,1.99,63.5,67.4,38.1
2026-03-03,Tue,Mar,26,12:15,12:30,8,2,2,1,1,1,1,22.0,20.2,14.8,3.46,3.14,2.2,63.0,64.9,37.2
2026-03-03,Tue,Mar,27,12:30,12:45,7,2,1,1,1,1,1,19.9,16.6,12.8,3.43,2.99,1.59,55.8,68.4,38.7
2026-03-03,Tue,Mar,28,12:45,13:00,8,2,2,1,1,1,1,21.3,18.1,12.0,3.21,2.96,2.32,63.2,63.3,41.5
2026-03-03,Tue,Mar,29,13:00,13:15,6,1,1,1,1,1,1,17.1,14.0,11.7,3.19,3.02,1.73,60.1,63.8,38.3
2026-03-03,Tue,Mar,30,13:15,13:30,7,2,1,1,1,1,1,18.8,15.4,13.9,3.31,2.81,2.14,56.9,61.0,38.4
2026-03-03,Tue,Mar,31,13:30,13:45,8,2,2,1,1,1,1,19.1,17.4,14.4,3.25,2.85,2.25,57.1,68.1,34.0
2026-03-03,Tue,Mar,32,13:45,14:00,7,2,1,1,1,1,1,20.2,16.9,14.0,3.79,2.47,2.03,54.9,71.4,37.0
2026-03-03,Tue,Mar,33,14:00,14:15,7,2,1,1,1,1,1,19.6,17.5,13.7,3.09,2.86,1.75,56.8,61.2,34.3
2026-03-03,Tue,Mar,34,14:15,14:30,8,2,2,1,1,1,1,18.5,18.5,13.9,3.18,3.32,2.13,63.6,68.3,37.9
2026-03-03,Tue,Mar,35,14:30,14:45,7,2,1,1,1,1,1,17.6,16.3,13.5,3.38,2.95,2.08,57.3,63.9,38.3
2026-03-03,Tue,Mar,36,14:45,15:00,11,2,2,2,2,2,1,26.9,20.6,17.0,3.51,3.84,2.44,59.2,71.7,39.3
2026-03-03,Tue,Mar,37,15:00,15:15,11,2,2,2,2,2,1,21.4,21.4,16.5,3.87,3.25,2.48,56.8,67.4,38.3
2026-03-03,Tue,Mar,38,15:15,15:30,12,3,2,2,2,2,1,21.2,21.8,16.1,4.08,3.8,2.44,62.1,65.8,39.4
2026-03-03,Tue,Mar,39,15:30,15:45,14,3,3,3,2,2,1,27.8,21.7,18.3,4.62,3.76,2.75,67.0,65.8,38.9
2026-03-03,Tue,Mar,40,15:45,16:00,12,3,2,2,2,2,1,25.5,21.3,16.7,4.21,4.36,2.69,64.5,74.2,41.4
2026-03-03,Tue,Mar,41,16:00,16:15,15,3,3,3,2,2,2,26.5,23.8,18.8,4.57,4.29,2.95,65.5,74.1,42.5
2026-03-03,Tue,Mar,42,16:15,16:30,11,2,2,2,2,2,1,24.1,18.3,17.1,4.25,3.22,2.99,62.8,73.0,38.5
2026-03-03,Tue,Mar,43,16:30,16:45,12,3,2,2,2,2,1,26.8,21.4,16.3,4.09,4.46,2.3,63.3,70.3,42.5
2026-03-03,Tue,Mar,44,16:45,17:00,11,2,2,2,2,2,1,24.8,17.4,14.0,3.8,3.5,2.23,56.5,68.2,38.4
2026-03-03,Tue,Mar,45,17:00,17:15,9,2,2,2,1,1,1,21.5,19.0,13.6,3.13,3.14,2.3,57.0,71.4,41.5
2026-03-03,Tue,Mar,46,17:15,17:30,8,2,2,1,1,1,1,23.4,17.9,13.0,3.23,3.27,2.05,62.8,65.7,36.3
2026-03-03,Tue,Mar,47,17:30,17:45,6,1,1,1,1,1,1,16.4,16.5,12.4,2.71,2.75,2.06,56.8,61.4,38.8
2026-03-03,Tue,Mar,48,17:45,18:00,6,1,1,1,1,1,1,19.0,16.7,13.0,3.47,2.66,1.85,56.3,63.6,37.5
2026-03-04,Wed,Mar,1,06:00,06:15,4,1,1,1,1,0,0,17.3,12.8,12.3,2.49,1.84,1.31,71.6,55.3,31.4
2026-03-04,Wed,Mar,2,06:15,06:30,7,2,1,1,1,1,1,20.6,14.8,14.7,3.64,2.13,1.71,72.1,58.7,32.7
2026-03-04,Wed,Mar,3,06:30,06:45,6,1,1,1,1,1,1,19.9,14.4,12.6,2.6,1.84,1.67,69.2,54.7,35.1
2026-03-04,Wed,Mar,4,06:45,07:00,7,2,1,1,1,1,1,21.4,14.7,12.1,2.74,2.05,1.73,65.1,53.6,34.7
2026-03-04,Wed,Mar,5,07:00,07:15,11,2,2,2,2,2,1,23.7,18.6,17.3,4.61,2.98,2.0,76.2,64.2,34.4
2026-03-04,Wed,Mar,6,07:15,07:30,11,2,2,2,2,2,1,26.4,17.9,14.0,3.09,2.54,2.35,72.5,61.0,36.7
2026-03-04,Wed,Mar,7,07:30,07:45,13,3,3,2,2,2,1,28.4,19.3,19.3,3.91,3.13,2.19,78.1,65.4,37.4
2026-03-04,Wed,Mar,8,07:45,08:00,13,3,3,2,2,2,1,29.5,18.3,17.9,3.97,2.57,2.3,78.5,63.0,38.6
2026-03-04,Wed,Mar,9,08:00,08:15,13,3,3,2,2,2,1,27.9,19.3,19.3,4.2,3.09,2.22,77.6,63.1,35.8
2026-03-04,Wed,Mar,10,08:15,08:30,15,3,3,3,2,2,2,32.2,19.6,19.5,4.74,3.2,2.49,78.7,65.7,39.0
2026-03-04,Wed,Mar,11,08:30,08:45,14,3,3,3,2,2,1,30.0,20.4,20.7,4.42,3.27,2.42,74.7,61.2,36.6
2026-03-04,Wed,Mar,12,08:45,09:00,14,3,3,3,2,2,1,31.0,21.1,19.6,4.06,3.04,2.4,77.7,64.4,37.1
2026-03-04,Wed,Mar,13,09:00,09:15,11,2,2,2,2,2,1,28.4,19.1,19.2,3.35,2.45,2.24,69.6,58.4,35.2
2026-03-04,Wed,Mar,14,09:15,09:30,9,2,2,2,1,1,1,22.7,14.6,14.5,3.63,2.32,2.11,77.1,55.6,32.6
2026-03-04,Wed,Mar,15,09:30,09:45,8,2,2,1,1,1,1,21.7,14.9,15.3,3.02,2.07,1.7,64.9,57.5,34.8
2026-03-04,Wed,Mar,16,09:45,10:00,6,1,1,1,1,1,1,19.7,13.3,12.6,2.65,2.05,1.68,68.2,56.0,33.2
2026-03-04,Wed,Mar,17,10:00,10:15,6,1,1,1,1,1,1,22.3,14.9,11.8,2.49,2.25,1.53,72.3,55.0,31.5
2026-03-04,Wed,Mar,18,10:15,10:30,5,1,1,1,1,1,0,19.4,13.8,13.1,2.79,2.08,1.35,67.0,55.3,33.2
2026-03-04,Wed,Mar,19,10:30,10:45,6,1,1,1,1,1,1,19.5,13.0,13.8,2.92,2.02,1.75,64.8,59.7,34.4
2026-03-04,Wed,Mar,20,10:45,11:00,6,1,1,1,1,1,1,21.3,15.1,13.8,2.76,2.07,1.54,68.0,57.1,32.1
2026-03-04,Wed,Mar,21,11:00,11:15,6,1,1,1,1,1,1,20.2,13.3,14.2,2.63,1.96,1.8,71.9,59.5,33.0
2026-03-04,Wed,Mar,22,11:15,11:30,7,2,1,1,1,1,1,20.4,15.6,13.7,2.97,2.18,1.65,66.5,57.9,30.8
2026-03-04,Wed,Mar,23,11:30,11:45,5,1,1,1,1,1,0,17.6,11.3,10.5,3.05,2.12,1.4,66.4,52.6,34.2
2026-03-04,Wed,Mar,24,11:45,12:00,9,2,2,2,1,1,1,22.1,15.7,14.3,3.49,2.44,2.06,69.6,62.0,35.0
2026-03-04,Wed,Mar,25,12:00,12:15,8,2,2,1,1,1,1,23.6,15.8,13.9,3.23,1.99,1.73,69.4,56.5,35.2
2026-03-04,Wed,Mar,26,12:15,12:30,8,2,2,1,1,1,1,21.6,15.9,15.2,3.42,1.92,1.86,71.2,59.2,36.6
2026-03-04,Wed,Mar,27,12:30,12:45,9,2,2,2,1,1,1,24.2,16.6,14.6,3.63,2.3,1.65,75.8,57.0,37.8
2026-03-04,Wed,Mar,28,12:45,13:00,7,2,1,1,1,1,1,20.4,14.9,13.8,2.72,1.87,1.74,69.8,54.9,37.5
2026-03-04,Wed,Mar,29,13:00,13:15,8,2,2,1,1,1,1,24.4,16.6,14.9,2.84,2.34,1.67,75.3,62.2,34.1
2026-03-04,Wed,Mar,30,13:15,13:30,8,2,2,1,1,1,1,24.2,16.0,13.7,3.03,2.16,1.79,62.7,58.9,33.6
2026-03-04,Wed,Mar,31,13:30,13:45,8,2,2,1,1,1,1,22.5,15.8,15.0,3.24,2.31,1.76,65.3,57.3,33.3
2026-03-04,Wed,Mar,32,13:45,14:00,8,2,2,1,1,1,1,23.3,16.7,13.9,3.4,2.65,1.84,64.3,57.8,32.7
2026-03-04,Wed,Mar,33,14:00,14:15,8,2,2,1,1,1,1,25.8,15.1,13.6,3.43,2.06,1.77,68.3,60.3,33.7
2026-03-04,Wed,Mar,34,14:15,14:30,8,2,2,1,1,1,1,21.9,15.3,14.1,2.54,2.02,1.76,73.6,53.5,33.7
2026-03-04,Wed,Mar,35,14:30,14:45,9,2,2,2,1,1,1,23.4,17.6,14.9,3.36,2.37,1.72,76.7,60.8,36.6
2026-03-04,Wed,Mar,36,14:45,15:00,9,2,2,2,1,1,1,22.1,16.0,16.6,3.36,2.6,1.52,65.8,64.1,32.1
2026-03-04,Wed,Mar,37,15:00,15:15,11,2,2,2,2,2,1,26.8,19.1,17.7,4.25,2.73,1.93,71.6,60.2,35.2
2026-03-04,Wed,Mar,38,15:15,15:30,12,3,2,2,2,2,1,26.1,20.9,19.1,3.96,2.74,2.44,71.1,58.1,37.3
2026-03-04,Wed,Mar,39,15:30,15:45,12,3,2,2,2,2,1,28.5,18.3,16.0,3.42,2.8,2.07,73.5,65.1,37.3
2026-03-04,Wed,Mar,40,15:45,16:00,15,3,3,3,2,2,2,29.2,17.8,19.2,4.67,2.94,2.53,84.8,64.4,36.3
2026-03-04,Wed,Mar,41,16:00,16:15,14,3,3,3,2,2,1,28.5,22.4,22.9,4.74,3.39,2.62,78.8,59.9,39.5
2026-03-04,Wed,Mar,42,16:15,16:30,11,2,2,2,2,2,1,24.1,17.6,17.2,4.38,2.81,2.02,70.7,63.0,39.7
2026-03-04,Wed,Mar,43,16:30,16:45,13,3,3,2,2,2,1,29.7,20.3,20.0,4.25,2.71,2.63,82.4,62.3,41.7
2026-03-04,Wed,Mar,44,16:45,17:00,11,2,2,2,2,2,1,25.6,18.8,16.6,3.84,2.69,2.04,74.3,61.9,36.2
2026-03-04,Wed,Mar,45,17:00,17:15,10,2,2,2,2,1,1,25.8,19.9,17.0,3.09,2.45,2.07,77.7,56.0,33.4
2026-03-04,Wed,Mar,46,17:15,17:30,9,2,2,2,1,1,1,22.9,15.3,15.3,3.31,2.17,1.68,71.8,57.4,32.5
2026-03-04,Wed,Mar,47,17:30,17:45,7,2,1,1,1,1,1,22.7,14.1,13.7,3.31,2.23,1.59,69.6,57.7,31.6
2026-03-04,Wed,Mar,48,17:45,18:00,7,2,1,1,1,1,1,21.3,14.3,13.9,2.55,2.26,1.65,68.4,55.9,33.1
2026-03-05,Thu,Mar,1,06:00,06:15,5,1,1,1,1,1,0,20.5,17.2,11.0,2.88,2.48,1.71,59.2,55.1,35.9
2026-03-05,Thu,Mar,2,06:15,06:30,5,1,1,1,1,1,0,20.2,15.4,9.4,3.08,3.01,1.69,54.8,57.0,34.8
2026-03-05,Thu,Mar,3,06:30,06:45,6,1,1,1,1,1,1,20.1,15.9,11.2,3.16,2.76,1.79,54.9,61.0,36.6
2026-03-05,Thu,Mar,4,06:45,07:00,7,2,1,1,1,1,1,20.3,20.0,11.0,3.52,3.11,1.62,64.9,61.8,38.8
2026-03-05,Thu,Mar,5,07:00,07:15,9,2,2,2,1,1,1,25.2,21.1,12.0,3.93,3.88,1.92,62.7,58.0,39.0
2026-03-05,Thu,Mar,6,07:15,07:30,11,2,2,2,2,2,1,25.6,21.3,13.5,4.25,3.87,2.2,63.8,63.3,40.6
2026-03-05,Thu,Mar,7,07:30,07:45,13,3,3,2,2,2,1,29.0,26.0,16.8,4.44,3.81,2.32,68.2,64.2,39.4
2026-03-05,Thu,Mar,8,07:45,08:00,13,3,3,2,2,2,1,26.1,28.8,15.9,4.68,4.68,2.6,62.7,69.5,40.1
2026-03-05,Thu,Mar,9,08:00,08:15,15,3,3,3,2,2,2,29.2,27.9,15.6,4.36,4.11,2.73,71.2,63.4,38.8
2026-03-05,Thu,Mar,10,08:15,08:30,15,3,3,3,2,2,2,28.5,29.3,16.9,4.93,4.96,2.9,69.3,64.4,42.3
2026-03-05,Thu,Mar,11,08:30,08:45,14,3,3,3,2,2,1,28.8,25.7,16.8,4.72,4.36,2.72,74.2,70.3,41.6
2026-03-05,Thu,Mar,12,08:45,09:00,11,2,2,2,2,2,1,25.9,22.3,14.3,4.65,3.52,2.07,68.9,65.5,37.5
2026-03-05,Thu,Mar,13,09:00,09:15,10,2,2,2,2,1,1,25.0,22.2,12.5,4.1,3.64,2.34,68.4,63.2,38.4
2026-03-05,Thu,Mar,14,09:15,09:30,8,2,2,1,1,1,1,23.0,18.9,11.1,2.99,3.62,2.08,66.4,56.5,36.8
2026-03-05,Thu,Mar,15,09:30,09:45,8,2,2,1,1,1,1,20.2,20.8,12.8,3.03,3.08,1.82,64.4,64.5,36.1
2026-03-05,Thu,Mar,16,09:45,10:00,6,1,1,1,1,1,1,23.3,20.1,11.4,3.92,2.92,1.74,56.7,54.1,35.0
2026-03-05,Thu,Mar,17,10:00,10:15,5,1,1,1,1,1,0,20.6,16.3,8.8,2.94,2.72,1.96,55.3,55.6,34.3
2026-03-05,Thu,Mar,18,10:15,10:30,5,1,1,1,1,1,0,19.5,19.4,10.6,2.92,2.97,1.62,61.1,59.3,36.8
2026-03-05,Thu,Mar,19,10:30,10:45,5,1,1,1,1,1,0,17.9,17.2,9.6,3.31,2.65,1.55,66.4,57.5,32.7
2026-03-05,Thu,Mar,20,10:45,11:00,6,1,1,1,1,1,1,20.8,17.2,11.5,3.22,2.96,1.86,63.3,57.7,39.0
2026-03-05,Thu,Mar,21,11:00,11:15,6,1,1,1,1,1,1,21.9,18.5,12.3,2.81,3.06,1.92,59.0,56.3,37.4
2026-03-05,Thu,Mar,22,11:15,11:30,6,1,1,1,1,1,1,20.3,19.0,10.4,3.73,2.86,1.31,56.6,56.6,35.1
2026-03-05,Thu,Mar,23,11:30,11:45,6,1,1,1,1,1,1,19.4,18.8,10.8,3.06,3.0,1.53,57.6,60.4,35.3
2026-03-05,Thu,Mar,24,11:45,12:00,7,2,1,1,1,1,1,21.3,16.1,13.4,3.66,3.2,1.69,62.7,61.7,37.3
2026-03-05,Thu,Mar,25,12:00,12:15,7,2,1,1,1,1,1,21.6,18.5,11.9,3.6,2.29,1.63,62.6,63.2,37.8
2026-03-05,Thu,Mar,26,12:15,12:30,8,2,2,1,1,1,1,22.0,18.9,12.5,4.11,3.62,1.56,64.0,63.7,37.7
2026-03-05,Thu,Mar,27,12:30,12:45,7,2,1,1,1,1,1,20.7,19.7,11.2,3.33,3.13,1.65,58.1,58.1,39.2
2026-03-05,Thu,Mar,28,12:45,13:00,9,2,2,2,1,1,1,22.4,19.9,12.2,4.05,3.47,2.08,67.4,59.5,39.0
2026-03-05,Thu,Mar,29,13:00,13:15,7,2,1,1,1,1,1,23.5,18.5,10.7,3.81,3.46,1.57,62.8,56.3,34.8
2026-03-05,Thu,Mar,30,13:15,13:30,8,2,2,1,1,1,1,21.9,20.6,12.4,4.01,2.72,1.79,66.4,55.2,39.6
2026-03-05,Thu,Mar,31,13:30,13:45,7,2,1,1,1,1,1,20.0,17.8,12.5,3.13,3.04,1.79,59.5,55.5,36.1
2026-03-05,Thu,Mar,32,13:45,14:00,7,2,1,1,1,1,1,21.7,19.8,10.9,3.3,3.07,1.73,59.4,59.0,36.5
2026-03-05,Thu,Mar,33,14:00,14:15,6,1,1,1,1,1,1,20.7,18.3,11.8,3.03,2.95,1.59,60.4,59.3,33.8
2026-03-05,Thu,Mar,34,14:15,14:30,7,2,1,1,1,1,1,22.7,18.0,12.4,3.78,3.1,1.81,58.9,60.6,38.1
2026-03-05,Thu,Mar,35,14:30,14:45,8,2,2,1,1,1,1,20.5,17.1,10.8,3.72,2.73,1.92,61.3,57.7,36.0
2026-03-05,Thu,Mar,36,14:45,15:00,8,2,2,1,1,1,1,23.4,16.7,11.0,3.53,2.91,1.76,63.0,58.0,38.6
2026-03-05,Thu,Mar,37,15:00,15:15,10,2,2,2,2,1,1,25.9,21.4,11.7,3.97,3.39,2.24,63.5,61.9,39.0
2026-03-05,Thu,Mar,38,15:15,15:30,11,2,2,2,2,2,1,27.8,23.3,12.7,4.56,3.67,1.93,64.5,60.5,36.1
2026-03-05,Thu,Mar,39,15:30,15:45,13,3,3,2,2,2,1,28.0,23.8,15.7,4.22,3.62,2.45,65.0,68.0,42.4
2026-03-05,Thu,Mar,40,15:45,16:00,14,3,3,3,2,2,1,30.0,22.5,14.9,6.3,3.96,3.1,71.9,62.3,43.5
2026-03-05,Thu,Mar,41,16:00,16:15,14,3,3,3,2,2,1,25.8,26.9,16.2,5.16,5.44,2.5,73.7,60.5,37.2
2026-03-05,Thu,Mar,42,16:15,16:30,12,3,2,2,2,2,1,26.6,25.2,14.9,3.88,3.64,2.46,68.6,62.9,39.8
2026-03-05,Thu,Mar,43,16:30,16:45,15,3,3,3,2,2,2,31.8,30.3,16.2,5.01,5.05,2.84,69.2,66.1,39.9
2026-03-05,Thu,Mar,44,16:45,17:00,11,2,2,2,2,2,1,24.8,24.1,13.4,3.78,4.06,2.12,62.5,63.4,41.7
2026-03-05,Thu,Mar,45,17:00,17:15,11,2,2,2,2,2,1,24.7,24.4,13.4,4.09,4.64,2.53,66.4,58.4,36.8
2026-03-05,Thu,Mar,46,17:15,17:30,10,2,2,2,2,1,1,26.5,20.1,13.4,3.63,3.66,1.99,65.7,61.7,39.4
2026-03-05,Thu,Mar,47,17:30,17:45,6,1,1,1,1,1,1,17.1,17.6,11.0,3.22,3.19,1.71,58.5,56.4,37.3
2026-03-05,Thu,Mar,48,17:45,18:00,6,1,1,1,1,1,1,20.5,19.9,11.2,3.38,2.59,1.54,61.7,58.5,34.2
2026-03-06,Fri,Mar,1,06:00,06:15,5,1,1,1,1,1,0,17.9,22.6,11.1,3.1,2.41,1.25,59.1,51.3,33.7
2026-03-06,Fri,Mar,2,06:15,06:30,6,1,1,1,1,1,1,20.8,22.4,9.8,3.31,3.08,1.54,62.7,56.9,37.4
2026-03-06,Fri,Mar,3,06:30,06:45,7,2,1,1,1,1,1,21.1,21.8,11.6,3.51,3.16,1.59,60.2,57.6,40.8
2026-03-06,Fri,Mar,4,06:45,07:00,8,2,2,1,1,1,1,20.2,22.1,10.6,4.2,3.53,1.77,58.7,63.5,36.7
2026-03-06,Fri,Mar,5,07:00,07:15,10,2,2,2,2,1,1,26.1,28.4,13.0,4.27,4.41,1.85,62.2,55.4,40.8
2026-03-06,Fri,Mar,6,07:15,07:30,10,2,2,2,2,1,1,23.3,27.3,12.2,3.82,4.0,2.17,70.9,60.8,40.1
2026-03-06,Fri,Mar,7,07:30,07:45,15,3,3,3,2,2,2,28.7,34.7,16.2,5.27,4.8,2.36,73.3,65.4,44.0
2026-03-06,Fri,Mar,8,07:45,08:00,15,3,3,3,2,2,2,26.2,29.7,15.4,4.4,5.05,2.5,67.7,64.6,41.3
2026-03-06,Fri,Mar,9,08:00,08:15,14,3,3,3,2,2,1,29.8,33.6,13.9,4.3,4.67,2.58,63.7,67.3,39.7
2026-03-06,Fri,Mar,10,08:15,08:30,15,3,3,3,2,2,2,34.9,34.8,16.5,4.77,5.13,2.54,70.6,62.3,37.0
2026-03-06,Fri,Mar,11,08:30,08:45,13,3,3,2,2,2,1,26.8,28.4,14.5,3.71,4.26,2.12,64.9,66.3,41.2
2026-03-06,Fri,Mar,12,08:45,09:00,11,2,2,2,2,2,1,22.1,27.7,12.4,5.0,4.35,2.25,63.7,60.4,39.0
2026-03-06,Fri,Mar,13,09:00,09:15,10,2,2,2,2,1,1,24.0,24.2,12.7,4.16,4.02,1.86,62.8,60.2,37.8
2026-03-06,Fri,Mar,14,09:15,09:30,9,2,2,2,1,1,1,23.1,24.5,11.4,3.66,3.24,1.55,65.3,60.9,42.7
2026-03-06,Fri,Mar,15,09:30,09:45,8,2,2,1,1,1,1,21.4,23.1,10.6,3.96,3.22,1.86,62.7,58.5,37.3
2026-03-06,Fri,Mar,16,09:45,10:00,5,1,1,1,1,1,0,18.1,21.1,8.5,2.62,2.83,1.38,61.6,60.2,35.2
2026-03-06,Fri,Mar,17,10:00,10:15,6,1,1,1,1,1,1,19.0,21.2,9.5,3.5,3.06,1.57,57.3,55.1,36.9
2026-03-06,Fri,Mar,18,10:15,10:30,5,1,1,1,1,1,0,20.0,20.0,8.2,3.0,3.29,1.27,62.1,56.7,36.2
2026-03-06,Fri,Mar,19,10:30,10:45,5,1,1,1,1,1,0,18.3,21.2,9.6,2.93,3.21,1.4,61.3,58.2,36.0
2026-03-06,Fri,Mar,20,10:45,11:00,5,1,1,1,1,1,0,18.8,21.7,8.9,2.9,3.57,1.41,60.3,58.6,37.4
2026-03-06,Fri,Mar,21,11:00,11:15,5,1,1,1,1,1,0,20.3,21.9,9.3,3.03,3.5,1.41,66.8,59.6,36.4
2026-03-06,Fri,Mar,22,11:15,11:30,6,1,1,1,1,1,1,17.3,21.3,10.0,3.27,2.93,1.27,59.0,58.8,37.5
2026-03-06,Fri,Mar,23,11:30,11:45,6,1,1,1,1,1,1,17.8,21.7,10.5,3.07,3.31,1.78,58.1,63.5,35.8
2026-03-06,Fri,Mar,24,11:45,12:00,7,2,1,1,1,1,1,22.5,20.8,11.3,3.49,3.28,1.55,57.4,57.0,36.9
2026-03-06,Fri,Mar,25,12:00,12:15,9,2,2,2,1,1,1,21.8,22.6,12.0,3.88,4.25,1.88,66.5,60.8,37.3
2026-03-06,Fri,Mar,26,12:15,12:30,8,2,2,1,1,1,1,21.8,23.7,10.7,3.51,3.88,1.66,68.8,64.5,33.6
2026-03-06,Fri,Mar,27,12:30,12:45,8,2,2,1,1,1,1,22.6,21.7,10.4,4.0,3.01,1.49,61.8,66.3,34.1
2026-03-06,Fri,Mar,28,12:45,13:00,8,2,2,1,1,1,1,19.9,24.7,10.4,3.63,3.92,1.51,61.9,55.9,39.6
2026-03-06,Fri,Mar,29,13:00,13:15,7,2,1,1,1,1,1,19.5,22.5,12.5,2.95,3.56,1.26,62.1,63.1,39.0
2026-03-06,Fri,Mar,30,13:15,13:30,7,2,1,1,1,1,1,24.1,21.6,11.7,3.21,3.44,1.52,65.0,62.6,35.5
2026-03-06,Fri,Mar,31,13:30,13:45,8,2,2,1,1,1,1,23.7,21.9,12.2,3.05,3.88,1.67,65.1,64.8,41.2
2026-03-06,Fri,Mar,32,13:45,14:00,7,2,1,1,1,1,1,22.4,22.2,11.4,2.96,3.27,1.74,63.2,54.3,36.6
2026-03-06,Fri,Mar,33,14:00,14:15,7,2,1,1,1,1,1,21.2,22.7,10.5,3.55,3.78,1.57,62.4,56.4,37.9
2026-03-06,Fri,Mar,34,14:15,14:30,7,2,1,1,1,1,1,20.3,22.0,11.7,2.74,3.34,1.59,55.2,61.9,35.3
2026-03-06,Fri,Mar,35,14:30,14:45,9,2,2,2,1,1,1,23.9,24.6,11.1,3.3,3.62,1.88,68.1,65.9,39.1
2026-03-06,Fri,Mar,36,14:45,15:00,8,2,2,1,1,1,1,20.8,28.3,11.7,3.74,3.07,1.77,63.5,61.7,39.2
2026-03-06,Fri,Mar,37,15:00,15:15,11,2,2,2,2,2,1,27.6,26.8,12.4,3.98,4.19,2.22,71.2,64.6,41.3
2026-03-06,Fri,Mar,38,15:15,15:30,13,3,3,2,2,2,1,26.8,31.1,14.3,5.09,4.39,2.14,75.8,65.3,41.1
2026-03-06,Fri,Mar,39,15:30,15:45,11,2,2,2,2,2,1,27.3,28.4,13.8,3.83,4.34,1.87,67.7,62.0,42.2
2026-03-06,Fri,Mar,40,15:45,16:00,16,3,3,3,3,2,2,30.0,28.6,16.6,4.75,5.6,2.76,68.8,74.1,43.5
2026-03-06,Fri,Mar,41,16:00,16:15,14,3,3,3,2,2,1,31.4,31.0,13.9,5.54,4.83,2.23,67.3,60.8,42.0
2026-03-06,Fri,Mar,42,16:15,16:30,14,3,3,3,2,2,1,29.5,27.2,15.7,5.0,4.75,2.22,76.8,63.8,41.3
2026-03-06,Fri,Mar,43,16:30,16:45,12,3,2,2,2,2,1,25.7,30.6,15.1,4.21,3.87,1.93,65.5,66.2,38.1
2026-03-06,Fri,Mar,44,16:45,17:00,11,2,2,2,2,2,1,23.6,30.1,13.8,3.47,3.84,1.93,69.0,60.9,40.8
2026-03-06,Fri,Mar,45,17:00,17:15,9,2,2,2,1,1,1,21.3,26.0,11.1,4.01,3.43,1.9,67.3,60.0,38.0
2026-03-06,Fri,Mar,46,17:15,17:30,8,2,2,1,1,1,1,22.3,24.7,12.1,3.57,3.65,1.7,62.8,56.9,39.3
2026-03-06,Fri,Mar,47,17:30,17:45,6,1,1,1,1,1,1,17.6,18.9,9.6,3.02,3.72,1.32,61.1,54.4,36.1
2026-03-06,Fri,Mar,48,17:45,18:00,5,1,1,1,1,1,0,20.2,21.8,9.0,2.82,3.05,1.34,57.1,56.9,37.9
2026-03-09,Mon,Mar,1,06:00,06:15,5,1,1,1,1,1,0,17.1,13.8,10.2,1.73,2.75,1.73,55.4,56.4,38.6
2026-03-09,Mon,Mar,2,06:15,06:30,5,1,1,1,1,1,0,15.8,13.2,10.5,1.52,2.65,1.68,58.3,56.4,32.9
2026-03-09,Mon,Mar,3,06:30,06:45,7,2,1,1,1,1,1,20.3,14.9,14.8,2.23,2.98,1.81,57.5,60.2,36.0
2026-03-09,Mon,Mar,4,06:45,07:00,9,2,2,2,1,1,1,22.4,17.1,13.5,2.04,3.62,2.08,58.9,59.4,37.3
2026-03-09,Mon,Mar,5,07:00,07:15,9,2,2,2,1,1,1,22.0,15.1,14.6,2.47,3.35,2.45,59.6,67.0,42.8
2026-03-09,Mon,Mar,6,07:15,07:30,10,2,2,2,2,1,1,22.5,20.7,14.9,2.56,3.73,2.6,59.3,65.9,44.9
2026-03-09,Mon,Mar,7,07:30,07:45,12,3,2,2,2,2,1,24.0,22.4,16.9,3.21,4.36,2.66,64.5,60.7,44.0
2026-03-09,Mon,Mar,8,07:45,08:00,16,3,3,3,3,2,2,30.6,23.8,19.4,3.98,4.09,3.41,62.2,64.7,45.5
2026-03-09,Mon,Mar,9,08:00,08:15,14,3,3,3,2,2,1,28.7,24.0,15.1,2.8,4.3,3.2,66.7,64.8,45.5
2026-03-09,Mon,Mar,10,08:15,08:30,14,3,3,3,2,2,1,23.1,23.6,18.4,3.47,4.5,3.02,65.7,71.8,48.0
2026-03-09,Mon,Mar,11,08:30,08:45,13,3,3,2,2,2,1,24.1,21.0,18.9,2.41,4.25,2.46,65.7,67.0,46.3
2026-03-09,Mon,Mar,12,08:45,09:00,11,2,2,2,2,2,1,23.6,19.3,13.1,2.38,3.51,2.79,60.7,60.9,43.2
2026-03-09,Mon,Mar,13,09:00,09:15,9,2,2,2,1,1,1,21.5,17.6,14.1,2.3,3.11,2.19,62.0,61.2,45.0
2026-03-09,Mon,Mar,14,09:15,09:30,7,2,1,1,1,1,1,18.3,16.7,15.9,2.25,3.42,2.17,59.0,62.4,35.8
2026-03-09,Mon,Mar,15,09:30,09:45,7,2,1,1,1,1,1,19.2,16.6,12.5,2.08,3.26,1.94,51.5,60.5,39.7
2026-03-09,Mon,Mar,16,09:45,10:00,6,1,1,1,1,1,1,17.6,15.7,11.4,2.01,2.76,1.83,54.8,53.7,40.5
2026-03-09,Mon,Mar,17,10:00,10:15,5,1,1,1,1,1,0,16.9,14.6,11.6,1.7,2.29,1.9,57.0,54.1,38.5
2026-03-09,Mon,Mar,18,10:15,10:30,5,1,1,1,1,1,0,18.8,13.1,11.1,1.74,2.85,1.63,56.0,57.7,38.4
2026-03-09,Mon,Mar,19,10:30,10:45,6,1,1,1,1,1,1,19.4,17.4,12.8,1.76,3.15,1.87,64.7,57.7,39.9
2026-03-09,Mon,Mar,20,10:45,11:00,5,1,1,1,1,1,0,16.2,14.1,11.8,1.7,2.43,1.44,57.6,62.1,37.2
2026-03-09,Mon,Mar,21,11:00,11:15,7,2,1,1,1,1,1,19.7,15.8,13.7,2.28,3.3,2.18,60.6,62.6,40.0
2026-03-09,Mon,Mar,22,11:15,11:30,6,1,1,1,1,1,1,18.0,15.9,11.6,2.13,2.47,2.07,63.7,58.5,41.2
2026-03-09,Mon,Mar,23,11:30,11:45,7,2,1,1,1,1,1,16.9,16.9,12.2,1.46,2.93,1.88,59.2,62.7,37.4
2026-03-09,Mon,Mar,24,11:45,12:00,6,1,1,1,1,1,1,17.6,15.9,12.9,1.95,3.21,1.76,57.2,60.8,37.5
2026-03-09,Mon,Mar,25,12:00,12:15,8,2,2,1,1,1,1,19.6,17.9,14.7,2.04,3.21,1.97,61.9,60.6,41.9
2026-03-09,Mon,Mar,26,12:15,12:30,7,2,1,1,1,1,1,20.5,16.9,12.3,2.06,3.09,2.09,54.1,63.6,40.5
2026-03-09,Mon,Mar,27,12:30,12:45,8,2,2,1,1,1,1,20.4,17.0,13.9,2.11,3.44,2.01,60.2,61.9,41.1
2026-03-09,Mon,Mar,28,12:45,13:00,7,2,1,1,1,1,1,18.6,17.1,13.1,2.06,3.23,1.94,59.6,61.6,38.8
2026-03-09,Mon,Mar,29,13:00,13:15,8,2,2,1,1,1,1,22.2,15.5,14.5,2.32,3.06,2.2,57.1,58.0,38.5
2026-03-09,Mon,Mar,30,13:15,13:30,7,2,1,1,1,1,1,20.7,15.7,12.3,1.56,3.0,1.9,58.4,62.0,41.1
2026-03-09,Mon,Mar,31,13:30,13:45,6,1,1,1,1,1,1,20.8,16.0,12.7,2.02,2.36,1.85,57.4,59.7,39.6
2026-03-09,Mon,Mar,32,13:45,14:00,7,2,1,1,1,1,1,19.5,15.4,13.9,2.24,3.05,2.0,63.0,62.8,39.0
2026-03-09,Mon,Mar,33,14:00,14:15,6,1,1,1,1,1,1,18.3,13.8,11.8,1.88,3.02,1.81,58.3,59.4,38.4
2026-03-09,Mon,Mar,34,14:15,14:30,8,2,2,1,1,1,1,21.0,19.7,14.2,1.96,2.97,2.22,59.3,65.5,39.6
2026-03-09,Mon,Mar,35,14:30,14:45,8,2,2,1,1,1,1,19.2,18.1,13.7,2.08,3.12,2.44,59.4,62.2,40.2
2026-03-09,Mon,Mar,36,14:45,15:00,10,2,2,2,2,1,1,20.6,17.9,14.0,2.5,3.45,2.29,60.4,62.1,44.6
2026-03-09,Mon,Mar,37,15:00,15:15,10,2,2,2,2,1,1,23.3,16.1,15.6,2.02,3.86,2.51,65.8,61.2,41.1
2026-03-09,Mon,Mar,38,15:15,15:30,12,3,2,2,2,2,1,24.5,22.0,16.3,2.79,4.15,2.67,62.5,66.1,43.0
2026-03-09,Mon,Mar,39,15:30,15:45,12,3,2,2,2,2,1,24.7,22.3,17.4,2.75,3.34,2.82,70.3,67.4,41.7
2026-03-09,Mon,Mar,40,15:45,16:00,12,3,2,2,2,2,1,26.0,18.8,16.9,2.51,3.54,2.33,64.8,67.6,46.4
2026-03-09,Mon,Mar,41,16:00,16:15,14,3,3,3,2,2,1,29.6,21.7,20.1,2.6,3.9,3.16,68.1,69.8,43.7
2026-03-09,Mon,Mar,42,16:15,16:30,11,2,2,2,2,2,1,24.6,18.3,15.1,2.75,4.1,2.71,61.4,63.2,45.2
2026-03-09,Mon,Mar,43,16:30,16:45,11,2,2,2,2,2,1,24.1,18.8,15.7,2.73,3.45,2.53,63.2,66.2,46.3
2026-03-09,Mon,Mar,44,16:45,17:00,11,2,2,2,2,2,1,23.4,20.3,13.7,2.52,3.78,2.79,66.1,61.8,40.8
2026-03-09,Mon,Mar,45,17:00,17:15,9,2,2,2,1,1,1,23.8,17.0,14.9,2.64,3.45,2.45,69.2,64.1,39.4
2026-03-09,Mon,Mar,46,17:15,17:30,8,2,2,1,1,1,1,21.7,17.9,12.8,2.19,3.11,2.07,57.1,63.0,41.5
2026-03-09,Mon,Mar,47,17:30,17:45,7,2,1,1,1,1,1,19.0,17.3,13.3,1.91,3.02,1.95,60.5,61.6,38.4
2026-03-09,Mon,Mar,48,17:45,18:00,5,1,1,1,1,1,0,17.1,13.9,12.0,1.61,2.42,1.58,53.1,55.5,40.9
2026-03-10,Tue,Mar,1,06:00,06:15,6,1,1,1,1,1,1,18.0,21.6,12.5,2.77,2.39,1.93,56.1,58.1,37.1
2026-03-10,Tue,Mar,2,06:15,06:30,5,1,1,1,1,1,0,15.3,18.4,10.5,2.31,2.0,1.88,57.5,59.1,38.1
2026-03-10,Tue,Mar,3,06:30,06:45,7,2,1,1,1,1,1,19.4,20.3,12.8,3.13,2.61,2.08,57.3,57.9,37.8
2026-03-10,Tue,Mar,4,06:45,07:00,9,2,2,2,1,1,1,21.5,23.0,12.5,3.04,3.05,2.31,61.9,63.1,38.1
2026-03-10,Tue,Mar,5,07:00,07:15,11,2,2,2,2,2,1,22.9,23.4,15.9,4.33,3.12,2.4,63.1,65.5,41.8
2026-03-10,Tue,Mar,6,07:15,07:30,10,2,2,2,2,1,1,23.8,25.1,12.7,2.94,3.0,2.23,64.1,62.7,40.5
2026-03-10,Tue,Mar,7,07:30,07:45,13,3,3,2,2,2,1,26.8,26.5,16.4,3.24,3.2,2.9,63.2,69.2,41.8
2026-03-10,Tue,Mar,8,07:45,08:00,15,3,3,3,2,2,2,30.9,30.8,18.9,3.79,3.65,2.41,69.2,65.3,43.7
2026-03-10,Tue,Mar,9,08:00,08:15,15,3,3,3,2,2,2,27.7,33.2,16.8,4.47,3.53,3.01,69.1,67.9,42.3
2026-03-10,Tue,Mar,10,08:15,08:30,17,4,3,3,3,2,2,27.8,27.4,16.2,4.18,4.12,3.21,69.9,68.7,42.6
2026-03-10,Tue,Mar,11,08:30,08:45,14,3,3,3,2,2,1,26.3,28.1,16.9,2.97,3.53,2.32,68.2,64.6,42.0
2026-03-10,Tue,Mar,12,08:45,09:00,13,3,3,2,2,2,1,30.2,24.3,15.9,3.98,3.02,2.37,65.8,62.3,40.1
2026-03-10,Tue,Mar,13,09:00,09:15,11,2,2,2,2,2,1,24.7,25.5,13.7,3.02,3.2,2.28,66.8,63.2,39.7
2026-03-10,Tue,Mar,14,09:15,09:30,9,2,2,2,1,1,1,22.6,22.9,14.1,2.77,3.03,2.0,57.0,62.0,39.7
2026-03-10,Tue,Mar,15,09:30,09:45,6,1,1,1,1,1,1,20.2,17.8,11.6,2.96,2.46,1.77,56.8,56.6,36.2
2026-03-10,Tue,Mar,16,09:45,10:00,6,1,1,1,1,1,1,18.6,19.9,11.8,2.67,2.28,1.4,56.4,57.4,35.1
2026-03-10,Tue,Mar,17,10:00,10:15,6,1,1,1,1,1,1,17.8,20.5,11.3,2.48,2.22,1.47,57.6,59.8,37.8
2026-03-10,Tue,Mar,18,10:15,10:30,6,1,1,1,1,1,1,17.1,18.5,11.7,2.61,2.35,1.55,53.6,58.8,35.5
2026-03-10,Tue,Mar,19,10:30,10:45,5,1,1,1,1,1,0,18.2,20.9,11.0,2.57,2.09,1.76,56.5,57.4,36.3
2026-03-10,Tue,Mar,20,10:45,11:00,7,2,1,1,1,1,1,21.2,21.9,12.6,2.91,2.44,2.02,61.0,58.4,37.5
2026-03-10,Tue,Mar,21,11:00,11:15,5,1,1,1,1,1,0,17.3,18.4,10.4,2.28,2.25,1.62,57.4,57.2,38.7
2026-03-10,Tue,Mar,22,11:15,11:30,7,2,1,1,1,1,1,19.0,18.6,13.9,2.33,2.45,2.15,58.4,60.3,35.2
2026-03-10,Tue,Mar,23,11:30,11:45,7,2,1,1,1,1,1,19.9,21.1,10.8,3.04,2.41,2.06,63.6,56.5,37.6
2026-03-10,Tue,Mar,24,11:45,12:00,8,2,2,1,1,1,1,22.1,20.5,13.9,2.66,2.49,2.06,66.6,63.5,38.1
2026-03-10,Tue,Mar,25,12:00,12:15,8,2,2,1,1,1,1,19.7,21.0,11.5,3.5,2.96,2.0,68.3,57.8,39.7
2026-03-10,Tue,Mar,26,12:15,12:30,8,2,2,1,1,1,1,19.3,19.0,11.5,2.8,2.54,2.05,64.4,55.2,40.6
2026-03-10,Tue,Mar,27,12:30,12:45,6,1,1,1,1,1,1,20.9,21.5,11.2,2.37,2.22,1.97,59.6,61.5,34.6
2026-03-10,Tue,Mar,28,12:45,13:00,8,2,2,1,1,1,1,19.8,22.5,14.1,2.67,2.31,2.16,63.2,61.4,38.2
2026-03-10,Tue,Mar,29,13:00,13:15,7,2,1,1,1,1,1,20.2,18.0,13.4,3.0,2.82,1.89,57.2,61.0,38.9
2026-03-10,Tue,Mar,30,13:15,13:30,9,2,2,2,1,1,1,21.2,22.6,12.5,2.95,3.12,1.91,61.7,57.2,38.6
2026-03-10,Tue,Mar,31,13:30,13:45,9,2,2,2,1,1,1,20.8,22.0,12.4,2.85,3.08,1.82,64.2,64.9,37.2
2026-03-10,Tue,Mar,32,13:45,14:00,8,2,2,1,1,1,1,22.6,20.8,13.8,2.92,2.87,1.9,58.0,66.5,34.8
2026-03-10,Tue,Mar,33,14:00,14:15,8,2,2,1,1,1,1,22.2,20.0,11.5,2.73,2.64,2.04,66.7,61.1,40.1
2026-03-10,Tue,Mar,34,14:15,14:30,8,2,2,1,1,1,1,19.0,20.2,11.2,2.35,2.49,1.91,57.8,61.9,36.9
2026-03-10,Tue,Mar,35,14:30,14:45,10,2,2,2,2,1,1,20.9,22.6,13.7,3.43,3.22,2.19,62.8,59.8,41.8
2026-03-10,Tue,Mar,36,14:45,15:00,11,2,2,2,2,2,1,24.5,24.4,14.8,3.06,3.13,2.05,64.3,62.1,40.4
2026-03-10,Tue,Mar,37,15:00,15:15,11,2,2,2,2,2,1,23.5,24.1,14.9,3.99,3.12,2.28,67.5,60.3,41.0
2026-03-10,Tue,Mar,38,15:15,15:30,10,2,2,2,2,1,1,21.7,21.6,13.8,3.08,2.81,2.34,59.5,57.1,41.1
2026-03-10,Tue,Mar,39,15:30,15:45,15,3,3,3,2,2,2,29.5,28.2,18.0,3.98,3.95,2.88,69.1,64.9,41.1
2026-03-10,Tue,Mar,40,15:45,16:00,16,3,3,3,3,2,2,27.6,24.9,18.9,4.88,3.54,2.79,72.3,68.9,45.1
2026-03-10,Tue,Mar,41,16:00,16:15,15,3,3,3,2,2,2,28.6,27.9,18.2,4.04,3.4,2.87,66.3,69.9,45.1
2026-03-10,Tue,Mar,42,16:15,16:30,13,3,3,2,2,2,1,22.0,23.8,15.6,3.89,3.17,2.36,63.0,62.1,44.1
2026-03-10,Tue,Mar,43,16:30,16:45,11,2,2,2,2,2,1,21.7,24.2,14.3,3.11,3.11,2.57,63.1,61.9,39.6
2026-03-10,Tue,Mar,44,16:45,17:00,13,3,3,2,2,2,1,24.5,24.3,16.9,3.55,3.41,2.84,62.7,65.5,41.9
2026-03-10,Tue,Mar,45,17:00,17:15,11,2,2,2,2,2,1,24.9,25.3,15.1,3.43,3.0,2.36,57.4,67.2,39.3
2026-03-10,Tue,Mar,46,17:15,17:30,8,2,2,1,1,1,1,19.2,21.1,12.3,2.76,3.2,1.88,58.0,58.5,35.8
2026-03-10,Tue,Mar,47,17:30,17:45,7,2,1,1,1,1,1,18.4,21.0,11.6,2.73,2.61,1.84,60.9,54.7,39.7
2026-03-10,Tue,Mar,48,17:45,18:00,7,2,1,1,1,1,1,18.8,20.0,11.8,2.25,3.09,1.55,55.9,59.9,37.7
2026-03-11,Wed,Mar,1,06:00,06:15,5,1,1,1,1,1,0,19.0,16.6,8.6,2.48,2.58,1.69,60.1,55.8,39.7
2026-03-11,Wed,Mar,2,06:15,06:30,5,1,1,1,1,1,0,21.8,18.1,10.8,2.7,2.48,1.62,56.4,57.4,37.5
2026-03-11,Wed,Mar,3,06:30,06:45,6,1,1,1,1,1,1,21.0,20.1,10.8,2.63,3.1,1.51,61.9,56.0,38.5
2026-03-11,Wed,Mar,4,06:45,07:00,7,2,1,1,1,1,1,19.0,18.7,11.0,3.77,3.44,1.89,63.6,62.1,38.5
2026-03-11,Wed,Mar,5,07:00,07:15,8,2,2,1,1,1,1,19.9,21.3,15.5,3.56,3.0,1.86,66.1,53.7,41.3
2026-03-11,Wed,Mar,6,07:15,07:30,11,2,2,2,2,2,1,26.6,26.1,17.6,4.26,3.9,1.63,69.6,64.4,44.0
2026-03-11,Wed,Mar,7,07:30,07:45,15,3,3,3,2,2,2,29.5,27.5,17.6,4.48,5.08,2.5,74.8,72.5,45.1
2026-03-11,Wed,Mar,8,07:45,08:00,13,3,3,2,2,2,1,26.4,28.5,17.1,3.91,3.74,2.23,71.0,60.2,45.0
2026-03-11,Wed,Mar,9,08:00,08:15,16,3,3,3,3,2,2,30.1,32.0,20.3,5.17,5.27,2.66,74.0,69.5,45.9
2026-03-11,Wed,Mar,10,08:15,08:30,15,3,3,3,2,2,2,31.9,34.1,17.4,5.07,4.1,2.64,69.3,64.9,46.4
2026-03-11,Wed,Mar,11,08:30,08:45,13,3,3,2,2,2,1,29.9,28.3,17.4,4.22,4.08,2.68,71.4,63.6,42.6
2026-03-11,Wed,Mar,12,08:45,09:00,12,3,2,2,2,2,1,27.7,23.9,14.9,4.47,3.89,2.43,59.1,57.6,44.5
2026-03-11,Wed,Mar,13,09:00,09:15,11,2,2,2,2,2,1,24.2,25.4,15.3,3.65,2.94,2.34,66.4,65.6,40.1
2026-03-11,Wed,Mar,14,09:15,09:30,9,2,2,2,1,1,1,25.8,23.3,13.2,3.54,3.66,1.69,62.9,57.9,38.2
2026-03-11,Wed,Mar,15,09:30,09:45,7,2,1,1,1,1,1,21.6,21.0,13.2,2.55,3.08,1.61,67.7,53.6,34.1
2026-03-11,Wed,Mar,16,09:45,10:00,6,1,1,1,1,1,1,18.0,20.3,10.7,3.14,2.7,1.72,60.2,57.5,38.8
2026-03-11,Wed,Mar,17,10:00,10:15,5,1,1,1,1,1,0,17.7,17.4,10.3,2.77,3.01,1.69,55.6,53.5,38.0
2026-03-11,Wed,Mar,18,10:15,10:30,6,1,1,1,1,1,1,20.0,19.8,12.2,2.81,2.76,1.64,60.6,50.7,39.7
2026-03-11,Wed,Mar,19,10:30,10:45,6,1,1,1,1,1,1,19.3,20.6,13.1,2.56,2.55,1.52,61.4,57.0,39.3
2026-03-11,Wed,Mar,20,10:45,11:00,7,2,1,1,1,1,1,19.6,21.4,13.3,3.0,3.28,1.65,63.0,62.0,40.2
2026-03-11,Wed,Mar,21,11:00,11:15,6,1,1,1,1,1,1,18.3,19.2,11.3,2.98,2.23,1.57,56.3,58.5,39.7
2026-03-11,Wed,Mar,22,11:15,11:30,7,2,1,1,1,1,1,20.1,20.5,12.0,3.09,3.33,2.0,62.1,60.1,40.9
2026-03-11,Wed,Mar,23,11:30,11:45,8,2,2,1,1,1,1,21.2,18.7,12.6,3.66,3.31,1.75,61.4,58.4,36.7
2026-03-11,Wed,Mar,24,11:45,12:00,8,2,2,1,1,1,1,23.9,21.5,12.9,3.22,3.3,2.17,59.0,58.2,39.2
2026-03-11,Wed,Mar,25,12:00,12:15,5,1,1,1,1,1,0,17.5,18.3,10.3,2.32,2.68,1.78,59.1,55.9,38.3
2026-03-11,Wed,Mar,26,12:15,12:30,8,2,2,1,1,1,1,21.7,20.7,14.2,3.51,3.36,2.06,59.8,56.7,34.3
2026-03-11,Wed,Mar,27,12:30,12:45,7,2,1,1,1,1,1,17.3,21.6,13.0,2.75,3.17,1.58,65.1,56.4,37.9
2026-03-11,Wed,Mar,28,12:45,13:00,5,1,1,1,1,1,0,19.1,19.5,9.2,2.72,2.67,1.71,63.2,54.9,35.0
2026-03-11,Wed,Mar,29,13:00,13:15,6,1,1,1,1,1,1,20.3,19.3,11.7,3.4,2.87,1.74,59.9,58.9,39.6
2026-03-11,Wed,Mar,30,13:15,13:30,8,2,2,1,1,1,1,22.6,23.7,12.7,2.8,2.72,1.91,67.7,55.7,40.7
2026-03-11,Wed,Mar,31,13:30,13:45,6,1,1,1,1,1,1,20.5,19.5,12.7,2.86,2.97,1.67,64.0,55.2,35.2
2026-03-11,Wed,Mar,32,13:45,14:00,6,1,1,1,1,1,1,19.6,18.1,11.1,3.14,2.64,1.65,61.8,57.7,40.2
2026-03-11,Wed,Mar,33,14:00,14:15,8,2,2,1,1,1,1,22.3,20.8,12.5,3.46,3.51,1.82,63.5,57.2,40.8
2026-03-11,Wed,Mar,34,14:15,14:30,7,2,1,1,1,1,1,21.3,20.8,12.0,3.48,3.16,2.04,58.2,52.3,39.5
2026-03-11,Wed,Mar,35,14:30,14:45,8,2,2,1,1,1,1,23.5,21.5,12.5,3.35,3.19,1.81,64.5,59.0,40.5
2026-03-11,Wed,Mar,36,14:45,15:00,8,2,2,1,1,1,1,23.2,21.7,12.6,3.6,3.75,1.74,64.4,55.0,39.0
2026-03-11,Wed,Mar,37,15:00,15:15,11,2,2,2,2,2,1,27.2,25.5,15.2,3.74,3.43,2.3,68.1,65.0,43.4
2026-03-11,Wed,Mar,38,15:15,15:30,11,2,2,2,2,2,1,27.3,25.1,14.6,4.0,3.21,2.45,68.9,57.4,41.9
2026-03-11,Wed,Mar,39,15:30,15:45,11,2,2,2,2,2,1,24.7,25.0,13.6,3.64,4.06,2.02,70.0,64.7,43.5
2026-03-11,Wed,Mar,40,15:45,16:00,12,3,2,2,2,2,1,28.2,26.6,15.2,3.81,4.2,2.08,70.9,65.1,40.6
2026-03-11,Wed,Mar,41,16:00,16:15,14,3,3,3,2,2,1,29.9,26.2,15.9,4.48,4.91,2.65,74.6,65.0,39.7
2026-03-11,Wed,Mar,42,16:15,16:30,13,3,3,2,2,2,1,30.2,28.9,16.5,4.12,4.02,2.39,64.3,63.6,42.1
2026-03-11,Wed,Mar,43,16:30,16:45,12,3,2,2,2,2,1,27.6,28.0,15.7,4.07,3.97,2.29,66.5,62.7,43.0
2026-03-11,Wed,Mar,44,16:45,17:00,12,3,2,2,2,2,1,26.0,28.1,15.2,4.24,4.12,2.34,63.7,64.2,39.6
2026-03-11,Wed,Mar,45,17:00,17:15,9,2,2,2,1,1,1,19.9,22.7,12.5,3.85,3.34,2.05,69.3,59.8,41.7
2026-03-11,Wed,Mar,46,17:15,17:30,8,2,2,1,1,1,1,21.5,21.2,13.3,3.37,2.91,1.88,61.4,59.5,40.5
2026-03-11,Wed,Mar,47,17:30,17:45,8,2,2,1,1,1,1,20.8,22.7,15.1,2.94,3.46,1.75,64.8,55.6,39.9
2026-03-11,Wed,Mar,48,17:45,18:00,6,1,1,1,1,1,1,19.4,19.7,11.3,2.76,3.1,1.63,59.1,58.2,38.8
2026-03-12,Thu,Mar,1,06:00,06:15,5,1,1,1,1,1,0,19.6,19.6,9.7,2.73,2.34,1.41,66.1,58.4,34.4
2026-03-12,Thu,Mar,2,06:15,06:30,5,1,1,1,1,1,0,18.6,16.6,10.6,3.24,3.0,1.55,62.9,56.0,38.1
2026-03-12,Thu,Mar,3,06:30,06:45,6,1,1,1,1,1,1,22.1,22.7,9.2,3.12,3.09,1.34,69.8,61.2,35.6
2026-03-12,Thu,Mar,4,06:45,07:00,8,2,2,1,1,1,1,21.8,23.7,11.8,4.29,3.76,2.0,63.2,60.3,41.8
2026-03-12,Thu,Mar,5,07:00,07:15,8,2,2,1,1,1,1,24.6,22.4,11.0,3.86,3.48,1.76,70.2,55.9,42.5
2026-03-12,Thu,Mar,6,07:15,07:30,13,3,3,2,2,2,1,26.0,28.0,14.9,5.39,4.57,1.92,75.4,68.0,41.5
2026-03-12,Thu,Mar,7,07:30,07:45,13,3,3,2,2,2,1,30.2,28.0,13.8,4.81,3.95,2.19,75.2,61.1,41.0
2026-03-12,Thu,Mar,8,07:45,08:00,15,3,3,3,2,2,2,31.6,32.5,16.1,5.24,4.98,2.47,72.5,71.8,47.2
2026-03-12,Thu,Mar,9,08:00,08:15,14,3,3,3,2,2,1,32.2,29.2,14.7,5.19,4.19,2.56,68.6,66.0,44.1
2026-03-12,Thu,Mar,10,08:15,08:30,13,3,3,2,2,2,1,27.2,24.7,13.8,4.33,3.6,2.27,84.9,65.7,45.0
2026-03-12,Thu,Mar,11,08:30,08:45,14,3,3,3,2,2,1,32.0,28.1,14.7,5.43,4.27,2.37,80.4,61.0,46.1
2026-03-12,Thu,Mar,12,08:45,09:00,11,2,2,2,2,2,1,25.4,23.5,12.7,4.02,3.6,1.98,81.8,64.2,40.6
2026-03-12,Thu,Mar,13,09:00,09:15,10,2,2,2,2,1,1,23.3,24.3,11.7,4.16,4.03,1.8,70.7,53.4,42.8
2026-03-12,Thu,Mar,14,09:15,09:30,8,2,2,1,1,1,1,24.5,22.5,11.8,3.01,3.19,1.71,69.5,61.8,40.8
2026-03-12,Thu,Mar,15,09:30,09:45,7,2,1,1,1,1,1,20.8,23.5,11.1,3.92,3.11,1.58,70.3,59.0,37.5
2026-03-12,Thu,Mar,16,09:45,10:00,5,1,1,1,1,1,0,23.0,19.5,8.5,3.31,2.98,1.45,69.9,53.2,36.6
2026-03-12,Thu,Mar,17,10:00,10:15,5,1,1,1,1,1,0,17.8,20.0,8.7,3.08,2.85,1.3,68.4,62.2,37.8
2026-03-12,Thu,Mar,18,10:15,10:30,6,1,1,1,1,1,1,20.6,20.7,10.4,3.48,3.34,1.63,67.1,57.4,37.6
2026-03-12,Thu,Mar,19,10:30,10:45,5,1,1,1,1,1,0,20.6,21.0,8.1,2.9,2.78,1.43,65.4,61.1,38.7
2026-03-12,Thu,Mar,20,10:45,11:00,6,1,1,1,1,1,1,17.6,19.0,9.6,3.15,3.16,1.12,59.9,58.7,34.6
2026-03-12,Thu,Mar,21,11:00,11:15,6,1,1,1,1,1,1,20.8,22.1,9.5,3.7,3.23,1.46,72.4,54.9,39.6
2026-03-12,Thu,Mar,22,11:15,11:30,6,1,1,1,1,1,1,16.5,20.4,10.0,3.79,3.27,1.64,69.7,55.1,41.5
2026-03-12,Thu,Mar,23,11:30,11:45,8,2,2,1,1,1,1,23.6,21.6,11.0,3.87,3.85,1.68,68.2,59.9,41.2
2026-03-12,Thu,Mar,24,11:45,12:00,7,2,1,1,1,1,1,22.6,16.8,11.0,3.67,3.06,1.47,65.5,59.9,39.9
2026-03-12,Thu,Mar,25,12:00,12:15,8,2,2,1,1,1,1,21.5,27.1,11.3,3.22,3.13,1.73,71.3,55.7,40.7
2026-03-12,Thu,Mar,26,12:15,12:30,7,2,1,1,1,1,1,22.5,23.3,10.9,3.42,3.23,1.8,63.3,57.2,39.3
2026-03-12,Thu,Mar,27,12:30,12:45,7,2,1,1,1,1,1,22.4,23.4,10.3,3.43,3.18,1.38,71.3,60.2,35.9
2026-03-12,Thu,Mar,28,12:45,13:00,7,2,1,1,1,1,1,24.4,21.8,10.2,3.6,3.48,1.42,75.6,59.5,38.2
2026-03-12,Thu,Mar,29,13:00,13:15,8,2,2,1,1,1,1,23.0,24.9,10.2,3.61,3.37,1.65,75.0,62.7,42.1
2026-03-12,Thu,Mar,30,13:15,13:30,8,2,2,1,1,1,1,23.4,21.9,12.1,3.52,3.64,1.77,63.5,60.2,40.5
2026-03-12,Thu,Mar,31,13:30,13:45,7,2,1,1,1,1,1,23.4,23.7,10.0,3.66,3.45,1.53,68.1,60.1,38.0
2026-03-12,Thu,Mar,32,13:45,14:00,7,2,1,1,1,1,1,18.0,22.1,10.9,3.34,3.29,1.59,67.9,60.5,37.3
2026-03-12,Thu,Mar,33,14:00,14:15,7,2,1,1,1,1,1,22.0,21.3,10.6,3.6,3.27,1.7,65.1,58.9,37.9
2026-03-12,Thu,Mar,34,14:15,14:30,9,2,2,2,1,1,1,22.5,24.4,9.5,3.13,3.27,2.01,73.3,62.8,41.1
2026-03-12,Thu,Mar,35,14:30,14:45,9,2,2,2,1,1,1,24.0,27.8,13.2,4.1,3.75,1.75,70.8,61.5,38.7
2026-03-12,Thu,Mar,36,14:45,15:00,10,2,2,2,2,1,1,21.8,25.8,11.7,3.75,3.4,1.65,70.9,55.9,42.7
2026-03-12,Thu,Mar,37,15:00,15:15,10,2,2,2,2,1,1,23.4,26.0,12.2,3.64,4.18,1.87,72.2,64.4,40.4
2026-03-12,Thu,Mar,38,15:15,15:30,12,3,2,2,2,2,1,27.0,28.1,13.2,3.58,3.73,2.26,72.6,73.4,42.4
2026-03-12,Thu,Mar,39,15:30,15:45,14,3,3,3,2,2,1,30.8,31.7,14.8,5.32,4.98,2.62,76.0,66.7,43.6
2026-03-12,Thu,Mar,40,15:45,16:00,12,3,2,2,2,2,1,28.1,30.5,12.7,4.78,3.65,2.37,72.7,62.7,42.4
2026-03-12,Thu,Mar,41,16:00,16:15,12,3,2,2,2,2,1,32.5,32.2,15.0,4.1,4.31,2.1,75.9,60.4,44.5
2026-03-12,Thu,Mar,42,16:15,16:30,15,3,3,3,2,2,2,33.5,34.0,15.0,5.22,4.45,2.24,84.0,64.9,45.1
2026-03-12,Thu,Mar,43,16:30,16:45,10,2,2,2,2,1,1,22.0,25.4,12.4,4.73,4.21,1.66,74.3,61.8,39.8
2026-03-12,Thu,Mar,44,16:45,17:00,11,2,2,2,2,2,1,28.7,27.4,12.1,4.34,3.8,2.29,72.0,66.9,40.1
2026-03-12,Thu,Mar,45,17:00,17:15,11,2,2,2,2,2,1,28.8,26.9,13.1,4.49,4.32,1.94,78.1,59.3,47.2
2026-03-12,Thu,Mar,46,17:15,17:30,8,2,2,1,1,1,1,25.1,21.2,11.3,3.35,3.43,2.08,69.5,60.5,39.1
2026-03-12,Thu,Mar,47,17:30,17:45,7,2,1,1,1,1,1,21.2,21.0,10.8,3.95,3.25,1.57,64.2,56.3,39.5
2026-03-12,Thu,Mar,48,17:45,18:00,6,1,1,1,1,1,1,19.1,19.3,8.6,3.12,3.36,1.81,68.1,59.4,41.5
2026-03-13,Fri,Mar,1,06:00,06:15,6,1,1,1,1,1,1,16.8,16.9,10.6,2.69,2.63,1.43,64.3,57.7,31.5
2026-03-13,Fri,Mar,2,06:15,06:30,6,1,1,1,1,1,1,18.4,15.8,10.5,3.02,2.6,1.9,64.4,52.3,29.4
2026-03-13,Fri,Mar,3,06:30,06:45,8,2,2,1,1,1,1,18.5,19.8,13.2,3.62,2.9,1.89,62.4,55.5,35.4
2026-03-13,Fri,Mar,4,06:45,07:00,10,2,2,2,2,1,1,22.7,18.6,14.5,3.49,3.37,2.3,60.8,54.6,35.0
2026-03-13,Fri,Mar,5,07:00,07:15,12,3,2,2,2,2,1,20.7,22.6,14.6,3.6,3.44,2.59,68.6,63.3,39.3
2026-03-13,Fri,Mar,6,07:15,07:30,11,2,2,2,2,2,1,20.7,19.9,13.1,2.64,3.46,2.32,69.3,60.0,35.1
2026-03-13,Fri,Mar,7,07:30,07:45,16,3,3,3,3,2,2,29.5,21.7,14.8,4.42,4.34,2.66,77.1,60.6,40.1
2026-03-13,Fri,Mar,8,07:45,08:00,16,3,3,3,3,2,2,25.5,23.8,16.6,4.09,3.72,2.68,71.7,57.9,40.4
2026-03-13,Fri,Mar,9,08:00,08:15,20,4,4,4,3,3,2,30.3,27.9,19.1,6.0,4.78,3.54,84.8,61.2,38.5
2026-03-13,Fri,Mar,10,08:15,08:30,18,4,4,3,3,2,2,28.4,22.3,15.0,5.27,4.23,3.01,71.4,64.1,40.3
2026-03-13,Fri,Mar,11,08:30,08:45,13,3,3,2,2,2,1,22.8,22.7,13.5,3.91,3.25,2.43,70.0,59.3,38.9
2026-03-13,Fri,Mar,12,08:45,09:00,12,3,2,2,2,2,1,24.4,19.9,16.0,3.86,3.78,2.64,71.4,59.0,37.7
2026-03-13,Fri,Mar,13,09:00,09:15,12,3,2,2,2,2,1,25.4,21.6,14.0,3.56,3.41,2.26,67.9,58.4,32.7
2026-03-13,Fri,Mar,14,09:15,09:30,10,2,2,2,2,1,1,20.1,19.4,11.4,3.43,3.02,1.92,62.9,49.7,33.3
2026-03-13,Fri,Mar,15,09:30,09:45,7,2,1,1,1,1,1,18.9,17.4,10.2,2.76,2.8,1.54,63.6,54.9,34.5
2026-03-13,Fri,Mar,16,09:45,10:00,7,2,1,1,1,1,1,18.8,18.5,12.0,2.67,2.9,1.96,61.7,56.9,36.6
2026-03-13,Fri,Mar,17,10:00,10:15,6,1,1,1,1,1,1,18.0,17.1,10.5,2.65,2.78,1.69,64.2,56.8,33.1
2026-03-13,Fri,Mar,18,10:15,10:30,7,2,1,1,1,1,1,20.6,20.4,10.5,2.94,2.39,1.92,63.2,50.5,32.8
2026-03-13,Fri,Mar,19,10:30,10:45,7,2,1,1,1,1,1,18.6,18.2,11.6,3.09,2.86,1.68,71.0,56.6,30.1
2026-03-13,Fri,Mar,20,10:45,11:00,6,1,1,1,1,1,1,18.5,15.4,10.7,2.49,2.55,1.69,69.7,53.0,31.5
2026-03-13,Fri,Mar,21,11:00,11:15,7,2,1,1,1,1,1,18.2,17.3,10.6,2.7,2.27,1.78,67.2,55.9,36.1
2026-03-13,Fri,Mar,22,11:15,11:30,7,2,1,1,1,1,1,18.7,16.8,11.9,3.15,2.89,2.12,64.2,54.9,33.4
2026-03-13,Fri,Mar,23,11:30,11:45,8,2,2,1,1,1,1,22.5,17.6,11.8,3.7,2.53,1.85,65.1,57.3,34.8
2026-03-13,Fri,Mar,24,11:45,12:00,9,2,2,2,1,1,1,19.8,18.5,10.9,3.23,3.36,2.21,69.1,56.1,32.6
2026-03-13,Fri,Mar,25,12:00,12:15,9,2,2,2,1,1,1,23.2,18.9,12.7,3.01,2.74,1.87,67.1,58.2,35.6
2026-03-13,Fri,Mar,26,12:15,12:30,8,2,2,1,1,1,1,19.7,17.2,11.0,3.1,3.03,1.71,64.3,55.7,33.8
2026-03-13,Fri,Mar,27,12:30,12:45,8,2,2,1,1,1,1,20.2,18.8,11.5,2.54,3.02,1.93,68.2,56.4,35.0
2026-03-13,Fri,Mar,28,12:45,13:00,9,2,2,2,1,1,1,22.1,20.4,11.6,3.3,3.06,2.32,69.2,57.3,35.2
2026-03-13,Fri,Mar,29,13:00,13:15,8,2,2,1,1,1,1,19.1,16.5,11.4,3.55,2.83,2.17,70.8,52.8,36.8
2026-03-13,Fri,Mar,30,13:15,13:30,8,2,2,1,1,1,1,21.4,19.7,10.8,3.51,2.96,1.9,64.9,54.5,36.5
2026-03-13,Fri,Mar,31,13:30,13:45,9,2,2,2,1,1,1,18.4,20.1,13.7,3.09,3.71,2.26,67.3,52.3,34.4
2026-03-13,Fri,Mar,32,13:45,14:00,8,2,2,1,1,1,1,20.8,17.2,12.2,3.04,2.99,2.1,70.9,57.5,33.9
2026-03-13,Fri,Mar,33,14:00,14:15,8,2,2,1,1,1,1,19.4,17.4,12.0,3.1,2.45,1.73,63.3,53.3,33.3
2026-03-13,Fri,Mar,34,14:15,14:30,8,2,2,1,1,1,1,18.6,17.9,11.4,2.77,3.27,1.89,69.4,58.1,36.4
2026-03-13,Fri,Mar,35,14:30,14:45,8,2,2,1,1,1,1,20.9,16.6,11.5,2.82,2.99,2.24,73.6,60.5,32.8
2026-03-13,Fri,Mar,36,14:45,15:00,11,2,2,2,2,2,1,21.6,20.0,14.4,3.92,3.7,2.41,70.8,57.8,36.6
2026-03-13,Fri,Mar,37,15:00,15:15,11,2,2,2,2,2,1,24.7,20.9,14.2,4.22,3.32,2.36,65.7,62.0,38.3
2026-03-13,Fri,Mar,38,15:15,15:30,12,3,2,2,2,2,1,22.8,21.8,12.6,3.89,3.04,1.98,68.3,56.9,37.4
2026-03-13,Fri,Mar,39,15:30,15:45,16,3,3,3,3,2,2,27.1,21.2,16.0,4.21,4.63,2.4,72.6,66.4,38.4
2026-03-13,Fri,Mar,40,15:45,16:00,17,4,3,3,3,2,2,25.6,27.7,17.5,4.64,4.55,3.07,79.2,64.2,41.4
2026-03-13,Fri,Mar,41,16:00,16:15,16,3,3,3,3,2,2,25.2,27.6,17.0,3.77,4.42,3.14,73.2,55.0,34.6
2026-03-13,Fri,Mar,42,16:15,16:30,17,4,3,3,3,2,2,31.7,26.0,16.7,4.3,4.16,2.37,80.1,68.0,39.6
2026-03-13,Fri,Mar,43,16:30,16:45,12,3,2,2,2,2,1,25.3,19.7,14.7,4.08,3.61,2.59,70.7,52.0,34.0
2026-03-13,Fri,Mar,44,16:45,17:00,11,2,2,2,2,2,1,23.0,21.0,14.6,3.81,3.37,2.1,70.0,56.2,38.7
2026-03-13,Fri,Mar,45,17:00,17:15,12,3,2,2,2,2,1,22.5,22.1,15.1,4.12,4.0,2.42,70.4,57.2,36.4
2026-03-13,Fri,Mar,46,17:15,17:30,9,2,2,2,1,1,1,19.5,19.1,12.3,3.38,3.11,2.01,67.6,57.2,34.6
2026-03-13,Fri,Mar,47,17:30,17:45,7,2,1,1,1,1,1,20.2,17.2,10.7,2.57,2.7,1.82,70.6,58.9,36.4
2026-03-13,Fri,Mar,48,17:45,18:00,6,1,1,1,1,1,1,16.4,15.5,10.6,2.38,2.56,1.83,68.1,55.5,35.4
2026-03-16,Mon,Mar,1,06:00,06:15,5,1,1,1,1,1,0,17.8,16.1,9.9,3.02,2.59,1.4,68.9,49.8,41.1
2026-03-16,Mon,Mar,2,06:15,06:30,5,1,1,1,1,1,0,18.6,15.4,8.8,2.91,2.71,1.43,71.7,54.9,33.6
2026-03-16,Mon,Mar,3,06:30,06:45,7,2,1,1,1,1,1,20.6,19.1,11.3,3.29,2.96,1.48,73.0,57.3,43.3
2026-03-16,Mon,Mar,4,06:45,07:00,8,2,2,1,1,1,1,22.7,16.0,11.4,3.52,2.63,1.96,70.0,59.4,41.8
2026-03-16,Mon,Mar,5,07:00,07:15,10,2,2,2,2,1,1,23.5,26.0,11.9,3.43,3.26,2.01,77.0,51.0,41.4
2026-03-16,Mon,Mar,6,07:15,07:30,12,3,2,2,2,2,1,27.5,25.0,11.6,3.82,3.71,2.2,68.8,59.6,42.9
2026-03-16,Mon,Mar,7,07:30,07:45,12,3,2,2,2,2,1,21.8,25.4,11.9,3.99,3.48,2.53,76.9,54.7,42.3
2026-03-16,Mon,Mar,8,07:45,08:00,15,3,3,3,2,2,2,30.5,27.5,14.5,4.62,4.23,2.58,75.0,55.3,48.2
2026-03-16,Mon,Mar,9,08:00,08:15,14,3,3,3,2,2,1,28.6,26.3,12.1,4.77,4.72,2.42,78.0,60.8,41.6
2026-03-16,Mon,Mar,10,08:15,08:30,13,3,3,2,2,2,1,26.4,27.5,14.8,4.47,3.81,2.45,74.7,61.6,42.1
2026-03-16,Mon,Mar,11,08:30,08:45,14,3,3,3,2,2,1,28.4,25.5,15.0,3.94,3.65,2.28,75.3,64.3,47.8
2026-03-16,Mon,Mar,12,08:45,09:00,10,2,2,2,2,1,1,23.0,23.5,13.0,3.46,3.82,2.02,71.6,55.4,42.5
2026-03-16,Mon,Mar,13,09:00,09:15,10,2,2,2,2,1,1,22.3,25.7,13.6,3.99,3.64,1.98,68.9,56.9,42.9
2026-03-16,Mon,Mar,14,09:15,09:30,10,2,2,2,2,1,1,22.1,22.0,11.9,3.8,3.54,1.94,71.5,58.7,38.7
2026-03-16,Mon,Mar,15,09:30,09:45,7,2,1,1,1,1,1,20.9,18.4,10.5,3.23,3.16,1.67,70.2,52.5,38.1
2026-03-16,Mon,Mar,16,09:45,10:00,6,1,1,1,1,1,1,18.8,19.7,9.9,3.11,2.94,1.83,68.9,53.4,40.0
2026-03-16,Mon,Mar,17,10:00,10:15,6,1,1,1,1,1,1,19.0,19.1,9.6,3.47,3.03,1.51,73.1,55.5,40.8
2026-03-16,Mon,Mar,18,10:15,10:30,7,2,1,1,1,1,1,20.0,17.1,9.9,3.4,2.74,1.43,66.8,53.1,39.1
2026-03-16,Mon,Mar,19,10:30,10:45,7,2,1,1,1,1,1,18.1,17.8,9.4,3.55,2.72,1.64,75.4,49.7,38.1
2026-03-16,Mon,Mar,20,10:45,11:00,6,1,1,1,1,1,1,20.0,20.6,9.8,2.72,2.81,1.59,64.5,54.8,44.2
2026-03-16,Mon,Mar,21,11:00,11:15,7,2,1,1,1,1,1,21.7,20.2,9.6,2.87,2.93,1.65,68.7,50.8,45.5
2026-03-16,Mon,Mar,22,11:15,11:30,7,2,1,1,1,1,1,18.4,21.9,11.4,3.06,2.62,1.77,75.5,51.1,41.4
2026-03-16,Mon,Mar,23,11:30,11:45,7,2,1,1,1,1,1,21.4,21.5,11.1,3.68,3.1,1.82,73.1,47.7,38.2
2026-03-16,Mon,Mar,24,11:45,12:00,8,2,2,1,1,1,1,22.0,20.8,12.6,3.21,3.71,1.97,72.0,62.2,36.2
2026-03-16,Mon,Mar,25,12:00,12:15,6,1,1,1,1,1,1,17.8,18.4,8.8,2.77,2.96,1.42,71.0,55.1,41.5
2026-03-16,Mon,Mar,26,12:15,12:30,9,2,2,2,1,1,1,20.9,24.9,13.3,3.89,2.88,2.11,67.7,60.8,42.4
2026-03-16,Mon,Mar,27,12:30,12:45,9,2,2,2,1,1,1,25.6,19.6,11.6,4.12,3.35,1.97,72.7,57.5,40.3
2026-03-16,Mon,Mar,28,12:45,13:00,7,2,1,1,1,1,1,21.4,20.7,11.1,3.04,2.76,1.67,73.5,56.6,42.2
2026-03-16,Mon,Mar,29,13:00,13:15,9,2,2,2,1,1,1,23.6,21.7,11.2,3.98,3.29,1.86,71.7,56.7,39.7
2026-03-16,Mon,Mar,30,13:15,13:30,9,2,2,2,1,1,1,21.0,22.5,12.2,3.77,3.29,1.98,68.9,55.5,42.5
2026-03-16,Mon,Mar,31,13:30,13:45,7,2,1,1,1,1,1,22.7,19.8,12.0,2.92,3.82,1.62,70.6,53.9,41.4
2026-03-16,Mon,Mar,32,13:45,14:00,6,1,1,1,1,1,1,19.8,18.7,10.1,3.47,2.79,1.73,70.2,54.7,42.1
2026-03-16,Mon,Mar,33,14:00,14:15,8,2,2,1,1,1,1,21.2,20.2,9.8,3.72,2.6,2.14,69.0,57.8,42.2
2026-03-16,Mon,Mar,34,14:15,14:30,8,2,2,1,1,1,1,22.9,18.5,10.1,2.49,2.98,1.86,73.0,52.8,41.4
2026-03-16,Mon,Mar,35,14:30,14:45,9,2,2,2,1,1,1,23.7,23.1,11.5,3.62,3.18,2.03,66.1,57.3,43.1
2026-03-16,Mon,Mar,36,14:45,15:00,11,2,2,2,2,2,1,24.9,24.0,11.2,4.18,3.82,2.01,70.8,51.7,45.3
2026-03-16,Mon,Mar,37,15:00,15:15,10,2,2,2,2,1,1,21.9,20.4,12.9,3.72,3.81,1.51,73.6,56.4,40.6
2026-03-16,Mon,Mar,38,15:15,15:30,11,2,2,2,2,2,1,25.3,23.0,11.3,3.83,4.34,1.82,73.5,52.5,41.3
2026-03-16,Mon,Mar,39,15:30,15:45,12,3,2,2,2,2,1,27.3,24.6,12.3,4.2,3.87,2.5,75.4,53.0,46.0
2026-03-16,Mon,Mar,40,15:45,16:00,15,3,3,3,2,2,2,30.3,28.1,16.0,4.69,5.07,2.25,76.4,64.2,47.2
2026-03-16,Mon,Mar,41,16:00,16:15,16,3,3,3,3,2,2,30.6,34.2,13.9,4.88,4.03,3.0,76.0,60.7,49.0
2026-03-16,Mon,Mar,42,16:15,16:30,13,3,3,2,2,2,1,24.7,25.3,13.0,4.12,4.05,2.44,71.5,61.5,43.2
2026-03-16,Mon,Mar,43,16:30,16:45,14,3,3,3,2,2,1,31.5,27.6,14.1,4.58,4.39,2.14,76.5,55.3,44.4
2026-03-16,Mon,Mar,44,16:45,17:00,10,2,2,2,2,1,1,23.7,21.2,11.1,4.51,3.63,2.12,73.2,59.9,42.5
2026-03-16,Mon,Mar,45,17:00,17:15,8,2,2,1,1,1,1,20.2,19.5,11.7,2.81,2.93,1.8,77.3,54.1,42.1
2026-03-16,Mon,Mar,46,17:15,17:30,7,2,1,1,1,1,1,20.7,19.8,10.2,3.65,3.18,1.92,68.9,54.1,40.5
2026-03-16,Mon,Mar,47,17:30,17:45,8,2,2,1,1,1,1,20.6,18.8,11.0,3.46,3.19,1.65,68.3,52.9,42.3
2026-03-16,Mon,Mar,48,17:45,18:00,6,1,1,1,1,1,1,17.8,18.3,10.6,2.98,2.6,1.53,66.2,57.7,36.2
2026-03-17,Tue,Mar,1,06:00,06:15,4,1,1,1,1,0,0,17.0,15.2,11.0,2.42,2.02,1.27,58.1,57.7,38.0
2026-03-17,Tue,Mar,2,06:15,06:30,5,1,1,1,1,1,0,16.0,16.6,12.1,2.76,2.5,1.38,56.3,51.4,40.9
2026-03-17,Tue,Mar,3,06:30,06:45,7,2,1,1,1,1,1,18.5,18.7,12.4,3.02,3.02,1.59,60.3,64.1,38.7
2026-03-17,Tue,Mar,4,06:45,07:00,8,2,2,1,1,1,1,20.2,20.2,13.0,3.1,2.72,1.97,70.7,65.5,38.3
2026-03-17,Tue,Mar,5,07:00,07:15,9,2,2,2,1,1,1,23.4,21.0,17.0,3.05,2.72,2.09,63.6,62.4,40.7
2026-03-17,Tue,Mar,6,07:15,07:30,8,2,2,1,1,1,1,21.5,20.3,13.5,2.89,3.14,1.8,65.6,63.4,42.4
2026-03-17,Tue,Mar,7,07:30,07:45,10,2,2,2,2,1,1,22.2,19.9,16.3,3.28,3.05,2.33,64.4,58.1,39.0
2026-03-17,Tue,Mar,8,07:45,08:00,12,3,2,2,2,2,1,23.2,21.5,17.6,4.42,3.41,1.98,71.7,73.2,42.1
2026-03-17,Tue,Mar,9,08:00,08:15,16,3,3,3,3,2,2,31.0,27.6,21.8,4.89,4.28,2.68,79.0,70.7,42.3
2026-03-17,Tue,Mar,10,08:15,08:30,13,3,3,2,2,2,1,24.5,26.3,20.4,3.97,3.29,2.31,70.4,65.8,42.3
2026-03-17,Tue,Mar,11,08:30,08:45,14,3,3,3,2,2,1,24.6,26.3,21.8,3.88,4.39,2.4,76.0,69.4,42.6
2026-03-17,Tue,Mar,12,08:45,09:00,12,3,2,2,2,2,1,26.5,25.0,15.4,3.47,3.48,2.42,76.7,75.6,40.1
2026-03-17,Tue,Mar,13,09:00,09:15,7,2,1,1,1,1,1,16.7,16.9,13.8,3.17,3.04,1.72,60.9,58.2,36.2
2026-03-17,Tue,Mar,14,09:15,09:30,8,2,2,1,1,1,1,21.7,20.3,14.9,3.33,2.89,1.91,63.8,64.4,39.1
2026-03-17,Tue,Mar,15,09:30,09:45,6,1,1,1,1,1,1,18.0,16.1,12.2,2.95,2.33,1.65,63.8,56.9,38.4
2026-03-17,Tue,Mar,16,09:45,10:00,6,1,1,1,1,1,1,21.5,16.1,13.0,2.87,2.87,1.55,60.8,66.8,39.6
2026-03-17,Tue,Mar,17,10:00,10:15,5,1,1,1,1,1,0,16.1,14.0,11.8,2.61,2.2,1.58,60.8,63.2,38.3
2026-03-17,Tue,Mar,18,10:15,10:30,6,1,1,1,1,1,1,20.2,18.0,12.3,2.21,2.62,1.66,67.5,59.8,36.9
2026-03-17,Tue,Mar,19,10:30,10:45,6,1,1,1,1,1,1,17.8,15.7,12.3,2.24,2.43,1.59,65.0,61.2,39.8
2026-03-17,Tue,Mar,20,10:45,11:00,6,1,1,1,1,1,1,19.6,16.3,14.9,2.83,2.34,1.73,64.1,60.9,39.2
2026-03-17,Tue,Mar,21,11:00,11:15,6,1,1,1,1,1,1,18.1,17.1,13.9,2.53,2.68,1.6,61.1,59.2,36.7
2026-03-17,Tue,Mar,22,11:15,11:30,8,2,2,1,1,1,1,21.3,19.6,12.5,3.05,2.7,1.76,64.8,66.5,39.0
2026-03-17,Tue,Mar,23,11:30,11:45,7,2,1,1,1,1,1,19.0,17.6,13.3,3.01,2.57,1.83,66.6,64.7,40.0
2026-03-17,Tue,Mar,24,11:45,12:00,6,1,1,1,1,1,1,18.7,15.9,11.7,2.65,2.45,1.77,62.8,58.2,38.4
2026-03-17,Tue,Mar,25,12:00,12:15,8,2,2,1,1,1,1,22.1,18.0,14.0,3.2,2.51,1.83,63.5,67.4,41.7
2026-03-17,Tue,Mar,26,12:15,12:30,8,2,2,1,1,1,1,20.3,21.0,14.3,3.37,2.9,1.76,68.6,73.1,38.4
2026-03-17,Tue,Mar,27,12:30,12:45,8,2,2,1,1,1,1,20.7,19.3,14.5,2.97,3.11,1.93,62.3,63.4,40.6
2026-03-17,Tue,Mar,28,12:45,13:00,8,2,2,1,1,1,1,19.6,17.2,14.6,2.9,3.31,1.48,59.2,63.3,42.1
2026-03-17,Tue,Mar,29,13:00,13:15,8,2,2,1,1,1,1,18.6,19.2,15.5,3.13,2.54,1.7,62.5,69.6,39.3
2026-03-17,Tue,Mar,30,13:15,13:30,8,2,2,1,1,1,1,21.5,18.9,13.8,2.9,2.71,2.09,61.2,62.2,39.0
2026-03-17,Tue,Mar,31,13:30,13:45,6,1,1,1,1,1,1,19.3,17.2,11.6,2.83,2.62,1.43,60.0,59.9,37.7
2026-03-17,Tue,Mar,32,13:45,14:00,7,2,1,1,1,1,1,20.8,17.8,12.7,3.14,2.28,1.6,62.7,57.3,38.1
2026-03-17,Tue,Mar,33,14:00,14:15,7,2,1,1,1,1,1,20.8,19.0,13.6,3.32,2.39,1.92,64.9,59.7,38.7
2026-03-17,Tue,Mar,34,14:15,14:30,8,2,2,1,1,1,1,20.3,17.6,15.5,3.34,3.4,1.89,66.4,61.6,39.8
2026-03-17,Tue,Mar,35,14:30,14:45,8,2,2,1,1,1,1,19.9,20.6,12.7,2.49,2.63,1.73,61.5,61.4,41.0
2026-03-17,Tue,Mar,36,14:45,15:00,9,2,2,2,1,1,1,20.7,23.4,13.0,3.0,3.05,1.9,56.8,61.3,41.5
2026-03-17,Tue,Mar,37,15:00,15:15,10,2,2,2,2,1,1,22.8,20.6,15.2,3.3,3.56,2.21,68.0,61.7,43.0
2026-03-17,Tue,Mar,38,15:15,15:30,12,3,2,2,2,2,1,25.9,22.7,16.2,3.51,3.15,2.22,65.5,65.8,41.3
2026-03-17,Tue,Mar,39,15:30,15:45,13,3,3,2,2,2,1,26.4,23.1,19.4,3.97,3.75,2.53,70.4,73.6,44.7
2026-03-17,Tue,Mar,40,15:45,16:00,12,3,2,2,2,2,1,27.9,21.5,17.9,4.42,3.66,2.29,67.7,65.9,41.1
2026-03-17,Tue,Mar,41,16:00,16:15,13,3,3,2,2,2,1,25.8,25.4,18.9,4.04,3.89,2.09,67.2,65.7,45.2
2026-03-17,Tue,Mar,42,16:15,16:30,12,3,2,2,2,2,1,25.4,22.3,16.5,3.82,3.54,2.68,70.6,68.5,43.3
2026-03-17,Tue,Mar,43,16:30,16:45,11,2,2,2,2,2,1,24.2,24.2,16.9,3.63,2.84,2.34,69.4,74.8,41.9
2026-03-17,Tue,Mar,44,16:45,17:00,9,2,2,2,1,1,1,24.5,22.5,15.6,3.56,3.02,1.73,63.2,63.7,39.6
2026-03-17,Tue,Mar,45,17:00,17:15,8,2,2,1,1,1,1,21.0,18.2,14.1,3.08,2.83,2.09,67.2,67.3,37.8
2026-03-17,Tue,Mar,46,17:15,17:30,7,2,1,1,1,1,1,20.4,17.4,12.7,2.93,2.48,1.78,67.0,62.9,37.9
2026-03-17,Tue,Mar,47,17:30,17:45,7,2,1,1,1,1,1,21.1,19.0,13.3,2.99,2.24,1.75,59.2,63.7,37.0
2026-03-17,Tue,Mar,48,17:45,18:00,7,2,1,1,1,1,1,20.1,17.5,14.2,2.69,2.16,1.66,60.2,65.8,40.5
2026-03-18,Wed,Mar,1,06:00,06:15,6,1,1,1,1,1,1,21.3,17.8,10.1,2.94,2.86,1.6,65.7,60.7,35.5
2026-03-18,Wed,Mar,2,06:15,06:30,7,2,1,1,1,1,1,21.4,19.8,10.3,3.35,3.0,1.71,64.3,57.1,38.3
2026-03-18,Wed,Mar,3,06:30,06:45,7,2,1,1,1,1,1,19.7,16.3,10.9,3.39,3.11,1.54,68.4,56.0,38.2
2026-03-18,Wed,Mar,4,06:45,07:00,9,2,2,2,1,1,1,23.9,19.9,14.5,3.42,3.58,1.97,69.8,58.5,39.8
2026-03-18,Wed,Mar,5,07:00,07:15,11,2,2,2,2,2,1,27.4,23.0,14.4,4.11,3.58,2.05,74.7,60.1,40.6
2026-03-18,Wed,Mar,6,07:15,07:30,12,3,2,2,2,2,1,26.9,26.4,16.6,4.13,3.98,2.52,65.0,63.1,38.0
2026-03-18,Wed,Mar,7,07:30,07:45,14,3,3,3,2,2,1,33.0,24.6,16.3,4.85,3.57,2.46,74.8,61.5,41.6
2026-03-18,Wed,Mar,8,07:45,08:00,17,4,3,3,3,2,2,32.7,24.6,19.0,5.73,4.76,2.68,73.2,66.9,42.7
2026-03-18,Wed,Mar,9,08:00,08:15,18,4,4,3,3,2,2,37.5,27.9,19.0,5.3,4.25,2.68,80.9,65.1,43.2
2026-03-18,Wed,Mar,10,08:15,08:30,15,3,3,3,2,2,2,29.6,25.4,18.0,4.85,4.62,2.72,73.1,65.1,39.9
2026-03-18,Wed,Mar,11,08:30,08:45,14,3,3,3,2,2,1,32.1,24.1,18.4,4.87,3.62,2.59,73.9,58.5,39.6
2026-03-18,Wed,Mar,12,08:45,09:00,13,3,3,2,2,2,1,28.9,26.7,13.8,4.01,4.58,1.93,72.5,63.0,39.2
2026-03-18,Wed,Mar,13,09:00,09:15,11,2,2,2,2,2,1,28.1,19.8,14.5,3.9,3.48,2.14,71.6,59.2,38.8
2026-03-18,Wed,Mar,14,09:15,09:30,11,2,2,2,2,2,1,24.8,21.4,14.4,4.46,3.79,2.09,76.4,55.9,40.0
2026-03-18,Wed,Mar,15,09:30,09:45,8,2,2,1,1,1,1,23.8,20.6,12.2,3.17,3.31,1.91,65.6,60.2,38.4
2026-03-18,Wed,Mar,16,09:45,10:00,7,2,1,1,1,1,1,19.4,17.9,12.9,3.55,2.73,2.03,60.1,56.8,33.2
2026-03-18,Wed,Mar,17,10:00,10:15,6,1,1,1,1,1,1,22.8,17.1,12.5,2.66,2.45,1.66,67.6,64.1,35.7
2026-03-18,Wed,Mar,18,10:15,10:30,6,1,1,1,1,1,1,18.5,16.8,11.1,3.11,2.74,1.86,64.3,57.4,35.7
2026-03-18,Wed,Mar,19,10:30,10:45,7,2,1,1,1,1,1,20.9,18.3,11.7,3.33,3.27,1.74,62.8,49.7,37.7
2026-03-18,Wed,Mar,20,10:45,11:00,7,2,1,1,1,1,1,22.7,17.0,12.3,3.11,2.64,1.88,62.6,54.7,36.8
2026-03-18,Wed,Mar,21,11:00,11:15,8,2,2,1,1,1,1,23.9,19.0,12.7,3.13,3.42,1.79,71.8,56.1,38.6
2026-03-18,Wed,Mar,22,11:15,11:30,7,2,1,1,1,1,1,22.2,19.4,11.2,2.67,2.84,1.52,61.4,54.8,36.9
2026-03-18,Wed,Mar,23,11:30,11:45,7,2,1,1,1,1,1,21.3,20.2,12.2,3.0,2.9,1.68,59.6,58.8,38.5
2026-03-18,Wed,Mar,24,11:45,12:00,8,2,2,1,1,1,1,22.0,21.2,12.7,2.98,3.18,1.81,62.3,57.0,37.3
2026-03-18,Wed,Mar,25,12:00,12:15,8,2,2,1,1,1,1,20.7,19.5,11.5,3.35,2.82,2.0,64.2,58.0,35.2
2026-03-18,Wed,Mar,26,12:15,12:30,7,2,1,1,1,1,1,25.3,18.8,13.2,3.03,2.71,1.81,65.1,56.0,38.2
2026-03-18,Wed,Mar,27,12:30,12:45,7,2,1,1,1,1,1,22.3,16.0,11.8,3.59,2.49,1.81,60.5,58.0,37.1
2026-03-18,Wed,Mar,28,12:45,13:00,8,2,2,1,1,1,1,24.1,17.4,13.5,3.42,3.03,1.73,71.5,59.1,40.3
2026-03-18,Wed,Mar,29,13:00,13:15,8,2,2,1,1,1,1,24.0,18.8,13.0,3.5,2.82,1.77,66.8,54.0,36.6
2026-03-18,Wed,Mar,30,13:15,13:30,9,2,2,2,1,1,1,23.6,20.4,13.5,3.66,3.21,1.82,68.6,59.1,41.7
2026-03-18,Wed,Mar,31,13:30,13:45,9,2,2,2,1,1,1,23.6,20.5,12.7,3.76,3.23,1.87,66.2,56.1,36.8
2026-03-18,Wed,Mar,32,13:45,14:00,7,2,1,1,1,1,1,23.3,16.5,12.9,3.25,2.8,1.63,69.8,55.2,36.7
2026-03-18,Wed,Mar,33,14:00,14:15,7,2,1,1,1,1,1,21.0,18.8,10.7,3.6,2.72,1.85,64.5,58.0,39.2
2026-03-18,Wed,Mar,34,14:15,14:30,8,2,2,1,1,1,1,19.3,21.1,11.9,3.36,2.98,1.85,63.7,61.9,36.1
2026-03-18,Wed,Mar,35,14:30,14:45,10,2,2,2,2,1,1,24.4,23.3,12.0,3.45,3.41,1.82,70.7,63.2,40.6
2026-03-18,Wed,Mar,36,14:45,15:00,11,2,2,2,2,2,1,31.1,23.6,16.9,3.6,3.73,1.86,78.3,64.2,39.5
2026-03-18,Wed,Mar,37,15:00,15:15,10,2,2,2,2,1,1,24.7,21.8,13.3,2.91,3.5,2.04,59.5,52.7,39.0
2026-03-18,Wed,Mar,38,15:15,15:30,15,3,3,3,2,2,2,27.9,25.8,16.2,4.8,4.33,2.59,73.0,66.4,42.2
2026-03-18,Wed,Mar,39,15:30,15:45,14,3,3,3,2,2,1,29.0,29.0,16.8,3.97,5.04,2.76,78.5,64.9,38.2
2026-03-18,Wed,Mar,40,15:45,16:00,14,3,3,3,2,2,1,29.3,24.5,14.7,4.07,4.21,2.75,71.0,64.9,36.9
2026-03-18,Wed,Mar,41,16:00,16:15,15,3,3,3,2,2,2,31.5,25.2,17.4,4.54,4.25,3.06,71.2,64.5,42.2
2026-03-18,Wed,Mar,42,16:15,16:30,12,3,2,2,2,2,1,27.7,22.8,16.1,4.14,3.6,1.92,68.1,58.8,39.9
2026-03-18,Wed,Mar,43,16:30,16:45,14,3,3,3,2,2,1,27.4,28.1,16.8,4.59,4.85,2.86,76.9,57.4,40.2
2026-03-18,Wed,Mar,44,16:45,17:00,12,3,2,2,2,2,1,24.5,23.5,17.1,3.89,3.9,2.42,73.2,67.3,41.4
2026-03-18,Wed,Mar,45,17:00,17:15,10,2,2,2,2,1,1,21.9,21.4,12.1,3.84,3.4,1.98,70.2,62.3,39.6
2026-03-18,Wed,Mar,46,17:15,17:30,9,2,2,2,1,1,1,24.0,18.7,14.2,3.04,3.15,1.74,66.4,55.6,39.3
2026-03-18,Wed,Mar,47,17:30,17:45,8,2,2,1,1,1,1,23.2,19.1,13.1,3.7,2.68,1.92,66.5,60.1,37.7
2026-03-18,Wed,Mar,48,17:45,18:00,7,2,1,1,1,1,1,21.3,18.0,13.9,3.97,3.03,1.97,66.1,52.9,34.1
2026-03-19,Thu,Mar,1,06:00,06:15,5,1,1,1,1,1,0,19.6,14.8,10.8,2.31,2.5,1.83,53.4,53.9,34.4
2026-03-19,Thu,Mar,2,06:15,06:30,5,1,1,1,1,1,0,17.3,15.6,10.9,2.34,2.57,2.02,55.9,58.9,38.6
2026-03-19,Thu,Mar,3,06:30,06:45,6,1,1,1,1,1,1,17.7,16.8,13.4,2.67,3.39,2.13,54.7,61.3,34.7
2026-03-19,Thu,Mar,4,06:45,07:00,8,2,2,1,1,1,1,18.8,18.9,11.6,3.18,3.21,2.44,61.4,62.7,36.3
2026-03-19,Thu,Mar,5,07:00,07:15,11,2,2,2,2,2,1,24.1,21.9,14.2,4.03,3.67,3.0,66.1,64.2,37.3
2026-03-19,Thu,Mar,6,07:15,07:30,12,3,2,2,2,2,1,26.5,22.5,17.6,4.05,4.55,3.02,59.9,67.4,40.7
2026-03-19,Thu,Mar,7,07:30,07:45,16,3,3,3,3,2,2,29.6,27.2,20.5,4.92,5.0,3.66,69.5,66.1,41.3
2026-03-19,Thu,Mar,8,07:45,08:00,17,4,3,3,3,2,2,28.1,29.7,20.2,4.74,5.47,3.27,67.4,67.1,43.6
2026-03-19,Thu,Mar,9,08:00,08:15,15,3,3,3,2,2,2,27.9,24.3,21.6,4.54,4.92,3.25,63.6,70.4,43.5
2026-03-19,Thu,Mar,10,08:15,08:30,16,3,3,3,3,2,2,32.0,25.7,21.7,4.93,5.02,3.43,68.4,78.1,41.3
2026-03-19,Thu,Mar,11,08:30,08:45,14,3,3,3,2,2,1,25.7,25.0,18.3,4.59,4.27,2.61,65.8,61.6,40.5
2026-03-19,Thu,Mar,12,08:45,09:00,11,2,2,2,2,2,1,25.1,22.6,15.6,3.74,4.02,2.34,62.4,62.9,39.4
2026-03-19,Thu,Mar,13,09:00,09:15,11,2,2,2,2,2,1,23.8,20.9,16.3,3.66,3.9,2.55,66.0,60.7,39.9
2026-03-19,Thu,Mar,14,09:15,09:30,9,2,2,2,1,1,1,21.1,20.5,15.8,3.11,3.64,1.91,56.1,64.1,36.2
2026-03-19,Thu,Mar,15,09:30,09:45,6,1,1,1,1,1,1,21.7,14.6,11.8,2.78,2.79,1.84,55.1,59.4,37.3
2026-03-19,Thu,Mar,16,09:45,10:00,6,1,1,1,1,1,1,17.3,18.2,14.6,2.85,2.84,1.97,59.0,58.7,35.6
2026-03-19,Thu,Mar,17,10:00,10:15,6,1,1,1,1,1,1,18.8,15.8,12.9,2.88,3.05,2.05,64.4,56.7,35.3
2026-03-19,Thu,Mar,18,10:15,10:30,5,1,1,1,1,1,0,17.3,16.8,10.5,2.68,2.74,1.53,62.3,61.0,35.0
2026-03-19,Thu,Mar,19,10:30,10:45,5,1,1,1,1,1,0,16.9,15.8,11.6,2.84,2.69,1.63,59.8,59.8,34.7
2026-03-19,Thu,Mar,20,10:45,11:00,6,1,1,1,1,1,1,19.0,16.6,12.9,2.84,2.83,1.9,57.0,62.5,38.6
2026-03-19,Thu,Mar,21,11:00,11:15,7,2,1,1,1,1,1,21.9,19.7,11.7,2.91,2.94,1.81,56.5,61.8,34.7
2026-03-19,Thu,Mar,22,11:15,11:30,8,2,2,1,1,1,1,21.4,18.5,14.6,3.19,3.22,2.1,59.2,58.3,35.8
2026-03-19,Thu,Mar,23,11:30,11:45,6,1,1,1,1,1,1,20.1,17.4,13.0,2.73,2.86,2.15,58.0,54.3,36.0
2026-03-19,Thu,Mar,24,11:45,12:00,8,2,2,1,1,1,1,21.3,17.1,16.1,2.96,2.84,2.21,61.4,65.2,36.1
2026-03-19,Thu,Mar,25,12:00,12:15,9,2,2,2,1,1,1,26.3,20.8,14.0,3.61,3.91,2.43,56.7,62.7,36.3
2026-03-19,Thu,Mar,26,12:15,12:30,9,2,2,2,1,1,1,22.9,20.6,12.4,2.76,2.96,2.52,57.6,63.9,39.7
2026-03-19,Thu,Mar,27,12:30,12:45,8,2,2,1,1,1,1,19.4,18.3,14.0,3.49,3.39,1.97,59.4,60.2,38.3
2026-03-19,Thu,Mar,28,12:45,13:00,9,2,2,2,1,1,1,22.6,21.5,13.8,3.52,3.46,2.32,52.5,58.0,34.8
2026-03-19,Thu,Mar,29,13:00,13:15,8,2,2,1,1,1,1,22.5,19.8,14.8,3.08,3.82,1.88,59.3,63.4,39.4
2026-03-19,Thu,Mar,30,13:15,13:30,6,1,1,1,1,1,1,18.3,17.0,14.1,2.79,2.59,1.84,58.4,57.6,35.6
2026-03-19,Thu,Mar,31,13:30,13:45,7,2,1,1,1,1,1,18.2,15.9,14.6,3.14,3.03,1.92,57.0,60.0,37.9
2026-03-19,Thu,Mar,32,13:45,14:00,8,2,2,1,1,1,1,21.6,16.9,15.3,3.35,2.96,2.01,59.3,68.0,38.1
2026-03-19,Thu,Mar,33,14:00,14:15,9,2,2,2,1,1,1,24.9,21.0,12.7,4.23,3.43,2.15,56.9,60.9,36.4
2026-03-19,Thu,Mar,34,14:15,14:30,8,2,2,1,1,1,1,20.9,17.8,13.0,3.12,3.25,1.99,61.9,57.2,35.6
2026-03-19,Thu,Mar,35,14:30,14:45,10,2,2,2,2,1,1,22.0,17.9,14.2,3.85,3.69,2.12,58.0,62.7,40.4
2026-03-19,Thu,Mar,36,14:45,15:00,10,2,2,2,2,1,1,21.4,21.6,14.8,3.83,3.45,2.24,61.9,63.9,38.8
2026-03-19,Thu,Mar,37,15:00,15:15,9,2,2,2,1,1,1,23.3,19.7,14.6,2.95,3.54,2.18,61.0,60.9,36.5
2026-03-19,Thu,Mar,38,15:15,15:30,12,3,2,2,2,2,1,27.6,24.0,18.0,3.74,4.08,2.47,58.1,67.3,41.1
2026-03-19,Thu,Mar,39,15:30,15:45,12,3,2,2,2,2,1,25.6,25.2,17.5,4.07,3.84,3.02,63.6,67.3,40.1
2026-03-19,Thu,Mar,40,15:45,16:00,11,2,2,2,2,2,1,26.3,22.7,14.6,4.27,3.76,2.12,64.3,55.8,42.7
2026-03-19,Thu,Mar,41,16:00,16:15,15,3,3,3,2,2,2,27.6,26.4,19.7,4.18,4.78,3.35,68.7,66.1,43.1
2026-03-19,Thu,Mar,42,16:15,16:30,12,3,2,2,2,2,1,27.7,25.0,17.1,3.95,4.1,2.9,65.5,74.3,36.9
2026-03-19,Thu,Mar,43,16:30,16:45,12,3,2,2,2,2,1,26.3,23.4,17.9,4.02,4.04,2.54,59.0,61.4,44.4
2026-03-19,Thu,Mar,44,16:45,17:00,11,2,2,2,2,2,1,25.4,22.8,15.8,3.56,3.5,2.24,59.1,65.6,41.5
2026-03-19,Thu,Mar,45,17:00,17:15,9,2,2,2,1,1,1,23.0,19.1,14.0,3.57,3.32,2.38,52.9,63.7,38.1
2026-03-19,Thu,Mar,46,17:15,17:30,10,2,2,2,2,1,1,24.0,21.3,15.4,3.7,4.01,2.13,69.5,59.7,36.2
2026-03-19,Thu,Mar,47,17:30,17:45,7,2,1,1,1,1,1,20.5,18.4,13.2,3.01,2.92,2.17,60.9,59.2,32.8
2026-03-19,Thu,Mar,48,17:45,18:00,5,1,1,1,1,1,0,18.6,15.5,11.5,2.36,2.69,1.84,54.8,58.6,32.3
2026-03-20,Fri,Mar,1,06:00,06:15,5,1,1,1,1,1,0,21.9,17.6,10.4,2.81,2.03,1.29,63.0,55.1,35.7
2026-03-20,Fri,Mar,2,06:15,06:30,6,1,1,1,1,1,1,22.1,18.9,10.6,2.5,2.6,1.44,60.7,54.4,37.5
2026-03-20,Fri,Mar,3,06:30,06:45,7,2,1,1,1,1,1,21.1,16.5,13.0,2.94,2.81,1.69,62.9,58.9,39.0
2026-03-20,Fri,Mar,4,06:45,07:00,9,2,2,2,1,1,1,23.5,20.9,10.9,3.9,3.0,1.85,67.1,59.1,42.1
2026-03-20,Fri,Mar,5,07:00,07:15,10,2,2,2,2,1,1,25.9,21.5,10.8,3.26,2.56,2.14,68.9,58.2,40.3
2026-03-20,Fri,Mar,6,07:15,07:30,12,3,2,2,2,2,1,27.3,23.0,13.6,3.66,3.12,1.63,67.5,66.2,42.0
2026-03-20,Fri,Mar,7,07:30,07:45,12,3,2,2,2,2,1,28.9,21.5,13.7,4.09,3.47,2.09,65.6,60.4,45.7
2026-03-20,Fri,Mar,8,07:45,08:00,16,3,3,3,3,2,2,34.7,30.0,16.4,4.2,4.83,2.52,74.3,65.4,45.6
2026-03-20,Fri,Mar,9,08:00,08:15,15,3,3,3,2,2,2,32.8,23.9,16.0,4.5,4.12,2.65,70.7,68.1,46.8
2026-03-20,Fri,Mar,10,08:15,08:30,13,3,3,2,2,2,1,29.6,27.6,13.0,3.8,3.82,2.14,68.7,62.1,42.5
2026-03-20,Fri,Mar,11,08:30,08:45,13,3,3,2,2,2,1,28.1,24.4,14.6,3.92,3.29,2.29,66.5,62.1,41.0
2026-03-20,Fri,Mar,12,08:45,09:00,12,3,2,2,2,2,1,27.6,25.7,14.2,3.46,3.31,1.95,67.7,60.0,43.7
2026-03-20,Fri,Mar,13,09:00,09:15,11,2,2,2,2,2,1,26.2,21.9,13.8,3.89,3.15,1.96,70.8,59.3,41.7
2026-03-20,Fri,Mar,14,09:15,09:30,9,2,2,2,1,1,1,25.5,21.1,11.0,3.44,2.9,2.11,64.9,57.5,40.3
2026-03-20,Fri,Mar,15,09:30,09:45,8,2,2,1,1,1,1,19.9,19.9,12.4,3.67,2.72,1.8,63.3,54.2,41.1
2026-03-20,Fri,Mar,16,09:45,10:00,6,1,1,1,1,1,1,19.3,17.1,9.8,2.91,2.75,1.66,57.8,50.8,39.3
2026-03-20,Fri,Mar,17,10:00,10:15,7,2,1,1,1,1,1,21.8,19.7,10.8,3.14,3.37,1.7,61.9,55.2,36.4
2026-03-20,Fri,Mar,18,10:15,10:30,6,1,1,1,1,1,1,20.9,17.5,10.5,2.92,2.32,1.55,65.1,54.3,39.0
2026-03-20,Fri,Mar,19,10:30,10:45,6,1,1,1,1,1,1,21.7,17.7,10.1,2.75,2.55,1.71,61.4,57.0,36.1
2026-03-20,Fri,Mar,20,10:45,11:00,6,1,1,1,1,1,1,19.1,17.3,10.9,3.26,2.47,1.41,62.7,60.6,39.4
2026-03-20,Fri,Mar,21,11:00,11:15,7,2,1,1,1,1,1,21.1,18.5,10.1,2.92,2.94,1.84,61.6,61.7,41.9
2026-03-20,Fri,Mar,22,11:15,11:30,6,1,1,1,1,1,1,22.5,17.8,11.5,2.92,2.88,1.71,57.5,57.5,37.6
2026-03-20,Fri,Mar,23,11:30,11:45,8,2,2,1,1,1,1,21.0,16.0,12.1,3.2,3.02,1.67,64.2,61.0,44.6
2026-03-20,Fri,Mar,24,11:45,12:00,7,2,1,1,1,1,1,20.9,18.0,11.8,3.51,2.29,1.91,62.6,61.8,38.3
2026-03-20,Fri,Mar,25,12:00,12:15,7,2,1,1,1,1,1,23.4,20.1,9.7,3.3,2.79,1.79,68.1,56.2,36.8
2026-03-20,Fri,Mar,26,12:15,12:30,9,2,2,2,1,1,1,21.8,19.2,13.3,3.54,2.65,1.76,67.7,59.8,44.1
2026-03-20,Fri,Mar,27,12:30,12:45,7,2,1,1,1,1,1,21.2,17.3,11.3,3.04,2.59,1.42,63.6,57.9,41.8
2026-03-20,Fri,Mar,28,12:45,13:00,8,2,2,1,1,1,1,21.5,19.9,11.0,3.58,3.12,1.81,64.5,63.9,38.5
2026-03-20,Fri,Mar,29,13:00,13:15,8,2,2,1,1,1,1,23.6,20.0,11.3,3.15,2.9,1.8,66.8,56.9,37.6
2026-03-20,Fri,Mar,30,13:15,13:30,7,2,1,1,1,1,1,18.2,18.3,10.6,2.74,2.85,1.92,65.5,53.1,40.3
2026-03-20,Fri,Mar,31,13:30,13:45,8,2,2,1,1,1,1,21.6,19.5,12.3,2.76,3.33,1.55,65.0,61.5,37.2
2026-03-20,Fri,Mar,32,13:45,14:00,8,2,2,1,1,1,1,20.1,18.2,12.1,3.32,3.05,1.6,64.0,56.0,37.3
2026-03-20,Fri,Mar,33,14:00,14:15,7,2,1,1,1,1,1,21.5,17.8,10.9,2.14,2.54,1.8,64.3,53.2,37.6
2026-03-20,Fri,Mar,34,14:15,14:30,7,2,1,1,1,1,1,22.8,18.1,11.1,2.83,2.47,1.74,60.1,61.8,43.0
2026-03-20,Fri,Mar,35,14:30,14:45,9,2,2,2,1,1,1,24.2,21.7,11.6,3.68,2.72,1.68,61.6,61.6,40.4
2026-03-20,Fri,Mar,36,14:45,15:00,10,2,2,2,2,1,1,22.4,25.6,13.8,3.99,3.19,2.54,64.6,57.6,43.0
2026-03-20,Fri,Mar,37,15:00,15:15,12,3,2,2,2,2,1,26.5,26.0,12.7,3.56,3.36,2.37,65.2,62.4,43.1
2026-03-20,Fri,Mar,38,15:15,15:30,11,2,2,2,2,2,1,27.6,23.9,14.5,4.09,3.52,2.15,65.8,61.2,41.5
2026-03-20,Fri,Mar,39,15:30,15:45,13,3,3,2,2,2,1,28.3,27.3,15.1,4.76,3.09,2.24,73.5,63.5,40.1
2026-03-20,Fri,Mar,40,15:45,16:00,12,3,2,2,2,2,1,23.2,23.5,11.9,4.34,3.41,1.96,67.9,63.9,41.5
2026-03-20,Fri,Mar,41,16:00,16:15,12,3,2,2,2,2,1,24.7,23.0,13.6,4.22,3.41,1.78,69.6,67.6,44.8
2026-03-20,Fri,Mar,42,16:15,16:30,14,3,3,3,2,2,1,31.6,25.1,16.0,3.9,3.46,2.68,70.0,68.0,45.1
2026-03-20,Fri,Mar,43,16:30,16:45,12,3,2,2,2,2,1,26.9,21.1,14.0,4.16,3.87,2.04,66.4,64.3,40.4
2026-03-20,Fri,Mar,44,16:45,17:00,12,3,2,2,2,2,1,28.3,21.2,15.9,4.33,3.38,2.06,66.0,69.5,44.8
2026-03-20,Fri,Mar,45,17:00,17:15,11,2,2,2,2,2,1,24.6,21.6,13.4,3.53,3.21,2.17,60.3,64.4,40.6
2026-03-20,Fri,Mar,46,17:15,17:30,9,2,2,2,1,1,1,23.3,18.6,12.9,3.06,2.67,2.2,61.2,63.5,38.7
2026-03-20,Fri,Mar,47,17:30,17:45,7,2,1,1,1,1,1,22.6,18.1,10.6,2.82,2.95,1.79,67.0,54.4,40.6
2026-03-20,Fri,Mar,48,17:45,18:00,6,1,1,1,1,1,1,18.6,19.4,8.9,3.17,2.6,1.67,58.5,52.5,37.2
2026-03-23,Mon,Mar,1,06:00,06:15,5,1,1,1,1,1,0,16.7,18.6,10.7,2.64,2.43,1.8,63.2,50.1,35.2
2026-03-23,Mon,Mar,2,06:15,06:30,5,1,1,1,1,1,0,16.7,18.0,10.4,2.63,2.22,1.88,63.4,48.0,40.0
2026-03-23,Mon,Mar,3,06:30,06:45,8,2,2,1,1,1,1,21.1,18.7,13.2,3.36,2.83,2.66,69.5,54.0,41.8
2026-03-23,Mon,Mar,4,06:45,07:00,9,2,2,2,1,1,1,21.5,20.4,14.1,2.94,3.31,2.35,72.6,58.4,39.8
2026-03-23,Mon,Mar,5,07:00,07:15,11,2,2,2,2,2,1,22.9,23.1,16.2,3.44,3.24,2.5,72.7,50.9,43.3
2026-03-23,Mon,Mar,6,07:15,07:30,11,2,2,2,2,2,1,23.3,20.1,15.4,3.42,3.66,2.44,63.9,59.3,38.0
2026-03-23,Mon,Mar,7,07:30,07:45,15,3,3,3,2,2,2,28.8,26.9,17.9,3.66,3.97,2.83,72.9,62.8,41.3
2026-03-23,Mon,Mar,8,07:45,08:00,16,3,3,3,3,2,2,31.2,30.0,19.4,4.67,4.64,2.99,79.3,57.8,42.8
2026-03-23,Mon,Mar,9,08:00,08:15,16,3,3,3,3,2,2,28.1,26.9,17.6,3.94,4.03,3.39,75.5,57.5,41.2
2026-03-23,Mon,Mar,10,08:15,08:30,16,3,3,3,3,2,2,27.3,27.8,20.6,4.84,4.69,3.43,77.1,57.5,43.8
2026-03-23,Mon,Mar,11,08:30,08:45,17,4,3,3,3,2,2,30.5,28.6,19.8,5.15,4.69,2.92,79.6,62.4,43.4
2026-03-23,Mon,Mar,12,08:45,09:00,13,3,3,2,2,2,1,24.9,26.5,14.7,4.46,4.06,2.78,71.9,55.3,37.3
2026-03-23,Mon,Mar,13,09:00,09:15,10,2,2,2,2,1,1,21.1,23.3,14.8,3.81,3.4,2.66,70.0,56.5,35.5
2026-03-23,Mon,Mar,14,09:15,09:30,8,2,2,1,1,1,1,21.8,20.0,12.7,3.17,3.2,2.36,65.6,49.2,39.8
2026-03-23,Mon,Mar,15,09:30,09:45,8,2,2,1,1,1,1,20.2,20.1,13.1,3.35,2.27,2.39,66.1,49.7,39.7
2026-03-23,Mon,Mar,16,09:45,10:00,6,1,1,1,1,1,1,16.0,17.5,12.5,3.08,2.79,1.69,70.0,55.3,39.9
2026-03-23,Mon,Mar,17,10:00,10:15,5,1,1,1,1,1,0,16.3,16.5,10.3,2.47,2.3,1.67,63.6,52.1,34.8
2026-03-23,Mon,Mar,18,10:15,10:30,5,1,1,1,1,1,0,17.4,15.8,10.6,2.62,2.29,1.52,69.2,53.0,39.0
2026-03-23,Mon,Mar,19,10:30,10:45,7,2,1,1,1,1,1,19.0,17.7,13.2,2.51,2.5,2.06,67.6,52.6,37.5
2026-03-23,Mon,Mar,20,10:45,11:00,6,1,1,1,1,1,1,20.1,18.4,12.3,2.71,3.09,2.17,64.4,55.8,34.5
2026-03-23,Mon,Mar,21,11:00,11:15,7,2,1,1,1,1,1,19.1,17.8,14.6,3.59,2.55,2.12,65.9,57.3,38.3
2026-03-23,Mon,Mar,22,11:15,11:30,6,1,1,1,1,1,1,17.0,15.1,9.7,3.06,2.45,1.65,65.4,47.2,36.3
2026-03-23,Mon,Mar,23,11:30,11:45,7,2,1,1,1,1,1,17.8,17.5,12.3,2.39,2.79,2.13,63.8,53.3,38.6
2026-03-23,Mon,Mar,24,11:45,12:00,7,2,1,1,1,1,1,18.2,20.8,10.9,3.11,2.69,2.26,68.0,60.0,41.0
2026-03-23,Mon,Mar,25,12:00,12:15,8,2,2,1,1,1,1,18.4,18.7,11.6,3.49,3.01,2.49,66.6,55.3,39.9
2026-03-23,Mon,Mar,26,12:15,12:30,9,2,2,2,1,1,1,20.1,21.1,14.2,3.33,3.01,2.2,65.7,51.3,40.6
2026-03-23,Mon,Mar,27,12:30,12:45,9,2,2,2,1,1,1,21.8,19.5,15.5,3.92,3.52,2.24,64.0,54.1,40.6
2026-03-23,Mon,Mar,28,12:45,13:00,8,2,2,1,1,1,1,23.6,20.2,11.7,3.17,2.5,2.44,70.7,53.9,39.3
2026-03-23,Mon,Mar,29,13:00,13:15,9,2,2,2,1,1,1,22.8,21.7,13.5,2.89,3.42,2.88,67.3,59.5,42.6
2026-03-23,Mon,Mar,30,13:15,13:30,7,2,1,1,1,1,1,17.8,19.1,13.0,3.02,2.72,1.78,69.1,51.5,35.6
2026-03-23,Mon,Mar,31,13:30,13:45,8,2,2,1,1,1,1,20.6,19.8,11.9,3.62,2.97,2.11,68.8,49.6,37.8
2026-03-23,Mon,Mar,32,13:45,14:00,8,2,2,1,1,1,1,19.0,17.4,10.5,3.34,2.86,2.16,69.9,50.0,37.9
2026-03-23,Mon,Mar,33,14:00,14:15,6,1,1,1,1,1,1,17.7,19.1,12.8,3.14,2.58,1.91,65.3,48.5,36.6
2026-03-23,Mon,Mar,34,14:15,14:30,8,2,2,1,1,1,1,21.5,20.0,12.5,3.07,2.84,2.26,68.9,53.7,38.4
2026-03-23,Mon,Mar,35,14:30,14:45,10,2,2,2,2,1,1,19.1,19.2,14.2,3.9,3.31,2.35,59.9,57.1,37.6
2026-03-23,Mon,Mar,36,14:45,15:00,10,2,2,2,2,1,1,22.5,22.6,12.4,3.57,2.81,2.54,73.1,53.8,40.7
2026-03-23,Mon,Mar,37,15:00,15:15,11,2,2,2,2,2,1,23.1,21.7,14.3,3.32,3.55,2.73,65.6,51.9,40.1
2026-03-23,Mon,Mar,38,15:15,15:30,13,3,3,2,2,2,1,26.9,25.8,16.5,4.5,4.54,2.74,70.7,56.3,42.2
2026-03-23,Mon,Mar,39,15:30,15:45,13,3,3,2,2,2,1,24.3,21.8,17.0,4.82,3.72,2.82,74.7,57.3,43.3
2026-03-23,Mon,Mar,40,15:45,16:00,13,3,3,2,2,2,1,28.3,24.5,15.3,4.9,3.86,3.1,73.7,52.2,42.5
2026-03-23,Mon,Mar,41,16:00,16:15,12,3,2,2,2,2,1,25.1,23.5,14.7,3.98,3.24,2.38,73.0,57.4,41.4
2026-03-23,Mon,Mar,42,16:15,16:30,12,3,2,2,2,2,1,24.7,23.3,16.4,4.0,3.96,2.63,74.8,58.7,43.1
2026-03-23,Mon,Mar,43,16:30,16:45,14,3,3,3,2,2,1,29.3,26.7,16.5,4.5,4.05,2.56,71.7,61.0,43.9
2026-03-23,Mon,Mar,44,16:45,17:00,12,3,2,2,2,2,1,25.5,25.0,15.8,4.28,3.59,2.94,62.7,56.6,35.6
2026-03-23,Mon,Mar,45,17:00,17:15,10,2,2,2,2,1,1,22.4,24.5,15.7,3.37,3.61,1.92,70.0,56.5,40.1
2026-03-23,Mon,Mar,46,17:15,17:30,8,2,2,1,1,1,1,20.1,18.6,14.3,3.35,3.03,2.36,61.4,50.5,36.3
2026-03-23,Mon,Mar,47,17:30,17:45,8,2,2,1,1,1,1,21.6,19.7,13.1,4.04,3.09,2.44,66.5,57.4,38.3
2026-03-23,Mon,Mar,48,17:45,18:00,6,1,1,1,1,1,1,18.1,18.4,11.2,2.9,2.69,2.13,57.4,55.3,38.5
2026-03-24,Tue,Mar,1,06:00,06:15,4,1,1,1,1,0,0,15.9,14.6,7.9,2.77,2.33,1.8,53.1,55.6,37.0
2026-03-24,Tue,Mar,2,06:15,06:30,5,1,1,1,1,1,0,18.5,15.8,8.5,2.59,2.19,1.54,59.7,56.0,39.6
2026-03-24,Tue,Mar,3,06:30,06:45,7,2,1,1,1,1,1,18.7,19.1,9.1,2.79,2.68,1.83,61.6,55.8,38.7
2026-03-24,Tue,Mar,4,06:45,07:00,8,2,2,1,1,1,1,22.8,18.9,10.0,3.28,2.54,1.61,60.3,64.7,42.5
2026-03-24,Tue,Mar,5,07:00,07:15,9,2,2,2,1,1,1,17.7,17.6,10.2,3.68,3.49,2.08,65.8,62.6,44.3
2026-03-24,Tue,Mar,6,07:15,07:30,11,2,2,2,2,2,1,24.7,21.7,11.2,3.99,3.38,2.1,65.8,70.4,46.7
2026-03-24,Tue,Mar,7,07:30,07:45,13,3,3,2,2,2,1,28.4,22.4,15.5,4.02,3.88,2.2,65.0,62.3,45.7
2026-03-24,Tue,Mar,8,07:45,08:00,15,3,3,3,2,2,2,26.8,24.3,15.0,4.31,4.63,3.14,66.2,70.8,45.8
2026-03-24,Tue,Mar,9,08:00,08:15,14,3,3,3,2,2,1,27.4,24.9,14.5,4.18,3.77,2.52,70.0,68.2,47.7
2026-03-24,Tue,Mar,10,08:15,08:30,15,3,3,3,2,2,2,27.4,24.3,13.2,3.92,3.8,2.88,71.2,67.5,45.5
2026-03-24,Tue,Mar,11,08:30,08:45,15,3,3,3,2,2,2,28.5,28.0,14.1,4.6,4.44,2.93,69.9,72.2,50.8
2026-03-24,Tue,Mar,12,08:45,09:00,11,2,2,2,2,2,1,25.3,19.3,11.2,3.49,3.28,2.39,64.4,67.0,44.1
2026-03-24,Tue,Mar,13,09:00,09:15,9,2,2,2,1,1,1,17.1,19.2,10.9,3.39,2.87,1.79,59.5,61.3,43.3
2026-03-24,Tue,Mar,14,09:15,09:30,9,2,2,2,1,1,1,20.5,19.8,11.3,3.29,2.4,2.24,62.5,58.6,42.1
2026-03-24,Tue,Mar,15,09:30,09:45,6,1,1,1,1,1,1,17.7,15.2,9.2,2.95,2.42,1.91,60.6,55.8,41.3
2026-03-24,Tue,Mar,16,09:45,10:00,6,1,1,1,1,1,1,17.7,15.6,10.5,2.36,2.73,1.8,55.7,64.0,38.9
2026-03-24,Tue,Mar,17,10:00,10:15,6,1,1,1,1,1,1,19.1,15.0,9.3,2.99,2.28,1.75,63.1,62.1,41.4
2026-03-24,Tue,Mar,18,10:15,10:30,5,1,1,1,1,1,0,18.5,15.3,9.6,2.61,2.55,1.58,61.8,56.2,40.1
2026-03-24,Tue,Mar,19,10:30,10:45,6,1,1,1,1,1,1,17.8,15.8,8.6,3.1,2.11,1.92,62.2,60.8,38.0
2026-03-24,Tue,Mar,20,10:45,11:00,6,1,1,1,1,1,1,17.9,12.9,8.4,2.51,2.18,1.73,60.6,63.6,40.3
2026-03-24,Tue,Mar,21,11:00,11:15,6,1,1,1,1,1,1,16.8,17.9,8.9,2.83,2.3,1.7,61.7,57.0,41.6
2026-03-24,Tue,Mar,22,11:15,11:30,6,1,1,1,1,1,1,17.6,18.9,9.6,3.04,2.54,1.83,60.0,62.9,40.6
2026-03-24,Tue,Mar,23,11:30,11:45,7,2,1,1,1,1,1,17.5,16.9,9.0,3.17,2.34,1.8,62.4,59.2,41.8
2026-03-24,Tue,Mar,24,11:45,12:00,7,2,1,1,1,1,1,21.2,17.7,9.9,3.65,2.37,1.88,64.5,62.1,40.6
2026-03-24,Tue,Mar,25,12:00,12:15,8,2,2,1,1,1,1,18.0,17.9,9.7,3.57,2.76,1.97,58.9,62.5,39.5
2026-03-24,Tue,Mar,26,12:15,12:30,7,2,1,1,1,1,1,19.6,18.2,9.8,3.11,2.89,1.94,57.5,67.3,38.4
2026-03-24,Tue,Mar,27,12:30,12:45,8,2,2,1,1,1,1,22.6,17.1,10.5,3.06,2.48,2.24,63.6,58.9,38.7
2026-03-24,Tue,Mar,28,12:45,13:00,6,1,1,1,1,1,1,17.1,15.7,9.2,2.81,2.46,1.95,51.9,60.5,42.0
2026-03-24,Tue,Mar,29,13:00,13:15,8,2,2,1,1,1,1,21.9,19.2,9.7,3.29,2.92,1.89,64.6,66.0,42.7
2026-03-24,Tue,Mar,30,13:15,13:30,8,2,2,1,1,1,1,21.2,17.8,9.2,3.3,2.78,1.8,60.0,57.9,43.5
2026-03-24,Tue,Mar,31,13:30,13:45,7,2,1,1,1,1,1,18.6,17.1,9.3,2.31,2.65,1.4,58.2,66.9,39.1
2026-03-24,Tue,Mar,32,13:45,14:00,7,2,1,1,1,1,1,18.5,16.1,10.4,2.76,2.94,2.01,63.4,60.1,40.3
2026-03-24,Tue,Mar,33,14:00,14:15,7,2,1,1,1,1,1,18.5,16.7,9.7,3.25,2.77,2.11,59.8,59.6,39.5
2026-03-24,Tue,Mar,34,14:15,14:30,8,2,2,1,1,1,1,21.1,18.9,11.0,2.28,2.68,1.87,67.5,59.5,41.3
2026-03-24,Tue,Mar,35,14:30,14:45,9,2,2,2,1,1,1,21.8,19.8,10.5,3.25,2.93,1.79,68.0,61.4,41.2
2026-03-24,Tue,Mar,36,14:45,15:00,8,2,2,1,1,1,1,21.7,16.5,10.4,3.59,2.72,2.15,63.6,60.8,42.2
2026-03-24,Tue,Mar,37,15:00,15:15,10,2,2,2,2,1,1,23.0,20.1,11.0,3.34,3.04,2.09,60.3,64.8,40.0
2026-03-24,Tue,Mar,38,15:15,15:30,13,3,3,2,2,2,1,26.3,23.6,12.3,3.2,3.04,2.71,63.7,67.5,44.9
2026-03-24,Tue,Mar,39,15:30,15:45,13,3,3,2,2,2,1,24.3,21.7,12.3,4.85,3.96,2.73,63.9,67.3,44.2
2026-03-24,Tue,Mar,40,15:45,16:00,14,3,3,3,2,2,1,31.6,23.4,13.8,4.99,3.99,2.5,66.9,68.3,47.3
2026-03-24,Tue,Mar,41,16:00,16:15,14,3,3,3,2,2,1,26.2,22.2,13.5,4.36,3.72,2.77,73.8,71.0,44.6
2026-03-24,Tue,Mar,42,16:15,16:30,14,3,3,3,2,2,1,26.7,21.6,12.7,3.9,3.93,2.61,69.9,68.1,44.5
2026-03-24,Tue,Mar,43,16:30,16:45,11,2,2,2,2,2,1,22.8,22.9,13.0,3.97,3.38,2.36,67.7,65.9,47.2
2026-03-24,Tue,Mar,44,16:45,17:00,9,2,2,2,1,1,1,21.5,20.5,10.8,3.16,2.61,1.88,62.0,61.7,40.2
2026-03-24,Tue,Mar,45,17:00,17:15,10,2,2,2,2,1,1,23.8,18.4,10.0,3.66,3.06,1.98,64.4,60.3,43.2
2026-03-24,Tue,Mar,46,17:15,17:30,8,2,2,1,1,1,1,22.7,19.0,9.3,2.57,2.99,2.05,62.7,60.3,42.5
2026-03-24,Tue,Mar,47,17:30,17:45,7,2,1,1,1,1,1,18.1,19.0,10.1,2.81,2.58,1.68,63.9,60.7,42.5
2026-03-24,Tue,Mar,48,17:45,18:00,6,1,1,1,1,1,1,17.9,17.2,9.3,2.97,2.84,1.92,60.1,60.3,42.7
2026-03-25,Wed,Mar,1,06:00,06:15,4,1,1,1,1,0,0,17.7,19.1,9.3,2.75,3.03,1.5,56.7,55.4,34.5
2026-03-25,Wed,Mar,2,06:15,06:30,5,1,1,1,1,1,0,19.1,22.0,11.0,3.14,3.03,1.68,65.3,59.4,33.8
2026-03-25,Wed,Mar,3,06:30,06:45,6,1,1,1,1,1,1,19.7,22.7,10.6,3.44,3.15,1.53,53.6,58.7,34.8
2026-03-25,Wed,Mar,4,06:45,07:00,6,1,1,1,1,1,1,19.7,20.9,10.2,3.76,3.45,1.38,58.9,58.0,33.4
2026-03-25,Wed,Mar,5,07:00,07:15,10,2,2,2,2,1,1,22.2,27.0,11.5,4.14,4.27,1.84,65.8,67.9,37.5
2026-03-25,Wed,Mar,6,07:15,07:30,9,2,2,2,1,1,1,22.4,25.2,12.0,4.84,4.41,2.2,59.2,56.5,34.8
2026-03-25,Wed,Mar,7,07:30,07:45,12,3,2,2,2,2,1,27.3,33.5,16.8,4.46,4.89,2.22,61.7,62.1,37.8
2026-03-25,Wed,Mar,8,07:45,08:00,15,3,3,3,2,2,2,30.8,29.2,16.2,6.35,5.48,2.49,76.5,70.6,37.6
2026-03-25,Wed,Mar,9,08:00,08:15,15,3,3,3,2,2,2,32.8,30.2,17.1,5.08,5.58,2.81,73.4,70.8,42.1
2026-03-25,Wed,Mar,10,08:15,08:30,13,3,3,2,2,2,1,30.0,29.1,15.8,4.96,4.61,2.48,69.1,64.7,39.6
2026-03-25,Wed,Mar,11,08:30,08:45,11,2,2,2,2,2,1,23.1,27.5,13.9,4.37,4.3,2.28,66.4,63.0,37.7
2026-03-25,Wed,Mar,12,08:45,09:00,11,2,2,2,2,2,1,26.5,25.2,14.2,5.25,4.87,2.43,67.3,60.0,36.7
2026-03-25,Wed,Mar,13,09:00,09:15,10,2,2,2,2,1,1,21.2,29.8,12.9,4.64,4.62,2.06,64.6,62.0,36.3
2026-03-25,Wed,Mar,14,09:15,09:30,8,2,2,1,1,1,1,22.7,26.1,11.7,4.04,3.82,1.94,61.8,64.9,35.8
2026-03-25,Wed,Mar,15,09:30,09:45,6,1,1,1,1,1,1,17.9,20.2,10.6,3.15,3.5,1.43,60.0,56.9,31.8
2026-03-25,Wed,Mar,16,09:45,10:00,6,1,1,1,1,1,1,17.7,23.2,11.5,3.24,3.01,1.74,59.3,60.0,33.6
2026-03-25,Wed,Mar,17,10:00,10:15,6,1,1,1,1,1,1,21.2,21.6,11.1,3.72,3.38,1.6,60.8,61.3,34.1
2026-03-25,Wed,Mar,18,10:15,10:30,6,1,1,1,1,1,1,18.5,20.1,10.4,3.57,3.0,1.88,58.9,54.4,34.6
2026-03-25,Wed,Mar,19,10:30,10:45,5,1,1,1,1,1,0,15.5,20.2,10.8,4.1,3.21,1.19,60.5,55.8,33.9
2026-03-25,Wed,Mar,20,10:45,11:00,5,1,1,1,1,1,0,16.0,18.6,10.4,3.48,3.49,1.51,58.6,55.7,33.2
2026-03-25,Wed,Mar,21,11:00,11:15,6,1,1,1,1,1,1,19.7,21.7,10.5,3.89,3.01,1.75,60.6,63.3,35.3
2026-03-25,Wed,Mar,22,11:15,11:30,6,1,1,1,1,1,1,18.7,23.1,10.8,3.47,3.11,1.64,67.4,61.7,35.7
2026-03-25,Wed,Mar,23,11:30,11:45,6,1,1,1,1,1,1,20.4,21.3,10.3,3.28,2.73,1.73,57.6,53.7,31.5
2026-03-25,Wed,Mar,24,11:45,12:00,6,1,1,1,1,1,1,17.6,21.2,9.9,3.8,3.53,1.67,63.2,61.2,36.8
2026-03-25,Wed,Mar,25,12:00,12:15,7,2,1,1,1,1,1,18.8,24.4,11.4,3.44,3.41,1.74,61.7,62.4,38.3
2026-03-25,Wed,Mar,26,12:15,12:30,8,2,2,1,1,1,1,24.0,24.8,10.1,3.4,4.02,1.71,62.8,64.6,35.6
2026-03-25,Wed,Mar,27,12:30,12:45,8,2,2,1,1,1,1,21.4,24.7,12.1,3.98,3.65,2.2,60.5,55.4,34.6
2026-03-25,Wed,Mar,28,12:45,13:00,7,2,1,1,1,1,1,20.2,23.2,11.6,3.64,3.21,1.81,62.6,60.3,37.8
2026-03-25,Wed,Mar,29,13:00,13:15,6,1,1,1,1,1,1,17.4,22.1,10.5,2.81,3.1,1.59,66.9,56.8,31.1
2026-03-25,Wed,Mar,30,13:15,13:30,7,2,1,1,1,1,1,21.6,23.2,10.8,3.52,3.68,1.73,61.0,63.4,32.1
2026-03-25,Wed,Mar,31,13:30,13:45,6,1,1,1,1,1,1,20.6,20.4,9.9,2.96,3.5,1.38,58.3,55.8,35.9
2026-03-25,Wed,Mar,32,13:45,14:00,7,2,1,1,1,1,1,21.9,19.6,11.4,3.44,3.27,1.72,65.9,63.0,35.6
2026-03-25,Wed,Mar,33,14:00,14:15,9,2,2,2,1,1,1,20.1,25.7,12.5,3.76,3.9,2.25,66.1,63.1,35.6
2026-03-25,Wed,Mar,34,14:15,14:30,7,2,1,1,1,1,1,18.0,24.5,12.0,3.59,3.74,1.92,60.0,62.3,33.4
2026-03-25,Wed,Mar,35,14:30,14:45,9,2,2,2,1,1,1,25.7,28.7,13.1,3.81,3.57,1.87,68.7,61.5,34.5
2026-03-25,Wed,Mar,36,14:45,15:00,11,2,2,2,2,2,1,25.7,28.3,14.4,4.29,5.05,2.02,64.7,68.3,35.2
2026-03-25,Wed,Mar,37,15:00,15:15,10,2,2,2,2,1,1,22.3,23.9,14.8,4.03,4.75,1.91,72.7,61.8,35.7
2026-03-25,Wed,Mar,38,15:15,15:30,11,2,2,2,2,2,1,25.3,27.3,15.6,4.64,4.83,2.12,70.5,60.7,36.1
2026-03-25,Wed,Mar,39,15:30,15:45,11,2,2,2,2,2,1,21.0,30.7,15.5,4.7,4.87,2.21,66.5,64.2,38.8
2026-03-25,Wed,Mar,40,15:45,16:00,11,2,2,2,2,2,1,24.9,30.4,14.1,5.24,4.26,2.63,70.6,58.1,38.4
2026-03-25,Wed,Mar,41,16:00,16:15,13,3,3,2,2,2,1,28.9,29.5,16.5,5.87,5.16,2.11,74.3,62.9,35.5
2026-03-25,Wed,Mar,42,16:15,16:30,13,3,3,2,2,2,1,26.3,30.2,15.1,4.23,4.9,2.38,72.2,69.7,36.0
2026-03-25,Wed,Mar,43,16:30,16:45,12,3,2,2,2,2,1,25.9,31.0,13.9,4.88,4.99,2.45,71.3,67.3,36.5
2026-03-25,Wed,Mar,44,16:45,17:00,11,2,2,2,2,2,1,26.0,25.9,14.5,4.57,4.76,2.18,64.9,62.2,38.8
2026-03-25,Wed,Mar,45,17:00,17:15,11,2,2,2,2,2,1,26.1,25.8,13.5,4.63,4.16,2.42,64.8,69.8,36.8
2026-03-25,Wed,Mar,46,17:15,17:30,8,2,2,1,1,1,1,23.0,22.5,12.0,4.13,4.28,2.0,61.1,64.7,38.6
2026-03-25,Wed,Mar,47,17:30,17:45,6,1,1,1,1,1,1,17.4,20.4,10.7,3.11,3.44,1.5,60.9,58.5,35.7
2026-03-25,Wed,Mar,48,17:45,18:00,5,1,1,1,1,1,0,14.9,19.8,9.8,2.9,3.14,1.8,60.5,61.7,33.8
2026-03-26,Thu,Mar,1,06:00,06:15,6,1,1,1,1,1,1,16.5,16.8,10.7,3.24,2.75,1.46,61.4,56.2,39.1
2026-03-26,Thu,Mar,2,06:15,06:30,8,2,2,1,1,1,1,16.6,20.3,12.8,3.67,3.12,1.14,62.5,61.5,42.2
2026-03-26,Thu,Mar,3,06:30,06:45,6,1,1,1,1,1,1,16.0,18.2,10.6,3.15,2.56,1.43,60.5,55.3,38.4
2026-03-26,Thu,Mar,4,06:45,07:00,10,2,2,2,2,1,1,19.3,24.7,13.1,3.78,3.36,1.76,64.3,59.1,41.3
2026-03-26,Thu,Mar,5,07:00,07:15,11,2,2,2,2,2,1,17.3,22.9,14.9,4.08,2.69,1.72,72.6,60.1,44.8
2026-03-26,Thu,Mar,6,07:15,07:30,14,3,3,3,2,2,1,20.9,25.9,16.5,4.42,3.51,1.83,63.9,64.3,47.5
2026-03-26,Thu,Mar,7,07:30,07:45,17,4,3,3,3,2,2,26.2,28.4,17.1,5.98,4.01,2.36,72.1,69.7,46.4
2026-03-26,Thu,Mar,8,07:45,08:00,18,4,4,3,3,2,2,25.4,24.9,17.6,6.24,4.83,2.06,70.0,73.8,48.4
2026-03-26,Thu,Mar,9,08:00,08:15,17,4,3,3,3,2,2,24.3,27.6,15.7,6.02,4.99,1.86,71.0,70.6,46.6
2026-03-26,Thu,Mar,10,08:15,08:30,19,4,4,3,3,3,2,27.3,28.6,17.3,5.35,4.54,2.34,71.8,67.3,45.2
2026-03-26,Thu,Mar,11,08:30,08:45,16,3,3,3,3,2,2,26.6,26.3,17.5,5.76,4.54,2.1,67.7,66.4,45.3
2026-03-26,Thu,Mar,12,08:45,09:00,16,3,3,3,3,2,2,28.3,29.0,17.0,5.36,4.28,2.22,70.5,63.3,47.1
2026-03-26,Thu,Mar,13,09:00,09:15,11,2,2,2,2,2,1,19.3,23.6,12.6,5.08,3.18,2.02,64.8,57.9,42.9
2026-03-26,Thu,Mar,14,09:15,09:30,9,2,2,2,1,1,1,19.7,18.8,11.6,3.39,3.03,1.44,63.5,57.8,43.5
2026-03-26,Thu,Mar,15,09:30,09:45,8,2,2,1,1,1,1,16.8,21.3,12.5,3.86,3.02,1.5,63.4,63.9,44.4
2026-03-26,Thu,Mar,16,09:45,10:00,9,2,2,2,1,1,1,20.3,22.4,11.9,3.68,3.19,1.34,63.5,63.4,43.3
2026-03-26,Thu,Mar,17,10:00,10:15,7,2,1,1,1,1,1,18.3,19.7,11.0,2.99,2.58,1.45,63.9,58.8,41.0
2026-03-26,Thu,Mar,18,10:15,10:30,6,1,1,1,1,1,1,13.9,18.4,11.5,3.51,2.48,1.43,61.2,61.5,40.7
2026-03-26,Thu,Mar,19,10:30,10:45,6,1,1,1,1,1,1,13.9,17.5,10.2,3.29,2.25,1.13,62.1,56.4,38.3
2026-03-26,Thu,Mar,20,10:45,11:00,7,2,1,1,1,1,1,16.8,21.5,11.5,2.99,2.76,1.53,59.5,61.9,36.1
2026-03-26,Thu,Mar,21,11:00,11:15,7,2,1,1,1,1,1,16.5,18.8,11.6,3.51,1.88,1.42,62.4,52.8,38.6
2026-03-26,Thu,Mar,22,11:15,11:30,8,2,2,1,1,1,1,17.3,19.6,11.8,3.42,3.08,1.48,64.4,60.9,44.0
2026-03-26,Thu,Mar,23,11:30,11:45,7,2,1,1,1,1,1,16.6,18.4,10.9,3.6,2.46,1.46,60.3,58.0,40.6
2026-03-26,Thu,Mar,24,11:45,12:00,8,2,2,1,1,1,1,17.3,19.5,11.6,3.53,2.05,1.4,64.9,61.4,45.0
2026-03-26,Thu,Mar,25,12:00,12:15,8,2,2,1,1,1,1,16.4,20.3,11.8,3.84,3.02,1.54,62.5,59.1,38.8
2026-03-26,Thu,Mar,26,12:15,12:30,10,2,2,2,2,1,1,21.0,21.0,13.4,4.12,2.39,1.49,65.0,62.7,45.7
2026-03-26,Thu,Mar,27,12:30,12:45,8,2,2,1,1,1,1,14.6,19.7,11.5,3.97,2.39,1.56,60.6,60.6,39.9
2026-03-26,Thu,Mar,28,12:45,13:00,8,2,2,1,1,1,1,18.6,19.0,12.4,3.7,2.82,1.48,64.5,52.4,40.0
2026-03-26,Thu,Mar,29,13:00,13:15,11,2,2,2,2,2,1,21.2,22.5,11.6,4.56,3.29,1.6,65.9,58.2,43.9
2026-03-26,Thu,Mar,30,13:15,13:30,9,2,2,2,1,1,1,16.6,21.2,12.5,3.16,3.01,1.7,68.8,63.2,41.4
2026-03-26,Thu,Mar,31,13:30,13:45,8,2,2,1,1,1,1,15.8,20.0,10.8,3.62,2.79,1.31,64.5,57.1,41.5
2026-03-26,Thu,Mar,32,13:45,14:00,8,2,2,1,1,1,1,16.8,18.6,12.3,3.39,2.53,1.43,71.0,62.8,40.9
2026-03-26,Thu,Mar,33,14:00,14:15,10,2,2,2,2,1,1,18.3,24.9,12.8,4.24,2.86,1.75,61.0,58.6,42.0
2026-03-26,Thu,Mar,34,14:15,14:30,9,2,2,2,1,1,1,17.9,18.1,11.5,3.96,3.09,1.55,65.3,57.3,43.2
2026-03-26,Thu,Mar,35,14:30,14:45,8,2,2,1,1,1,1,17.1,20.0,10.4,3.01,2.58,1.56,60.6,54.6,43.3
2026-03-26,Thu,Mar,36,14:45,15:00,11,2,2,2,2,2,1,19.3,23.3,12.2,3.42,3.3,1.59,61.1,62.0,44.1
2026-03-26,Thu,Mar,37,15:00,15:15,11,2,2,2,2,2,1,18.0,23.3,12.3,3.85,3.7,1.63,65.7,56.0,42.1
2026-03-26,Thu,Mar,38,15:15,15:30,13,3,3,2,2,2,1,20.8,25.8,13.4,3.84,3.28,1.95,64.4,62.5,46.7
2026-03-26,Thu,Mar,39,15:30,15:45,13,3,3,2,2,2,1,23.6,22.6,14.0,4.58,3.83,1.62,67.1,64.1,42.6
2026-03-26,Thu,Mar,40,15:45,16:00,16,3,3,3,3,2,2,24.1,21.0,16.4,4.98,3.87,1.99,72.9,69.8,44.4
2026-03-26,Thu,Mar,41,16:00,16:15,14,3,3,3,2,2,1,21.8,23.9,14.4,5.22,3.55,1.78,77.2,69.4,44.7
2026-03-26,Thu,Mar,42,16:15,16:30,17,4,3,3,3,2,2,26.3,30.6,16.1,4.94,3.47,2.21,70.4,66.1,48.3
2026-03-26,Thu,Mar,43,16:30,16:45,15,3,3,3,2,2,2,22.9,27.4,15.2,4.87,3.79,2.02,66.4,62.2,47.8
2026-03-26,Thu,Mar,44,16:45,17:00,12,3,2,2,2,2,1,20.2,23.7,14.5,4.46,3.0,1.56,68.2,59.7,42.5
2026-03-26,Thu,Mar,45,17:00,17:15,11,2,2,2,2,2,1,20.5,20.6,12.7,4.81,3.35,1.71,68.8,61.1,43.2
2026-03-26,Thu,Mar,46,17:15,17:30,7,2,1,1,1,1,1,18.3,17.7,11.1,3.55,2.59,1.59,64.9,56.9,35.0
2026-03-26,Thu,Mar,47,17:30,17:45,8,2,2,1,1,1,1,17.0,19.2,11.0,3.72,2.94,1.24,62.5,62.8,39.8
2026-03-26,Thu,Mar,48,17:45,18:00,6,1,1,1,1,1,1,17.5,18.7,10.2,3.57,2.62,1.45,57.6,56.3,37.2
2026-03-27,Fri,Mar,1,06:00,06:15,4,1,1,1,1,0,0,20.9,19.3,11.0,2.72,2.22,1.65,60.2,51.0,38.8
2026-03-27,Fri,Mar,2,06:15,06:30,4,1,1,1,1,0,0,19.0,19.0,9.3,2.59,2.12,1.76,59.1,56.6,37.4
2026-03-27,Fri,Mar,3,06:30,06:45,5,1,1,1,1,1,0,20.2,20.6,10.5,2.87,2.21,1.81,61.8,53.3,36.9
2026-03-27,Fri,Mar,4,06:45,07:00,7,2,1,1,1,1,1,26.4,23.6,12.4,2.76,2.98,1.98,65.7,63.1,45.5
2026-03-27,Fri,Mar,5,07:00,07:15,8,2,2,1,1,1,1,27.4,24.2,12.3,3.31,2.76,1.8,71.1,54.0,41.3
2026-03-27,Fri,Mar,6,07:15,07:30,10,2,2,2,2,1,1,31.8,26.1,14.0,3.49,3.62,2.59,73.0,65.0,43.0
2026-03-27,Fri,Mar,7,07:30,07:45,9,2,2,2,1,1,1,27.4,25.9,13.6,3.25,3.25,2.18,68.5,57.8,41.3
2026-03-27,Fri,Mar,8,07:45,08:00,11,2,2,2,2,2,1,29.2,28.8,16.7,3.81,2.8,2.83,67.8,63.7,46.1
2026-03-27,Fri,Mar,9,08:00,08:15,13,3,3,2,2,2,1,36.4,30.2,17.5,4.68,4.06,3.04,71.0,64.2,48.2
2026-03-27,Fri,Mar,10,08:15,08:30,15,3,3,3,2,2,2,36.2,35.0,17.5,4.53,4.09,3.58,77.9,65.8,48.6
2026-03-27,Fri,Mar,11,08:30,08:45,11,2,2,2,2,2,1,29.9,33.1,16.4,4.12,3.54,2.48,72.4,58.5,46.6
2026-03-27,Fri,Mar,12,08:45,09:00,9,2,2,2,1,1,1,23.2,28.7,14.2,2.64,3.14,2.55,69.2,57.9,45.3
2026-03-27,Fri,Mar,13,09:00,09:15,8,2,2,1,1,1,1,24.2,29.1,13.2,3.01,2.79,2.24,67.8,59.5,43.0
2026-03-27,Fri,Mar,14,09:15,09:30,7,2,1,1,1,1,1,24.0,26.1,13.4,2.97,2.72,2.08,60.7,54.4,37.1
2026-03-27,Fri,Mar,15,09:30,09:45,7,2,1,1,1,1,1,26.5,20.7,13.0,3.18,2.49,2.27,67.2,57.5,40.0
2026-03-27,Fri,Mar,16,09:45,10:00,5,1,1,1,1,1,0,19.8,19.5,10.7,2.29,2.22,2.06,60.0,55.9,38.9
2026-03-27,Fri,Mar,17,10:00,10:15,5,1,1,1,1,1,0,20.6,20.8,11.4,2.21,2.2,2.16,62.0,57.8,40.2
2026-03-27,Fri,Mar,18,10:15,10:30,6,1,1,1,1,1,1,18.7,20.0,11.0,2.99,2.57,1.97,65.8,52.1,37.2
2026-03-27,Fri,Mar,19,10:30,10:45,5,1,1,1,1,1,0,20.0,20.3,10.2,2.63,2.09,1.83,64.6,57.6,36.3
2026-03-27,Fri,Mar,20,10:45,11:00,5,1,1,1,1,1,0,20.8,21.4,9.5,2.35,2.38,2.05,65.4,56.2,38.9
2026-03-27,Fri,Mar,21,11:00,11:15,5,1,1,1,1,1,0,20.5,18.3,11.5,2.74,2.04,2.13,59.5,53.3,35.9
2026-03-27,Fri,Mar,22,11:15,11:30,6,1,1,1,1,1,1,22.0,20.8,9.8,2.61,2.33,2.01,69.0,56.7,42.4
2026-03-27,Fri,Mar,23,11:30,11:45,5,1,1,1,1,1,0,18.0,21.8,11.2,2.5,2.36,1.93,66.5,55.1,38.3
2026-03-27,Fri,Mar,24,11:45,12:00,7,2,1,1,1,1,1,20.5,23.2,12.6,2.95,2.97,2.21,66.2,61.9,43.8
2026-03-27,Fri,Mar,25,12:00,12:15,6,1,1,1,1,1,1,23.1,25.3,12.0,2.8,2.68,1.97,57.1,58.5,40.1
2026-03-27,Fri,Mar,26,12:15,12:30,8,2,2,1,1,1,1,23.5,22.6,12.8,2.92,2.55,2.4,63.9,55.9,43.0
2026-03-27,Fri,Mar,27,12:30,12:45,8,2,2,1,1,1,1,22.7,24.0,12.9,3.41,2.88,2.12,66.7,60.1,44.4
2026-03-27,Fri,Mar,28,12:45,13:00,6,1,1,1,1,1,1,22.7,22.1,11.1,2.66,2.64,1.98,64.3,57.8,39.1
2026-03-27,Fri,Mar,29,13:00,13:15,6,1,1,1,1,1,1,20.9,22.1,9.7,2.78,2.69,2.31,62.3,53.9,41.2
2026-03-27,Fri,Mar,30,13:15,13:30,6,1,1,1,1,1,1,19.8,21.3,10.8,2.71,2.32,1.87,59.5,55.6,42.9
2026-03-27,Fri,Mar,31,13:30,13:45,6,1,1,1,1,1,1,23.1,22.9,10.4,2.35,2.52,1.89,58.5,53.9,41.1
2026-03-27,Fri,Mar,32,13:45,14:00,5,1,1,1,1,1,0,21.7,20.0,11.5,2.37,2.48,2.13,63.9,57.9,38.3
2026-03-27,Fri,Mar,33,14:00,14:15,7,2,1,1,1,1,1,24.5,23.7,11.9,2.83,3.03,2.12,72.1,61.3,40.7
2026-03-27,Fri,Mar,34,14:15,14:30,7,2,1,1,1,1,1,22.6,25.3,12.5,2.8,2.51,2.27,66.1,58.0,38.4
2026-03-27,Fri,Mar,35,14:30,14:45,8,2,2,1,1,1,1,25.7,25.3,13.3,3.06,2.99,2.14,65.5,56.4,42.3
2026-03-27,Fri,Mar,36,14:45,15:00,7,2,1,1,1,1,1,23.5,22.5,10.3,3.11,2.72,2.05,69.3,61.7,38.2
2026-03-27,Fri,Mar,37,15:00,15:15,8,2,2,1,1,1,1,21.8,21.6,11.1,3.56,2.86,2.5,66.2,57.3,38.9
2026-03-27,Fri,Mar,38,15:15,15:30,9,2,2,2,1,1,1,26.5,22.1,13.8,3.63,3.26,2.25,68.9,55.1,47.0
2026-03-27,Fri,Mar,39,15:30,15:45,12,3,2,2,2,2,1,31.3,27.1,17.9,3.52,3.55,3.23,71.4,69.5,41.4
2026-03-27,Fri,Mar,40,15:45,16:00,13,3,3,2,2,2,1,29.7,30.7,16.1,4.05,3.67,3.2,76.9,72.0,48.7
2026-03-27,Fri,Mar,41,16:00,16:15,13,3,3,2,2,2,1,30.9,35.1,16.9,4.16,4.19,3.04,70.5,69.2,43.6
2026-03-27,Fri,Mar,42,16:15,16:30,13,3,3,2,2,2,1,29.4,28.3,14.8,4.48,3.02,2.89,72.2,64.6,48.1
2026-03-27,Fri,Mar,43,16:30,16:45,11,2,2,2,2,2,1,31.4,30.4,14.9,3.56,3.56,2.82,69.0,56.5,46.6
2026-03-27,Fri,Mar,44,16:45,17:00,9,2,2,2,1,1,1,27.4,28.3,12.6,3.2,3.4,2.2,67.2,58.1,40.8
2026-03-27,Fri,Mar,45,17:00,17:15,8,2,2,1,1,1,1,21.9,24.3,12.8,3.53,3.51,2.51,65.9,57.3,37.9
2026-03-27,Fri,Mar,46,17:15,17:30,7,2,1,1,1,1,1,23.2,21.4,11.6,3.06,2.84,2.25,66.1,54.3,41.7
2026-03-27,Fri,Mar,47,17:30,17:45,6,1,1,1,1,1,1,20.9,21.9,11.2,2.45,2.76,2.21,63.0,55.0,40.9
2026-03-27,Fri,Mar,48,17:45,18:00,4,1,1,1,1,0,0,19.4,16.8,9.0,2.12,2.24,1.46,58.7,54.3,36.2
2026-03-30,Mon,Mar,1,06:00,06:15,5,1,1,1,1,1,0,19.5,18.6,10.8,2.4,2.3,1.62,56.1,51.5,32.0
2026-03-30,Mon,Mar,2,06:15,06:30,6,1,1,1,1,1,1,19.9,22.0,9.6,2.53,2.23,1.86,56.1,50.6,32.8
2026-03-30,Mon,Mar,3,06:30,06:45,7,2,1,1,1,1,1,17.7,20.3,11.3,2.87,2.36,1.99,53.0,53.9,31.2
2026-03-30,Mon,Mar,4,06:45,07:00,9,2,2,2,1,1,1,21.5,23.6,12.7,3.04,2.73,2.15,54.6,52.6,33.7
2026-03-30,Mon,Mar,5,07:00,07:15,10,2,2,2,2,1,1,23.7,21.5,12.5,3.29,3.08,1.95,54.0,54.0,32.2
2026-03-30,Mon,Mar,6,07:15,07:30,15,3,3,3,2,2,2,31.0,30.8,15.4,4.01,3.97,2.61,64.9,61.1,39.2
2026-03-30,Mon,Mar,7,07:30,07:45,15,3,3,3,2,2,2,29.5,30.3,16.6,3.85,4.22,2.22,59.0,59.5,35.2
2026-03-30,Mon,Mar,8,07:45,08:00,14,3,3,3,2,2,1,22.7,30.6,14.9,4.48,4.13,2.38,63.4,62.7,33.3
2026-03-30,Mon,Mar,9,08:00,08:15,16,3,3,3,3,2,2,26.8,32.3,17.1,4.3,3.88,2.59,70.1,63.5,32.9
2026-03-30,Mon,Mar,10,08:15,08:30,14,3,3,3,2,2,1,21.3,31.5,15.6,3.78,3.86,2.32,65.3,58.3,33.7
2026-03-30,Mon,Mar,11,08:30,08:45,14,3,3,3,2,2,1,23.6,27.7,16.3,4.01,3.45,2.52,64.3,62.5,31.2
2026-03-30,Mon,Mar,12,08:45,09:00,11,2,2,2,2,2,1,20.8,24.4,12.8,3.89,3.21,2.37,57.4,52.7,36.3
2026-03-30,Mon,Mar,13,09:00,09:15,10,2,2,2,2,1,1,23.1,21.9,14.2,3.33,3.2,2.13,57.8,56.9,34.5
2026-03-30,Mon,Mar,14,09:15,09:30,11,2,2,2,2,2,1,23.2,26.3,14.6,3.34,3.04,2.13,61.8,57.8,33.8
2026-03-30,Mon,Mar,15,09:30,09:45,9,2,2,2,1,1,1,21.4,22.6,11.5,2.56,2.4,1.88,57.4,56.7,30.5
2026-03-30,Mon,Mar,16,09:45,10:00,6,1,1,1,1,1,1,18.4,20.4,11.2,2.69,2.43,1.81,58.2,54.4,30.8
2026-03-30,Mon,Mar,17,10:00,10:15,7,2,1,1,1,1,1,15.8,19.1,10.2,2.83,2.84,1.72,50.0,50.7,30.3
2026-03-30,Mon,Mar,18,10:15,10:30,6,1,1,1,1,1,1,19.3,19.8,10.3,2.84,2.1,1.49,53.7,54.3,30.1
2026-03-30,Mon,Mar,19,10:30,10:45,7,2,1,1,1,1,1,20.1,21.9,11.9,2.34,3.28,1.78,54.4,52.4,28.7
2026-03-30,Mon,Mar,20,10:45,11:00,6,1,1,1,1,1,1,18.6,20.8,10.8,2.79,2.39,1.46,53.2,55.4,33.2
2026-03-30,Mon,Mar,21,11:00,11:15,6,1,1,1,1,1,1,18.7,22.0,10.6,2.54,2.19,1.91,49.9,54.9,30.7
2026-03-30,Mon,Mar,22,11:15,11:30,8,2,2,1,1,1,1,23.1,22.1,12.6,2.96,2.92,1.92,52.7,52.3,30.7
2026-03-30,Mon,Mar,23,11:30,11:45,7,2,1,1,1,1,1,19.4,21.7,11.5,3.21,2.62,1.54,55.1,55.5,29.8
2026-03-30,Mon,Mar,24,11:45,12:00,8,2,2,1,1,1,1,23.8,22.7,11.4,2.84,2.58,1.75,58.0,59.3,29.2
2026-03-30,Mon,Mar,25,12:00,12:15,8,2,2,1,1,1,1,20.7,19.9,12.5,2.97,3.26,1.84,52.1,56.9,33.0
2026-03-30,Mon,Mar,26,12:15,12:30,9,2,2,2,1,1,1,18.4,24.8,13.3,3.26,2.64,1.86,54.2,60.9,33.9
2026-03-30,Mon,Mar,27,12:30,12:45,8,2,2,1,1,1,1,21.3,23.4,10.2,2.51,2.83,2.12,54.7,53.2,31.4
2026-03-30,Mon,Mar,28,12:45,13:00,7,2,1,1,1,1,1,17.9,22.3,10.1,2.69,2.87,1.84,54.6,54.3,31.0
2026-03-30,Mon,Mar,29,13:00,13:15,9,2,2,2,1,1,1,24.4,18.7,12.3,3.17,2.64,1.94,49.7,49.9,34.1
2026-03-30,Mon,Mar,30,13:15,13:30,9,2,2,2,1,1,1,21.6,26.6,12.8,3.22,2.6,2.18,58.6,51.3,31.1
2026-03-30,Mon,Mar,31,13:30,13:45,9,2,2,2,1,1,1,23.0,25.8,13.0,3.39,2.81,2.05,57.6,56.1,30.6
2026-03-30,Mon,Mar,32,13:45,14:00,7,2,1,1,1,1,1,19.9,19.2,11.0,2.43,2.35,1.79,54.4,54.6,31.3
2026-03-30,Mon,Mar,33,14:00,14:15,8,2,2,1,1,1,1,20.0,25.0,13.1,3.22,2.28,2.01,54.1,57.1,31.7
2026-03-30,Mon,Mar,34,14:15,14:30,9,2,2,2,1,1,1,23.0,24.9,12.3,3.25,2.69,2.17,56.8,56.6,31.2
2026-03-30,Mon,Mar,35,14:30,14:45,8,2,2,1,1,1,1,20.1,19.2,11.0,3.04,2.64,2.06,55.4,55.3,32.2
2026-03-30,Mon,Mar,36,14:45,15:00,10,2,2,2,2,1,1,21.1,27.0,13.7,3.14,3.02,2.12,59.5,48.3,32.5
2026-03-30,Mon,Mar,37,15:00,15:15,13,3,3,2,2,2,1,26.7,27.5,16.4,4.2,3.85,2.25,59.4,58.0,36.0
2026-03-30,Mon,Mar,38,15:15,15:30,15,3,3,3,2,2,2,28.0,28.4,12.8,3.38,3.89,2.58,62.3,64.5,34.2
2026-03-30,Mon,Mar,39,15:30,15:45,12,3,2,2,2,2,1,24.3,24.7,15.3,3.41,3.18,2.29,61.3,57.9,33.3
2026-03-30,Mon,Mar,40,15:45,16:00,15,3,3,3,2,2,2,26.3,27.0,14.2,3.51,3.34,2.9,61.2,60.4,33.7
2026-03-30,Mon,Mar,41,16:00,16:15,14,3,3,3,2,2,1,30.5,29.8,15.0,4.25,4.34,2.54,54.7,62.5,32.4
2026-03-30,Mon,Mar,42,16:15,16:30,15,3,3,3,2,2,2,26.9,30.6,14.7,4.32,4.35,2.36,62.7,64.5,34.7
2026-03-30,Mon,Mar,43,16:30,16:45,15,3,3,3,2,2,2,29.8,34.2,16.4,3.96,4.2,2.72,60.2,65.0,35.8
2026-03-30,Mon,Mar,44,16:45,17:00,12,3,2,2,2,2,1,22.4,21.8,15.0,4.04,3.57,2.23,61.9,58.7,33.1
2026-03-30,Mon,Mar,45,17:00,17:15,12,3,2,2,2,2,1,21.8,28.7,13.6,3.57,3.46,2.6,60.9,55.4,32.8
2026-03-30,Mon,Mar,46,17:15,17:30,10,2,2,2,2,1,1,22.9,22.1,12.4,3.6,3.5,1.87,60.6,54.0,32.2
2026-03-30,Mon,Mar,47,17:30,17:45,8,2,2,1,1,1,1,17.9,23.0,10.4,3.62,2.57,1.73,60.2,54.9,31.9
2026-03-30,Mon,Mar,48,17:45,18:00,6,1,1,1,1,1,1,18.7,22.0,11.5,2.55,2.09,1.68,52.8,48.8,30.0
2026-03-31,Tue,Mar,1,06:00,06:15,4,1,1,1,1,0,0,17.5,17.1,7.1,2.12,2.06,1.25,53.9,50.2,41.7
2026-03-31,Tue,Mar,2,06:15,06:30,6,1,1,1,1,1,1,21.9,20.8,10.2,2.59,2.05,1.42,56.2,56.7,40.5
2026-03-31,Tue,Mar,3,06:30,06:45,8,2,2,1,1,1,1,22.0,25.3,9.8,3.21,2.54,1.44,54.6,53.3,44.5
2026-03-31,Tue,Mar,4,06:45,07:00,8,2,2,1,1,1,1,21.5,21.0,10.4,2.95,2.93,1.51,61.9,58.1,44.3
2026-03-31,Tue,Mar,5,07:00,07:15,12,3,2,2,2,2,1,29.2,32.7,12.6,3.84,3.38,1.66,65.1,56.5,48.9
2026-03-31,Tue,Mar,6,07:15,07:30,11,2,2,2,2,2,1,25.2,26.5,13.0,3.25,2.85,1.87,67.7,60.4,47.9
2026-03-31,Tue,Mar,7,07:30,07:45,14,3,3,3,2,2,1,31.2,31.1,14.1,4.01,2.96,2.22,67.7,51.7,49.0
2026-03-31,Tue,Mar,8,07:45,08:00,15,3,3,3,2,2,2,28.2,33.0,12.3,4.96,3.61,1.97,64.6,61.7,47.3
2026-03-31,Tue,Mar,9,08:00,08:15,14,3,3,3,2,2,1,30.4,30.5,12.0,4.02,2.64,2.01,67.8,58.0,50.7
2026-03-31,Tue,Mar,10,08:15,08:30,18,4,4,3,3,2,2,33.8,32.2,14.2,4.94,4.05,2.62,65.5,54.9,46.8
2026-03-31,Tue,Mar,11,08:30,08:45,13,3,3,2,2,2,1,27.6,27.3,12.7,4.48,2.82,2.05,69.7,62.9,45.6
2026-03-31,Tue,Mar,12,08:45,09:00,13,3,3,2,2,2,1,24.4,30.8,13.9,3.55,3.13,2.12,62.6,62.0,47.1
2026-03-31,Tue,Mar,13,09:00,09:15,11,2,2,2,2,2,1,26.5,26.2,11.2,3.52,3.1,1.7,59.9,51.9,44.5
2026-03-31,Tue,Mar,14,09:15,09:30,7,2,1,1,1,1,1,23.3,22.8,10.2,2.88,2.27,1.15,55.0,55.6,43.9
2026-03-31,Tue,Mar,15,09:30,09:45,7,2,1,1,1,1,1,23.4,23.1,8.7,3.19,2.68,1.64,57.7,53.9,45.8
2026-03-31,Tue,Mar,16,09:45,10:00,7,2,1,1,1,1,1,22.7,20.1,9.4,3.26,2.27,1.45,60.3,52.8,44.5
2026-03-31,Tue,Mar,17,10:00,10:15,6,1,1,1,1,1,1,21.9,21.7,9.8,2.99,2.06,1.54,60.9,51.1,41.7
2026-03-31,Tue,Mar,18,10:15,10:30,6,1,1,1,1,1,1,20.8,23.4,8.2,2.64,1.99,1.16,59.3,53.0,39.7
2026-03-31,Tue,Mar,19,10:30,10:45,5,1,1,1,1,1,0,21.1,19.3,8.5,2.54,1.81,1.26,58.3,52.4,42.6
2026-03-31,Tue,Mar,20,10:45,11:00,7,2,1,1,1,1,1,25.4,21.9,9.6,3.06,2.65,1.61,62.6,56.4,43.3
2026-03-31,Tue,Mar,21,11:00,11:15,7,2,1,1,1,1,1,20.3,23.3,9.3,2.73,1.96,1.44,61.4,51.4,41.6
2026-03-31,Tue,Mar,22,11:15,11:30,7,2,1,1,1,1,1,23.4,22.6,9.9,3.06,2.54,1.32,58.6,55.1,38.2
2026-03-31,Tue,Mar,23,11:30,11:45,8,2,2,1,1,1,1,23.1,22.7,9.2,3.4,2.92,1.48,62.9,56.3,44.9
2026-03-31,Tue,Mar,24,11:45,12:00,8,2,2,1,1,1,1,23.6,24.8,9.4,3.21,2.31,1.46,59.6,55.7,42.1
2026-03-31,Tue,Mar,25,12:00,12:15,7,2,1,1,1,1,1,19.9,22.5,10.6,3.2,1.79,1.31,66.6,55.7,43.0
2026-03-31,Tue,Mar,26,12:15,12:30,9,2,2,2,1,1,1,26.3,22.8,9.6,3.75,2.38,1.4,61.9,56.6,45.3
2026-03-31,Tue,Mar,27,12:30,12:45,7,2,1,1,1,1,1,22.4,19.0,10.3,2.76,2.2,1.53,58.3,56.9,45.0
2026-03-31,Tue,Mar,28,12:45,13:00,9,2,2,2,1,1,1,23.7,25.0,8.9,3.47,2.26,1.48,62.3,50.5,45.8
2026-03-31,Tue,Mar,29,13:00,13:15,8,2,2,1,1,1,1,23.3,19.3,10.6,3.07,2.02,1.81,61.8,52.5,45.0
2026-03-31,Tue,Mar,30,13:15,13:30,8,2,2,1,1,1,1,22.6,22.7,9.4,3.18,2.49,1.31,57.6,54.1,40.4
2026-03-31,Tue,Mar,31,13:30,13:45,6,1,1,1,1,1,1,21.4,21.4,9.7,2.97,2.21,1.21,61.4,51.2,41.2
2026-03-31,Tue,Mar,32,13:45,14:00,7,2,1,1,1,1,1,20.4,24.6,10.8,2.88,2.45,1.69,63.2,49.6,42.5
2026-03-31,Tue,Mar,33,14:00,14:15,6,1,1,1,1,1,1,21.3,19.0,9.7,2.81,2.55,1.52,59.6,46.7,48.2
2026-03-31,Tue,Mar,34,14:15,14:30,7,2,1,1,1,1,1,21.5,23.0,9.7,2.54,2.08,1.37,56.9,52.0,43.8
2026-03-31,Tue,Mar,35,14:30,14:45,8,2,2,1,1,1,1,20.1,24.3,10.6,3.35,2.51,1.73,56.3,54.3,47.6
2026-03-31,Tue,Mar,36,14:45,15:00,12,3,2,2,2,2,1,27.8,29.2,10.2,3.33,3.25,2.0,70.4,57.9,44.3
2026-03-31,Tue,Mar,37,15:00,15:15,12,3,2,2,2,2,1,29.3,29.7,11.0,3.79,3.19,1.96,63.9,59.3,47.4
2026-03-31,Tue,Mar,38,15:15,15:30,12,3,2,2,2,2,1,26.6,25.5,12.7,4.57,3.24,1.78,58.0,57.5,44.8
2026-03-31,Tue,Mar,39,15:30,15:45,12,3,2,2,2,2,1,31.0,29.0,13.3,4.33,3.29,2.02,64.9,59.5,41.6
2026-03-31,Tue,Mar,40,15:45,16:00,14,3,3,3,2,2,1,29.3,31.3,12.5,4.69,3.35,1.73,68.3,55.0,49.7
2026-03-31,Tue,Mar,41,16:00,16:15,13,3,3,2,2,2,1,27.9,28.3,11.7,2.98,3.02,2.12,73.9,57.0,51.1
2026-03-31,Tue,Mar,42,16:15,16:30,17,4,3,3,3,2,2,35.8,34.4,13.4,5.54,3.69,2.0,72.9,60.8,51.1
2026-03-31,Tue,Mar,43,16:30,16:45,12,3,2,2,2,2,1,24.9,27.3,12.7,4.39,2.39,1.89,66.9,61.6,44.2
2026-03-31,Tue,Mar,44,16:45,17:00,11,2,2,2,2,2,1,27.9,22.5,13.2,4.06,2.74,1.92,55.8,57.9,42.8
2026-03-31,Tue,Mar,45,17:00,17:15,11,2,2,2,2,2,1,26.5,27.0,12.3,3.23,2.74,2.16,60.8,57.4,45.3
2026-03-31,Tue,Mar,46,17:15,17:30,9,2,2,2,1,1,1,25.6,24.2,10.6,3.32,2.34,1.56,63.4,55.5,45.0
2026-03-31,Tue,Mar,47,17:30,17:45,8,2,2,1,1,1,1,24.3,23.5,11.0,3.14,2.5,1.63,60.8,59.2,42.6
2026-03-31,Tue,Mar,48,17:45,18:00,5,1,1,1,1,1,0,22.2,19.6,8.3,2.36,2.01,1.23,56.4,48.5,40.8
2026-04-01,Wed,Apr,1,06:00,06:15,4,1,1,1,1,0,0,15.5,15.1,10.5,2.69,1.84,1.26,63.0,55.3,32.0
2026-04-01,Wed,Apr,2,06:15,06:30,5,1,1,1,1,1,0,20.4,19.3,9.9,2.94,2.2,1.34,62.8,56.5,31.9
2026-04-01,Wed,Apr,3,06:30,06:45,7,2,1,1,1,1,1,23.4,21.3,12.0,3.15,2.51,1.59,65.8,58.7,31.1
2026-04-01,Wed,Apr,4,06:45,07:00,8,2,2,1,1,1,1,20.9,22.6,13.0,3.12,2.53,2.08,63.7,58.2,38.6
2026-04-01,Wed,Apr,5,07:00,07:15,8,2,2,1,1,1,1,20.2,21.7,12.4,2.99,2.91,2.25,67.4,66.2,36.3
2026-04-01,Wed,Apr,6,07:15,07:30,10,2,2,2,2,1,1,25.6,25.4,13.6,4.43,3.35,2.08,66.8,66.3,36.6
2026-04-01,Wed,Apr,7,07:30,07:45,12,3,2,2,2,2,1,25.2,27.0,14.2,5.11,3.17,2.69,73.1,68.0,38.7
2026-04-01,Wed,Apr,8,07:45,08:00,12,3,2,2,2,2,1,25.3,27.1,13.4,4.57,2.7,2.59,74.2,66.8,40.0
2026-04-01,Wed,Apr,9,08:00,08:15,13,3,3,2,2,2,1,27.7,26.7,14.1,4.22,3.71,2.44,65.0,73.3,41.0
2026-04-01,Wed,Apr,10,08:15,08:30,12,3,2,2,2,2,1,24.6,26.7,15.7,3.88,3.45,2.17,63.0,65.2,39.1
2026-04-01,Wed,Apr,11,08:30,08:45,11,2,2,2,2,2,1,25.7,23.6,14.4,3.93,2.93,2.54,70.9,66.0,36.1
2026-04-01,Wed,Apr,12,08:45,09:00,10,2,2,2,2,1,1,25.3,21.7,12.2,3.53,2.73,1.97,63.7,60.4,35.8
2026-04-01,Wed,Apr,13,09:00,09:15,10,2,2,2,2,1,1,23.8,21.2,15.2,3.18,2.92,1.93,70.2,62.7,34.0
2026-04-01,Wed,Apr,14,09:15,09:30,7,2,1,1,1,1,1,21.8,19.4,10.6,2.71,2.28,1.83,62.7,63.4,31.4
2026-04-01,Wed,Apr,15,09:30,09:45,6,1,1,1,1,1,1,19.3,17.4,10.2,2.84,2.01,1.68,61.3,63.0,33.7
2026-04-01,Wed,Apr,16,09:45,10:00,6,1,1,1,1,1,1,18.2,20.1,10.3,2.8,2.08,1.64,64.8,58.6,35.8
2026-04-01,Wed,Apr,17,10:00,10:15,4,1,1,1,1,0,0,15.3,16.9,9.8,2.41,1.86,1.48,62.0,55.0,32.3
2026-04-01,Wed,Apr,18,10:15,10:30,5,1,1,1,1,1,0,17.6,18.4,9.2,2.78,2.15,1.56,62.9,58.8,31.6
2026-04-01,Wed,Apr,19,10:30,10:45,4,1,1,1,1,0,0,18.1,13.7,8.6,2.47,1.93,1.43,64.0,59.8,34.6
2026-04-01,Wed,Apr,20,10:45,11:00,5,1,1,1,1,1,0,16.5,18.5,11.0,2.87,2.05,1.41,54.5,63.4,33.9
2026-04-01,Wed,Apr,21,11:00,11:15,5,1,1,1,1,1,0,15.6,17.5,10.3,2.83,2.14,1.58,65.9,61.8,32.6
2026-04-01,Wed,Apr,22,11:15,11:30,5,1,1,1,1,1,0,18.1,19.9,10.7,2.59,2.17,1.45,61.4,60.6,36.3
2026-04-01,Wed,Apr,23,11:30,11:45,6,1,1,1,1,1,1,20.3,18.1,10.5,3.11,2.71,1.69,57.1,59.3,32.6
2026-04-01,Wed,Apr,24,11:45,12:00,5,1,1,1,1,1,0,18.3,21.0,10.5,2.8,2.11,1.47,55.5,63.7,32.8
2026-04-01,Wed,Apr,25,12:00,12:15,7,2,1,1,1,1,1,21.4,18.7,11.6,3.36,2.53,1.44,64.2,62.9,37.7
2026-04-01,Wed,Apr,26,12:15,12:30,6,1,1,1,1,1,1,20.7,19.4,10.8,2.87,2.44,1.55,60.2,57.6,34.1
2026-04-01,Wed,Apr,27,12:30,12:45,8,2,2,1,1,1,1,24.7,22.1,12.6,3.81,2.04,1.89,65.0,65.8,33.4
2026-04-01,Wed,Apr,28,12:45,13:00,6,1,1,1,1,1,1,19.5,19.8,10.8,3.03,2.24,1.44,60.4,58.6,32.7
2026-04-01,Wed,Apr,29,13:00,13:15,7,2,1,1,1,1,1,17.9,21.1,9.8,3.29,2.48,1.75,59.3,59.7,36.5
2026-04-01,Wed,Apr,30,13:15,13:30,7,2,1,1,1,1,1,21.3,18.4,10.7,3.17,2.3,1.81,62.4,59.3,36.6
2026-04-01,Wed,Apr,31,13:30,13:45,7,2,1,1,1,1,1,17.0,22.8,11.7,3.27,2.63,1.48,66.8,61.2,35.2
2026-04-01,Wed,Apr,32,13:45,14:00,6,1,1,1,1,1,1,17.8,18.9,11.0,3.49,2.54,1.6,62.5,64.0,32.3
2026-04-01,Wed,Apr,33,14:00,14:15,7,2,1,1,1,1,1,20.6,23.0,10.3,3.07,2.37,1.9,60.3,59.1,30.6
2026-04-01,Wed,Apr,34,14:15,14:30,8,2,2,1,1,1,1,20.0,22.4,11.8,3.64,2.47,1.77,68.1,65.0,34.8
2026-04-01,Wed,Apr,35,14:30,14:45,8,2,2,1,1,1,1,20.8,23.5,11.8,3.38,3.13,1.87,62.9,64.7,39.3
2026-04-01,Wed,Apr,36,14:45,15:00,8,2,2,1,1,1,1,21.6,20.7,11.8,3.06,2.63,1.79,61.5,61.9,37.3
2026-04-01,Wed,Apr,37,15:00,15:15,9,2,2,2,1,1,1,25.5,20.0,13.5,3.73,2.74,1.95,66.7,62.6,35.6
2026-04-01,Wed,Apr,38,15:15,15:30,11,2,2,2,2,2,1,21.4,27.9,13.9,4.63,2.93,2.33,67.2,65.8,39.4
2026-04-01,Wed,Apr,39,15:30,15:45,12,3,2,2,2,2,1,25.3,24.2,17.4,4.53,3.38,2.46,73.7,67.9,36.0
2026-04-01,Wed,Apr,40,15:45,16:00,12,3,2,2,2,2,1,23.4,27.5,16.6,4.99,3.51,2.37,71.6,72.5,36.2
2026-04-01,Wed,Apr,41,16:00,16:15,9,2,2,2,1,1,1,23.4,25.4,14.2,3.52,2.77,1.77,69.6,60.6,40.1
2026-04-01,Wed,Apr,42,16:15,16:30,11,2,2,2,2,2,1,26.0,28.1,12.4,4.04,3.27,2.6,69.6,70.4,37.9
2026-04-01,Wed,Apr,43,16:30,16:45,11,2,2,2,2,2,1,23.6,23.9,14.1,4.58,3.35,2.28,67.4,62.8,40.0
2026-04-01,Wed,Apr,44,16:45,17:00,10,2,2,2,2,1,1,23.2,26.0,14.2,3.86,3.1,2.29,66.6,55.9,39.8
2026-04-01,Wed,Apr,45,17:00,17:15,9,2,2,2,1,1,1,22.5,22.1,13.2,3.24,3.15,1.96,62.9,62.8,35.7
2026-04-01,Wed,Apr,46,17:15,17:30,8,2,2,1,1,1,1,19.6,20.7,12.5,3.26,2.95,1.72,66.6,62.0,38.1
2026-04-01,Wed,Apr,47,17:30,17:45,6,1,1,1,1,1,1,21.0,18.9,11.4,3.1,2.21,1.57,61.4,61.1,34.9
2026-04-01,Wed,Apr,48,17:45,18:00,5,1,1,1,1,1,0,16.6,20.9,10.5,2.81,2.18,1.52,57.4,59.9,31.3
2026-04-02,Thu,Apr,1,06:00,06:15,6,1,1,1,1,1,1,16.9,21.3,10.6,2.87,2.56,1.74,62.3,53.6,36.9
2026-04-02,Thu,Apr,2,06:15,06:30,6,1,1,1,1,1,1,15.6,19.3,10.7,2.6,2.84,1.66,67.9,55.1,33.9
2026-04-02,Thu,Apr,3,06:30,06:45,7,2,1,1,1,1,1,17.7,21.4,11.4,2.96,2.66,1.7,66.0,55.5,39.3
2026-04-02,Thu,Apr,4,06:45,07:00,8,2,2,1,1,1,1,17.7,24.5,12.1,2.87,2.61,1.85,63.6,51.6,35.9
2026-04-02,Thu,Apr,5,07:00,07:15,10,2,2,2,2,1,1,24.0,26.3,13.2,3.8,3.54,2.1,72.2,59.1,41.5
2026-04-02,Thu,Apr,6,07:15,07:30,13,3,3,2,2,2,1,22.9,27.7,12.7,4.01,3.38,2.82,70.9,62.9,39.8
2026-04-02,Thu,Apr,7,07:30,07:45,14,3,3,3,2,2,1,26.3,29.2,16.6,4.3,4.4,2.36,71.9,53.1,43.2
2026-04-02,Thu,Apr,8,07:45,08:00,16,3,3,3,3,2,2,25.3,32.3,18.6,4.69,4.02,2.3,70.1,58.5,42.0
2026-04-02,Thu,Apr,9,08:00,08:15,17,4,3,3,3,2,2,27.6,31.2,17.3,5.43,4.9,3.04,73.4,65.6,46.0
2026-04-02,Thu,Apr,10,08:15,08:30,13,3,3,2,2,2,1,25.5,27.9,14.9,4.78,4.61,2.0,69.8,56.5,41.7
2026-04-02,Thu,Apr,11,08:30,08:45,12,3,2,2,2,2,1,21.8,27.2,12.8,4.2,3.43,2.1,68.5,57.0,43.2
2026-04-02,Thu,Apr,12,08:45,09:00,14,3,3,3,2,2,1,26.0,30.8,18.8,4.07,4.01,2.77,70.4,60.9,36.0
2026-04-02,Thu,Apr,13,09:00,09:15,11,2,2,2,2,2,1,20.8,25.7,14.0,3.23,3.35,2.17,66.7,55.5,37.5
2026-04-02,Thu,Apr,14,09:15,09:30,8,2,2,1,1,1,1,18.0,25.3,12.1,3.29,3.01,1.75,66.0,50.3,38.2
2026-04-02,Thu,Apr,15,09:30,09:45,9,2,2,2,1,1,1,19.7,19.8,11.4,3.27,3.13,2.0,66.2,55.8,39.1
2026-04-02,Thu,Apr,16,09:45,10:00,7,2,1,1,1,1,1,19.9,21.3,10.1,3.14,2.81,1.75,61.8,56.5,37.1
2026-04-02,Thu,Apr,17,10:00,10:15,7,2,1,1,1,1,1,19.8,22.1,12.9,3.51,2.63,1.81,59.5,55.7,39.8
2026-04-02,Thu,Apr,18,10:15,10:30,5,1,1,1,1,1,0,16.8,18.8,9.6,2.6,2.33,1.57,63.8,54.3,35.3
2026-04-02,Thu,Apr,19,10:30,10:45,6,1,1,1,1,1,1,17.3,20.3,11.1,2.72,3.17,1.54,56.9,52.5,36.5
2026-04-02,Thu,Apr,20,10:45,11:00,6,1,1,1,1,1,1,16.7,19.9,11.4,3.04,2.97,1.85,58.6,52.7,38.9
2026-04-02,Thu,Apr,21,11:00,11:15,5,1,1,1,1,1,0,15.6,19.3,10.8,2.59,2.61,1.72,59.9,54.6,37.7
2026-04-02,Thu,Apr,22,11:15,11:30,7,2,1,1,1,1,1,19.0,22.7,11.7,3.04,3.04,1.82,64.9,52.4,42.9
2026-04-02,Thu,Apr,23,11:30,11:45,6,1,1,1,1,1,1,16.9,20.8,10.6,3.1,2.61,1.78,64.1,51.2,37.3
2026-04-02,Thu,Apr,24,11:45,12:00,6,1,1,1,1,1,1,17.4,18.5,11.8,2.91,2.54,1.41,61.7,52.5,38.8
2026-04-02,Thu,Apr,25,12:00,12:15,8,2,2,1,1,1,1,18.7,22.1,12.0,3.21,2.98,2.24,62.8,52.5,34.5
2026-04-02,Thu,Apr,26,12:15,12:30,7,2,1,1,1,1,1,19.4,22.2,10.4,2.94,2.69,2.1,63.9,56.1,37.0
2026-04-02,Thu,Apr,27,12:30,12:45,9,2,2,2,1,1,1,21.2,26.2,11.1,3.5,3.12,1.88,64.5,61.9,37.9
2026-04-02,Thu,Apr,28,12:45,13:00,9,2,2,2,1,1,1,19.1,23.6,11.6,3.48,3.48,1.44,62.7,53.8,37.7
2026-04-02,Thu,Apr,29,13:00,13:15,8,2,2,1,1,1,1,17.7,22.0,12.2,2.63,3.09,1.94,67.1,58.3,37.6
2026-04-02,Thu,Apr,30,13:15,13:30,8,2,2,1,1,1,1,18.1,23.6,13.3,3.08,3.1,1.99,66.9,57.9,36.4
2026-04-02,Thu,Apr,31,13:30,13:45,8,2,2,1,1,1,1,19.5,24.0,11.5,3.01,2.86,2.19,61.8,59.3,42.2
2026-04-02,Thu,Apr,32,13:45,14:00,8,2,2,1,1,1,1,17.8,25.1,10.8,3.15,2.93,1.77,68.7,56.1,38.2
2026-04-02,Thu,Apr,33,14:00,14:15,7,2,1,1,1,1,1,19.5,24.3,12.2,2.53,2.55,1.72,61.7,56.3,37.8
2026-04-02,Thu,Apr,34,14:15,14:30,8,2,2,1,1,1,1,21.2,21.4,11.0,3.28,3.29,1.7,64.2,56.5,37.0
2026-04-02,Thu,Apr,35,14:30,14:45,9,2,2,2,1,1,1,20.5,22.7,14.0,3.78,3.15,2.38,62.5,50.5,36.6
2026-04-02,Thu,Apr,36,14:45,15:00,8,2,2,1,1,1,1,18.2,23.9,12.7,2.97,2.98,1.84,64.3,57.0,37.9
2026-04-02,Thu,Apr,37,15:00,15:15,12,3,2,2,2,2,1,23.2,26.2,14.3,3.93,3.85,2.72,66.5,60.8,40.6
2026-04-02,Thu,Apr,38,15:15,15:30,12,3,2,2,2,2,1,23.8,29.2,14.1,3.43,3.79,2.18,69.4,60.5,39.3
2026-04-02,Thu,Apr,39,15:30,15:45,15,3,3,3,2,2,2,26.2,30.4,18.2,4.34,4.04,2.76,74.1,59.2,38.8
2026-04-02,Thu,Apr,40,15:45,16:00,15,3,3,3,2,2,2,24.5,33.8,17.1,5.13,4.02,2.38,66.0,62.7,40.9
2026-04-02,Thu,Apr,41,16:00,16:15,17,4,3,3,3,2,2,25.1,28.9,19.9,5.29,4.5,2.68,75.2,57.1,44.1
2026-04-02,Thu,Apr,42,16:15,16:30,14,3,3,3,2,2,1,24.8,27.4,16.0,4.12,4.05,2.75,72.2,58.6,43.9
2026-04-02,Thu,Apr,43,16:30,16:45,14,3,3,3,2,2,1,25.7,31.4,15.4,4.46,3.78,2.2,67.1,55.3,40.5
2026-04-02,Thu,Apr,44,16:45,17:00,11,2,2,2,2,2,1,22.4,23.1,12.8,3.94,3.42,2.05,71.5,54.7,42.3
2026-04-02,Thu,Apr,45,17:00,17:15,12,3,2,2,2,2,1,20.9,28.1,13.9,3.73,3.36,2.27,73.1,59.2,39.7
2026-04-02,Thu,Apr,46,17:15,17:30,9,2,2,2,1,1,1,18.6,24.7,13.0,3.05,2.94,1.73,67.8,56.6,39.6
2026-04-02,Thu,Apr,47,17:30,17:45,8,2,2,1,1,1,1,17.7,21.9,11.9,2.92,2.83,1.68,63.4,55.1,40.1
2026-04-02,Thu,Apr,48,17:45,18:00,7,2,1,1,1,1,1,14.9,21.0,12.3,3.53,3.47,1.73,63.1,52.7,37.4
2026-04-03,Fri,Apr,1,06:00,06:15,5,1,1,1,1,1,0,19.4,19.2,9.2,2.44,2.38,1.65,56.2,52.6,36.7
2026-04-03,Fri,Apr,2,06:15,06:30,4,1,1,1,1,0,0,19.0,14.9,8.3,2.31,2.74,1.49,50.8,52.3,37.2
2026-04-03,Fri,Apr,3,06:30,06:45,8,2,2,1,1,1,1,24.2,21.1,10.5,2.86,3.34,2.17,53.5,62.9,36.3
2026-04-03,Fri,Apr,4,06:45,07:00,7,2,1,1,1,1,1,23.7,19.3,9.3,2.42,2.93,1.94,56.9,58.6,34.8
2026-04-03,Fri,Apr,5,07:00,07:15,10,2,2,2,2,1,1,26.6,24.8,11.1,3.02,3.19,2.37,57.6,60.6,40.8
2026-04-03,Fri,Apr,6,07:15,07:30,13,3,3,2,2,2,1,32.6,27.9,13.2,3.99,3.91,2.92,65.6,64.0,40.0
2026-04-03,Fri,Apr,7,07:30,07:45,12,3,2,2,2,2,1,25.5,27.4,12.2,3.52,3.43,2.34,57.8,62.9,41.2
2026-04-03,Fri,Apr,8,07:45,08:00,12,3,2,2,2,2,1,26.0,27.5,11.9,3.32,4.23,2.29,56.1,53.7,41.6
2026-04-03,Fri,Apr,9,08:00,08:15,17,4,3,3,3,2,2,36.2,35.9,15.6,4.81,4.23,3.2,68.5,72.4,42.7
2026-04-03,Fri,Apr,10,08:15,08:30,16,3,3,3,3,2,2,33.1,30.4,14.5,3.77,4.14,3.11,64.7,63.8,43.0
2026-04-03,Fri,Apr,11,08:30,08:45,14,3,3,3,2,2,1,30.4,29.0,13.7,3.59,4.54,2.63,62.5,63.9,37.0
2026-04-03,Fri,Apr,12,08:45,09:00,14,3,3,3,2,2,1,27.7,31.3,12.8,3.65,4.47,2.55,61.8,55.8,43.8
2026-04-03,Fri,Apr,13,09:00,09:15,10,2,2,2,2,1,1,24.4,23.1,11.4,2.65,3.55,2.2,61.0,65.4,35.5
2026-04-03,Fri,Apr,14,09:15,09:30,9,2,2,2,1,1,1,25.1,21.3,11.1,2.82,3.29,2.0,64.5,56.8,35.8
2026-04-03,Fri,Apr,15,09:30,09:45,7,2,1,1,1,1,1,20.4,18.5,10.3,2.52,2.84,1.87,57.0,58.9,35.6
2026-04-03,Fri,Apr,16,09:45,10:00,5,1,1,1,1,1,0,20.4,19.8,8.4,2.08,2.86,1.51,58.1,56.2,38.0
2026-04-03,Fri,Apr,17,10:00,10:15,5,1,1,1,1,1,0,20.4,19.0,9.1,2.52,2.45,1.36,59.4,56.9,34.7
2026-04-03,Fri,Apr,18,10:15,10:30,6,1,1,1,1,1,1,21.9,19.6,9.3,2.91,2.71,1.53,58.6,53.6,35.9
2026-04-03,Fri,Apr,19,10:30,10:45,6,1,1,1,1,1,1,18.5,19.1,8.9,2.46,2.64,1.85,56.9,53.6,37.4
2026-04-03,Fri,Apr,20,10:45,11:00,6,1,1,1,1,1,1,17.7,18.3,8.2,2.45,2.5,1.79,59.1,56.6,39.1
2026-04-03,Fri,Apr,21,11:00,11:15,7,2,1,1,1,1,1,23.7,20.1,7.7,2.89,2.97,1.71,62.6,59.1,36.8
2026-04-03,Fri,Apr,22,11:15,11:30,6,1,1,1,1,1,1,19.9,19.3,9.4,2.59,2.98,1.62,57.1,51.4,39.9
2026-04-03,Fri,Apr,23,11:30,11:45,6,1,1,1,1,1,1,21.9,19.0,9.9,2.65,2.68,1.55,57.9,61.1,38.6
2026-04-03,Fri,Apr,24,11:45,12:00,7,2,1,1,1,1,1,24.6,21.5,10.2,2.63,2.92,1.84,51.7,55.5,38.0
2026-04-03,Fri,Apr,25,12:00,12:15,7,2,1,1,1,1,1,19.2,22.2,9.9,2.44,2.99,1.82,58.8,57.1,38.8
2026-04-03,Fri,Apr,26,12:15,12:30,9,2,2,2,1,1,1,25.7,24.3,10.4,3.22,3.58,2.31,64.5,58.8,41.8
2026-04-03,Fri,Apr,27,12:30,12:45,7,2,1,1,1,1,1,21.9,21.7,9.3,2.76,2.73,1.71,55.7,54.4,39.2
2026-04-03,Fri,Apr,28,12:45,13:00,7,2,1,1,1,1,1,22.1,19.8,9.6,2.42,2.93,1.85,54.9,53.3,36.1
2026-04-03,Fri,Apr,29,13:00,13:15,7,2,1,1,1,1,1,23.5,20.8,9.0,2.5,3.08,1.84,53.2,58.8,36.1
2026-04-03,Fri,Apr,30,13:15,13:30,7,2,1,1,1,1,1,20.2,19.6,10.2,2.9,2.84,2.13,57.1,61.8,33.7
2026-04-03,Fri,Apr,31,13:30,13:45,7,2,1,1,1,1,1,23.9,21.1,8.6,2.44,3.23,1.77,53.7,57.0,35.6
2026-04-03,Fri,Apr,32,13:45,14:00,6,1,1,1,1,1,1,19.5,17.5,8.8,2.94,2.57,1.55,56.7,53.9,37.7
2026-04-03,Fri,Apr,33,14:00,14:15,7,2,1,1,1,1,1,22.4,17.8,10.0,3.24,2.48,2.13,59.1,55.1,39.6
2026-04-03,Fri,Apr,34,14:15,14:30,8,2,2,1,1,1,1,25.1,22.1,9.9,2.67,2.73,1.9,53.2,58.9,38.2
2026-04-03,Fri,Apr,35,14:30,14:45,10,2,2,2,2,1,1,25.0,24.0,10.9,3.01,3.18,2.19,59.4,58.4,36.5
2026-04-03,Fri,Apr,36,14:45,15:00,12,3,2,2,2,2,1,27.5,27.1,12.1,3.85,3.95,2.41,64.7,58.4,39.9
2026-04-03,Fri,Apr,37,15:00,15:15,12,3,2,2,2,2,1,26.7,23.5,12.2,3.45,3.88,2.29,62.9,63.9,42.7
2026-04-03,Fri,Apr,38,15:15,15:30,12,3,2,2,2,2,1,27.7,26.7,12.5,2.92,3.75,2.45,57.1,61.2,41.7
2026-04-03,Fri,Apr,39,15:30,15:45,11,2,2,2,2,2,1,29.1,24.7,11.3,3.38,3.39,1.96,55.6,59.2,44.1
2026-04-03,Fri,Apr,40,15:45,16:00,11,2,2,2,2,2,1,26.3,26.0,11.6,3.38,3.59,2.13,63.5,62.4,40.2
2026-04-03,Fri,Apr,41,16:00,16:15,13,3,3,2,2,2,1,35.1,27.9,12.4,3.68,4.17,2.79,66.3,58.8,42.5
2026-04-03,Fri,Apr,42,16:15,16:30,15,3,3,3,2,2,2,32.8,24.8,14.0,5.03,4.35,2.9,65.2,66.8,46.5
2026-04-03,Fri,Apr,43,16:30,16:45,14,3,3,3,2,2,1,30.1,27.2,12.0,3.22,4.33,2.22,69.5,56.6,41.8
2026-04-03,Fri,Apr,44,16:45,17:00,11,2,2,2,2,2,1,26.8,21.1,11.8,3.4,3.29,2.36,60.9,61.9,40.3
2026-04-03,Fri,Apr,45,17:00,17:15,10,2,2,2,2,1,1,26.9,24.4,11.3,3.42,3.34,2.11,60.1,61.1,38.0
2026-04-03,Fri,Apr,46,17:15,17:30,8,2,2,1,1,1,1,23.6,21.9,10.0,2.3,2.88,1.85,54.3,64.1,37.4
2026-04-03,Fri,Apr,47,17:30,17:45,8,2,2,1,1,1,1,21.2,22.6,10.3,3.02,3.19,1.46,61.1,57.6,38.4
2026-04-03,Fri,Apr,48,17:45,18:00,6,1,1,1,1,1,1,20.2,18.7,9.4,2.47,2.58,1.76,58.2,54.5,40.0
2026-04-06,Mon,Apr,1,06:00,06:15,5,1,1,1,1,1,0,20.2,19.9,11.8,2.22,2.74,1.64,56.8,57.7,36.6
2026-04-06,Mon,Apr,2,06:15,06:30,5,1,1,1,1,1,0,22.3,19.3,10.6,2.69,3.07,1.65,59.8,56.6,34.9
2026-04-06,Mon,Apr,3,06:30,06:45,7,2,1,1,1,1,1,24.2,23.3,13.6,2.61,3.21,1.84,65.4,64.8,38.8
2026-04-06,Mon,Apr,4,06:45,07:00,9,2,2,2,1,1,1,28.5,23.0,12.1,3.51,4.28,2.0,60.5,60.0,34.7
2026-04-06,Mon,Apr,5,07:00,07:15,9,2,2,2,1,1,1,27.2,22.5,13.4,3.32,4.18,1.91,63.0,60.1,40.5
2026-04-06,Mon,Apr,6,07:15,07:30,13,3,3,2,2,2,1,34.1,29.6,17.7,3.87,4.68,2.6,70.9,65.3,38.1
2026-04-06,Mon,Apr,7,07:30,07:45,13,3,3,2,2,2,1,31.4,28.2,16.9,3.78,4.83,2.49,73.5,65.4,43.3
2026-04-06,Mon,Apr,8,07:45,08:00,13,3,3,2,2,2,1,30.8,29.5,15.6,3.62,4.21,2.78,71.6,66.0,35.5
2026-04-06,Mon,Apr,9,08:00,08:15,15,3,3,3,2,2,2,30.7,27.1,17.4,4.88,5.48,2.4,69.2,72.3,41.5
2026-04-06,Mon,Apr,10,08:15,08:30,13,3,3,2,2,2,1,32.8,25.9,17.5,3.96,5.04,2.62,72.3,68.3,40.1
2026-04-06,Mon,Apr,11,08:30,08:45,13,3,3,2,2,2,1,29.6,26.7,17.8,3.82,5.26,2.6,72.7,73.3,39.0
2026-04-06,Mon,Apr,12,08:45,09:00,11,2,2,2,2,2,1,28.8,28.7,15.2,3.61,4.43,2.05,72.0,66.5,34.8
2026-04-06,Mon,Apr,13,09:00,09:15,11,2,2,2,2,2,1,31.5,26.1,16.0,3.76,4.1,2.46,67.9,60.3,38.2
2026-04-06,Mon,Apr,14,09:15,09:30,7,2,1,1,1,1,1,21.2,21.1,13.3,2.95,2.78,1.81,60.8,59.8,34.5
2026-04-06,Mon,Apr,15,09:30,09:45,7,2,1,1,1,1,1,23.4,20.1,13.1,2.42,2.58,1.35,59.8,62.1,32.8
2026-04-06,Mon,Apr,16,09:45,10:00,7,2,1,1,1,1,1,24.1,21.5,10.9,3.25,3.06,1.89,68.8,59.9,36.6
2026-04-06,Mon,Apr,17,10:00,10:15,5,1,1,1,1,1,0,21.0,19.0,10.2,2.84,3.06,1.51,59.0,55.2,34.1
2026-04-06,Mon,Apr,18,10:15,10:30,6,1,1,1,1,1,1,20.4,22.4,11.5,2.47,2.96,1.71,60.5,58.1,32.2
2026-04-06,Mon,Apr,19,10:30,10:45,5,1,1,1,1,1,0,20.3,19.0,10.8,2.12,3.06,1.43,57.3,57.9,36.6
2026-04-06,Mon,Apr,20,10:45,11:00,5,1,1,1,1,1,0,21.4,18.7,10.8,2.44,3.01,1.58,61.8,63.0,32.2
2026-04-06,Mon,Apr,21,11:00,11:15,7,2,1,1,1,1,1,22.5,20.4,11.6,2.77,3.05,1.87,59.5,55.6,38.2
2026-04-06,Mon,Apr,22,11:15,11:30,7,2,1,1,1,1,1,22.0,20.4,13.3,3.07,3.75,1.62,66.2,61.2,35.3
2026-04-06,Mon,Apr,23,11:30,11:45,6,1,1,1,1,1,1,23.6,20.9,11.5,2.51,2.71,1.71,65.6,59.8,37.0
2026-04-06,Mon,Apr,24,11:45,12:00,8,2,2,1,1,1,1,26.6,20.5,13.6,3.4,3.9,1.86,57.9,62.5,33.7
2026-04-06,Mon,Apr,25,12:00,12:15,7,2,1,1,1,1,1,20.6,22.0,10.6,2.6,3.98,1.83,70.8,59.9,35.1
2026-04-06,Mon,Apr,26,12:15,12:30,7,2,1,1,1,1,1,24.2,21.2,12.7,2.53,3.68,1.83,62.4,65.4,37.7
2026-04-06,Mon,Apr,27,12:30,12:45,7,2,1,1,1,1,1,22.3,19.9,12.2,2.95,3.11,1.84,58.7,63.6,36.4
2026-04-06,Mon,Apr,28,12:45,13:00,6,1,1,1,1,1,1,24.1,20.3,11.4,2.66,3.37,1.95,65.4,61.8,32.9
2026-04-06,Mon,Apr,29,13:00,13:15,7,2,1,1,1,1,1,26.3,23.3,12.8,2.4,3.32,1.89,63.9,58.6,35.8
2026-04-06,Mon,Apr,30,13:15,13:30,6,1,1,1,1,1,1,20.2,21.3,11.1,2.6,3.71,1.76,58.8,54.7,37.2
2026-04-06,Mon,Apr,31,13:30,13:45,6,1,1,1,1,1,1,24.0,21.5,12.7,2.02,3.61,1.87,55.4,59.0,35.2
2026-04-06,Mon,Apr,32,13:45,14:00,7,2,1,1,1,1,1,24.3,23.6,11.1,3.19,3.89,1.74,58.7,59.9,37.4
2026-04-06,Mon,Apr,33,14:00,14:15,7,2,1,1,1,1,1,24.5,23.9,11.3,2.78,3.46,1.88,65.8,65.1,37.1
2026-04-06,Mon,Apr,34,14:15,14:30,8,2,2,1,1,1,1,26.6,19.9,14.0,2.94,3.5,2.21,65.6,59.1,36.7
2026-04-06,Mon,Apr,35,14:30,14:45,10,2,2,2,2,1,1,26.6,24.6,13.7,3.27,4.31,2.08,67.4,68.6,38.1
2026-04-06,Mon,Apr,36,14:45,15:00,10,2,2,2,2,1,1,32.1,24.9,15.2,3.36,3.78,2.29,67.0,65.0,37.3
2026-04-06,Mon,Apr,37,15:00,15:15,11,2,2,2,2,2,1,27.9,22.6,14.2,3.12,4.18,2.02,69.0,67.6,37.3
2026-04-06,Mon,Apr,38,15:15,15:30,10,2,2,2,2,1,1,21.7,23.0,14.0,3.22,4.7,2.23,66.6,60.9,36.2
2026-04-06,Mon,Apr,39,15:30,15:45,12,3,2,2,2,2,1,29.1,28.6,17.0,4.7,5.15,2.49,67.7,62.3,38.4
2026-04-06,Mon,Apr,40,15:45,16:00,13,3,3,2,2,2,1,30.7,25.1,17.6,4.36,4.42,2.51,70.7,72.2,40.4
2026-04-06,Mon,Apr,41,16:00,16:15,13,3,3,2,2,2,1,32.2,28.4,16.2,4.61,4.74,2.28,70.7,69.2,38.9
2026-04-06,Mon,Apr,42,16:15,16:30,11,2,2,2,2,2,1,25.6,25.8,15.7,3.98,4.05,2.48,72.1,65.2,37.3
2026-04-06,Mon,Apr,43,16:30,16:45,12,3,2,2,2,2,1,27.1,28.8,16.5,3.8,4.94,2.3,72.7,69.0,40.8
2026-04-06,Mon,Apr,44,16:45,17:00,11,2,2,2,2,2,1,28.9,28.3,14.6,3.61,4.49,2.02,69.0,66.0,36.8
2026-04-06,Mon,Apr,45,17:00,17:15,9,2,2,2,1,1,1,21.5,23.7,15.1,3.21,3.98,1.87,63.2,66.5,40.6
2026-04-06,Mon,Apr,46,17:15,17:30,8,2,2,1,1,1,1,24.1,20.8,13.7,3.13,3.42,1.65,58.9,62.0,37.5
2026-04-06,Mon,Apr,47,17:30,17:45,6,1,1,1,1,1,1,22.2,21.4,10.5,2.21,3.33,1.66,60.9,63.3,35.5
2026-04-06,Mon,Apr,48,17:45,18:00,6,1,1,1,1,1,1,23.1,21.5,12.6,2.5,3.3,1.45,60.9,57.5,35.3
2026-04-07,Tue,Apr,1,06:00,06:15,5,1,1,1,1,1,0,15.9,18.7,9.7,3.1,2.49,1.09,61.2,50.0,32.5
2026-04-07,Tue,Apr,2,06:15,06:30,6,1,1,1,1,1,1,19.0,18.7,10.4,2.86,2.94,1.17,64.5,55.3,31.8
2026-04-07,Tue,Apr,3,06:30,06:45,8,2,2,1,1,1,1,22.9,16.1,10.9,3.29,3.24,1.16,63.3,54.2,33.2
2026-04-07,Tue,Apr,4,06:45,07:00,9,2,2,2,1,1,1,23.7,19.4,11.7,3.76,2.99,1.36,67.0,52.6,33.0
2026-04-07,Tue,Apr,5,07:00,07:15,11,2,2,2,2,2,1,24.6,20.9,12.4,3.43,2.63,1.12,70.8,57.8,37.2
2026-04-07,Tue,Apr,6,07:15,07:30,13,3,3,2,2,2,1,26.4,22.4,12.4,3.94,3.64,1.51,77.8,55.6,33.4
2026-04-07,Tue,Apr,7,07:30,07:45,15,3,3,3,2,2,2,28.1,26.1,14.5,4.0,3.63,1.54,71.9,63.5,37.6
2026-04-07,Tue,Apr,8,07:45,08:00,13,3,3,2,2,2,1,27.4,24.9,13.9,4.72,3.7,1.57,66.7,60.4,36.9
2026-04-07,Tue,Apr,9,08:00,08:15,18,4,4,3,3,2,2,30.5,27.4,15.8,4.61,5.65,1.57,78.2,71.2,41.2
2026-04-07,Tue,Apr,10,08:15,08:30,18,4,4,3,3,2,2,34.2,30.9,15.2,4.25,4.02,1.85,77.1,65.3,37.3
2026-04-07,Tue,Apr,11,08:30,08:45,18,4,4,3,3,2,2,29.4,30.5,14.8,5.54,4.55,1.61,73.3,61.7,37.3
2026-04-07,Tue,Apr,12,08:45,09:00,13,3,3,2,2,2,1,26.5,25.9,12.8,4.6,3.85,1.59,74.8,55.8,36.1
2026-04-07,Tue,Apr,13,09:00,09:15,10,2,2,2,2,1,1,24.2,21.9,12.8,3.7,2.87,1.47,67.0,54.1,31.5
2026-04-07,Tue,Apr,14,09:15,09:30,8,2,2,1,1,1,1,21.0,21.8,10.6,3.02,2.8,1.27,65.6,58.1,35.3
2026-04-07,Tue,Apr,15,09:30,09:45,8,2,2,1,1,1,1,18.2,21.3,10.7,2.89,2.96,1.12,65.7,59.0,33.2
2026-04-07,Tue,Apr,16,09:45,10:00,7,2,1,1,1,1,1,19.4,19.8,10.6,3.05,2.78,1.15,61.0,52.5,33.4
2026-04-07,Tue,Apr,17,10:00,10:15,6,1,1,1,1,1,1,17.5,17.6,10.2,2.87,2.63,1.15,64.8,56.5,36.6
2026-04-07,Tue,Apr,18,10:15,10:30,7,2,1,1,1,1,1,20.1,16.9,10.7,2.22,2.45,1.1,58.1,53.5,32.6
2026-04-07,Tue,Apr,19,10:30,10:45,6,1,1,1,1,1,1,18.6,17.8,9.1,2.62,2.65,1.03,64.0,54.6,31.0
2026-04-07,Tue,Apr,20,10:45,11:00,7,2,1,1,1,1,1,17.8,17.4,9.9,2.25,3.03,1.07,64.1,50.6,32.6
2026-04-07,Tue,Apr,21,11:00,11:15,6,1,1,1,1,1,1,19.7,19.3,9.9,2.76,2.37,1.2,57.3,52.1,31.3
2026-04-07,Tue,Apr,22,11:15,11:30,7,2,1,1,1,1,1,18.7,18.8,9.6,3.29,2.43,1.15,63.4,56.8,35.6
2026-04-07,Tue,Apr,23,11:30,11:45,7,2,1,1,1,1,1,19.0,18.9,9.7,2.7,2.62,1.21,70.1,60.5,32.4
2026-04-07,Tue,Apr,24,11:45,12:00,8,2,2,1,1,1,1,20.7,18.3,10.3,3.05,2.85,1.09,62.4,52.1,33.7
2026-04-07,Tue,Apr,25,12:00,12:15,8,2,2,1,1,1,1,21.5,17.8,11.4,3.23,2.93,1.31,60.9,60.4,33.4
2026-04-07,Tue,Apr,26,12:15,12:30,10,2,2,2,2,1,1,21.1,20.7,12.6,3.03,3.24,1.28,70.4,59.0,35.2
2026-04-07,Tue,Apr,27,12:30,12:45,8,2,2,1,1,1,1,20.7,20.0,11.0,2.8,2.64,1.26,71.0,55.0,30.9
2026-04-07,Tue,Apr,28,12:45,13:00,9,2,2,2,1,1,1,21.5,20.6,11.1,3.34,2.69,1.44,61.6,58.6,34.5
2026-04-07,Tue,Apr,29,13:00,13:15,10,2,2,2,2,1,1,22.8,21.9,11.3,4.1,2.94,1.42,58.8,54.1,36.3
2026-04-07,Tue,Apr,30,13:15,13:30,10,2,2,2,2,1,1,22.2,21.9,12.0,3.51,3.38,1.17,64.0,61.1,34.7
2026-04-07,Tue,Apr,31,13:30,13:45,7,2,1,1,1,1,1,19.8,18.7,11.3,2.96,2.28,1.25,67.4,54.3,35.8
2026-04-07,Tue,Apr,32,13:45,14:00,8,2,2,1,1,1,1,19.7,19.8,10.9,3.39,2.51,1.07,61.4,51.6,33.8
2026-04-07,Tue,Apr,33,14:00,14:15,8,2,2,1,1,1,1,21.1,19.7,10.1,3.0,2.68,1.28,68.5,55.5,34.6
2026-04-07,Tue,Apr,34,14:15,14:30,9,2,2,2,1,1,1,21.1,20.4,10.9,3.15,2.76,1.24,62.5,56.5,35.5
2026-04-07,Tue,Apr,35,14:30,14:45,8,2,2,1,1,1,1,18.3,19.4,11.3,3.04,2.7,1.16,73.0,51.3,32.3
2026-04-07,Tue,Apr,36,14:45,15:00,10,2,2,2,2,1,1,20.3,20.7,10.4,3.72,3.25,1.52,65.9,59.8,34.7
2026-04-07,Tue,Apr,37,15:00,15:15,13,3,3,2,2,2,1,29.1,21.7,13.3,4.28,4.01,1.59,70.9,57.3,35.3
2026-04-07,Tue,Apr,38,15:15,15:30,14,3,3,3,2,2,1,28.1,26.7,14.4,4.06,3.8,1.73,71.4,61.0,38.8
2026-04-07,Tue,Apr,39,15:30,15:45,13,3,3,2,2,2,1,27.8,23.3,14.1,4.4,3.56,1.63,70.8,55.6,36.2
2026-04-07,Tue,Apr,40,15:45,16:00,14,3,3,3,2,2,1,27.6,23.1,14.9,4.09,3.46,1.71,74.4,58.9,38.8
2026-04-07,Tue,Apr,41,16:00,16:15,17,4,3,3,3,2,2,25.0,30.2,16.6,4.85,4.45,1.82,77.6,65.9,38.0
2026-04-07,Tue,Apr,42,16:15,16:30,12,3,2,2,2,2,1,26.6,25.5,12.4,3.7,3.79,1.54,68.4,56.1,35.5
2026-04-07,Tue,Apr,43,16:30,16:45,13,3,3,2,2,2,1,24.6,25.9,12.2,4.28,4.07,1.62,71.6,63.0,36.2
2026-04-07,Tue,Apr,44,16:45,17:00,13,3,3,2,2,2,1,24.8,24.9,13.9,4.02,3.41,1.8,64.2,60.7,38.3
2026-04-07,Tue,Apr,45,17:00,17:15,8,2,2,1,1,1,1,21.3,20.8,11.2,3.04,2.98,1.31,64.3,52.2,32.1
2026-04-07,Tue,Apr,46,17:15,17:30,8,2,2,1,1,1,1,21.0,21.0,10.9,2.94,2.61,1.19,68.9,52.7,33.6
2026-04-07,Tue,Apr,47,17:30,17:45,8,2,2,1,1,1,1,21.3,22.1,10.5,3.64,3.16,1.15,66.5,55.3,36.4
2026-04-07,Tue,Apr,48,17:45,18:00,7,2,1,1,1,1,1,18.7,18.4,9.3,2.92,2.14,1.17,61.0,51.5,32.7
2026-04-08,Wed,Apr,1,06:00,06:15,4,1,1,1,1,0,0,19.9,13.8,8.6,3.12,2.88,1.79,60.5,62.7,31.3
2026-04-08,Wed,Apr,2,06:15,06:30,5,1,1,1,1,1,0,17.7,13.7,8.1,3.67,3.14,1.59,55.8,63.2,35.4
2026-04-08,Wed,Apr,3,06:30,06:45,6,1,1,1,1,1,1,21.6,16.1,9.5,3.84,3.25,1.8,56.0,54.2,32.3
2026-04-08,Wed,Apr,4,06:45,07:00,7,2,1,1,1,1,1,22.6,18.3,8.3,3.72,3.07,2.24,60.3,65.7,35.8
2026-04-08,Wed,Apr,5,07:00,07:15,10,2,2,2,2,1,1,22.5,21.4,11.1,4.2,4.14,2.67,68.8,62.3,39.5
2026-04-08,Wed,Apr,6,07:15,07:30,8,2,2,1,1,1,1,20.9,16.3,10.8,3.98,3.59,1.75,63.8,64.4,36.0
2026-04-08,Wed,Apr,7,07:30,07:45,14,3,3,3,2,2,1,32.8,22.3,12.6,5.42,5.02,2.68,73.1,71.4,37.8
2026-04-08,Wed,Apr,8,07:45,08:00,15,3,3,3,2,2,2,30.3,23.9,13.9,5.73,4.22,3.01,64.6,65.5,37.6
2026-04-08,Wed,Apr,9,08:00,08:15,14,3,3,3,2,2,1,30.3,25.3,13.9,7.64,5.02,2.99,69.7,73.7,38.0
2026-04-08,Wed,Apr,10,08:15,08:30,14,3,3,3,2,2,1,31.0,22.5,12.9,4.81,5.29,3.11,61.7,75.8,35.3
2026-04-08,Wed,Apr,11,08:30,08:45,13,3,3,2,2,2,1,31.5,21.7,12.9,5.07,4.16,2.91,65.4,69.2,35.2
2026-04-08,Wed,Apr,12,08:45,09:00,11,2,2,2,2,2,1,28.8,23.1,12.3,4.81,3.95,2.37,63.9,70.2,35.8
2026-04-08,Wed,Apr,13,09:00,09:15,10,2,2,2,2,1,1,29.8,18.3,9.6,4.43,3.73,2.08,68.7,67.7,36.7
2026-04-08,Wed,Apr,14,09:15,09:30,8,2,2,1,1,1,1,22.7,16.7,10.7,4.47,3.1,2.19,60.1,61.9,36.0
2026-04-08,Wed,Apr,15,09:30,09:45,7,2,1,1,1,1,1,21.2,17.9,8.0,3.99,3.21,2.06,65.8,62.8,35.8
2026-04-08,Wed,Apr,16,09:45,10:00,6,1,1,1,1,1,1,22.3,14.7,8.4,2.82,3.36,1.96,58.0,63.4,31.6
2026-04-08,Wed,Apr,17,10:00,10:15,5,1,1,1,1,1,0,20.4,13.1,8.1,3.52,2.77,1.52,55.5,59.1,31.6
2026-04-08,Wed,Apr,18,10:15,10:30,5,1,1,1,1,1,0,19.8,14.1,8.3,2.93,2.57,1.78,60.7,58.3,31.4
2026-04-08,Wed,Apr,19,10:30,10:45,5,1,1,1,1,1,0,18.2,14.9,8.5,2.68,2.86,1.8,56.8,65.6,36.2
2026-04-08,Wed,Apr,20,10:45,11:00,5,1,1,1,1,1,0,20.7,13.1,6.8,3.4,2.93,1.79,58.8,55.9,33.2
2026-04-08,Wed,Apr,21,11:00,11:15,6,1,1,1,1,1,1,19.8,15.1,9.5,3.43,2.92,2.06,60.0,64.3,34.3
2026-04-08,Wed,Apr,22,11:15,11:30,5,1,1,1,1,1,0,18.3,13.1,7.6,3.01,2.61,2.02,61.4,57.7,33.7
2026-04-08,Wed,Apr,23,11:30,11:45,7,2,1,1,1,1,1,20.1,18.6,9.1,3.93,3.24,1.79,65.7,58.2,31.7
2026-04-08,Wed,Apr,24,11:45,12:00,8,2,2,1,1,1,1,27.8,17.7,10.0,4.15,3.6,2.46,61.6,61.0,35.2
2026-04-08,Wed,Apr,25,12:00,12:15,9,2,2,2,1,1,1,22.0,15.7,10.3,4.43,4.3,2.28,62.5,66.6,37.1
2026-04-08,Wed,Apr,26,12:15,12:30,7,2,1,1,1,1,1,22.6,15.5,8.4,3.93,3.65,2.15,65.9,63.5,35.6
2026-04-08,Wed,Apr,27,12:30,12:45,8,2,2,1,1,1,1,24.7,18.0,9.1,4.41,3.78,1.88,58.1,58.6,34.2
2026-04-08,Wed,Apr,28,12:45,13:00,9,2,2,2,1,1,1,23.9,16.8,11.0,4.23,4.16,2.47,68.2,65.1,38.3
2026-04-08,Wed,Apr,29,13:00,13:15,7,2,1,1,1,1,1,23.2,14.7,9.0,4.43,2.9,2.02,60.9,62.4,32.1
2026-04-08,Wed,Apr,30,13:15,13:30,9,2,2,2,1,1,1,22.3,15.6,7.9,4.13,3.41,2.0,68.4,67.4,35.4
2026-04-08,Wed,Apr,31,13:30,13:45,6,1,1,1,1,1,1,20.7,14.1,9.6,3.57,2.75,1.98,58.7,61.9,34.1
2026-04-08,Wed,Apr,32,13:45,14:00,7,2,1,1,1,1,1,20.0,15.9,8.1,3.97,3.04,2.38,66.3,63.8,32.2
2026-04-08,Wed,Apr,33,14:00,14:15,7,2,1,1,1,1,1,20.0,15.9,7.9,3.68,2.93,2.11,57.5,62.1,33.9
2026-04-08,Wed,Apr,34,14:15,14:30,8,2,2,1,1,1,1,24.6,15.2,10.3,4.32,3.87,2.15,60.7,60.9,33.9
2026-04-08,Wed,Apr,35,14:30,14:45,9,2,2,2,1,1,1,20.9,19.0,9.8,3.9,3.92,2.33,60.4,63.9,34.8
2026-04-08,Wed,Apr,36,14:45,15:00,8,2,2,1,1,1,1,20.8,18.7,10.8,3.96,3.52,1.95,65.8,66.0,36.8
2026-04-08,Wed,Apr,37,15:00,15:15,10,2,2,2,2,1,1,27.2,19.8,9.9,3.8,3.88,2.49,67.1,68.2,32.9
2026-04-08,Wed,Apr,38,15:15,15:30,11,2,2,2,2,2,1,27.8,20.3,12.6,4.84,4.62,2.84,65.6,63.7,35.4
2026-04-08,Wed,Apr,39,15:30,15:45,10,2,2,2,2,1,1,24.1,20.2,11.1,4.6,4.32,2.15,65.2,68.2,36.7
2026-04-08,Wed,Apr,40,15:45,16:00,15,3,3,3,2,2,2,33.3,22.8,14.1,6.64,5.5,2.78,72.9,79.2,35.3
2026-04-08,Wed,Apr,41,16:00,16:15,14,3,3,3,2,2,1,32.7,21.1,13.2,5.56,4.88,2.76,65.9,69.7,41.8
2026-04-08,Wed,Apr,42,16:15,16:30,13,3,3,2,2,2,1,28.2,23.7,12.2,5.64,4.3,2.78,66.6,63.9,40.7
2026-04-08,Wed,Apr,43,16:30,16:45,13,3,3,2,2,2,1,29.4,23.0,13.4,5.64,4.16,3.25,68.1,65.8,38.6
2026-04-08,Wed,Apr,44,16:45,17:00,12,3,2,2,2,2,1,28.6,22.2,11.1,5.14,4.03,2.51,69.5,63.8,42.2
2026-04-08,Wed,Apr,45,17:00,17:15,9,2,2,2,1,1,1,24.4,18.6,11.2,3.93,4.01,2.54,62.6,60.2,38.6
2026-04-08,Wed,Apr,46,17:15,17:30,7,2,1,1,1,1,1,20.8,15.9,9.4,3.35,2.85,1.77,56.7,64.5,36.3
2026-04-08,Wed,Apr,47,17:30,17:45,7,2,1,1,1,1,1,22.3,15.1,9.9,3.86,3.16,1.67,54.6,67.2,35.7
2026-04-08,Wed,Apr,48,17:45,18:00,6,1,1,1,1,1,1,21.3,15.3,9.7,3.77,2.61,1.86,59.4,65.2,33.6
2026-04-09,Thu,Apr,1,06:00,06:15,4,1,1,1,1,0,0,15.8,17.3,9.2,2.19,2.06,1.11,55.9,57.8,34.2
2026-04-09,Thu,Apr,2,06:15,06:30,4,1,1,1,1,0,0,15.6,18.1,9.3,1.94,2.07,1.15,53.7,55.8,31.8
2026-04-09,Thu,Apr,3,06:30,06:45,7,2,1,1,1,1,1,16.0,19.6,13.7,2.35,2.62,1.48,52.3,60.7,36.8
2026-04-09,Thu,Apr,4,06:45,07:00,8,2,2,1,1,1,1,18.6,20.6,11.1,2.69,2.88,1.83,57.2,62.8,34.3
2026-04-09,Thu,Apr,5,07:00,07:15,10,2,2,2,2,1,1,22.0,24.8,12.7,2.92,2.93,1.65,61.6,67.3,39.0
2026-04-09,Thu,Apr,6,07:15,07:30,10,2,2,2,2,1,1,22.7,26.2,11.7,2.89,2.86,2.11,65.1,57.0,38.7
2026-04-09,Thu,Apr,7,07:30,07:45,13,3,3,2,2,2,1,21.1,26.0,12.7,3.26,3.69,2.44,67.7,66.8,40.5
2026-04-09,Thu,Apr,8,07:45,08:00,13,3,3,2,2,2,1,23.5,27.7,12.4,3.55,3.59,2.1,64.9,70.9,36.4
2026-04-09,Thu,Apr,9,08:00,08:15,15,3,3,3,2,2,2,28.7,30.8,15.8,3.84,3.42,2.03,66.1,68.0,41.1
2026-04-09,Thu,Apr,10,08:15,08:30,16,3,3,3,3,2,2,29.9,26.0,16.5,3.97,3.91,2.39,64.8,69.0,39.4
2026-04-09,Thu,Apr,11,08:30,08:45,13,3,3,2,2,2,1,27.1,25.2,13.4,3.22,3.4,1.91,62.5,67.1,38.9
2026-04-09,Thu,Apr,12,08:45,09:00,11,2,2,2,2,2,1,21.9,26.6,13.1,3.08,3.16,1.99,60.8,68.4,33.9
2026-04-09,Thu,Apr,13,09:00,09:15,8,2,2,1,1,1,1,19.3,21.3,11.9,2.4,2.75,1.66,58.6,64.9,34.2
2026-04-09,Thu,Apr,14,09:15,09:30,7,2,1,1,1,1,1,18.2,19.6,10.7,2.06,2.8,1.38,54.2,63.0,34.3
2026-04-09,Thu,Apr,15,09:30,09:45,6,1,1,1,1,1,1,14.9,18.9,10.9,1.75,2.11,1.59,50.4,55.8,33.2
2026-04-09,Thu,Apr,16,09:45,10:00,6,1,1,1,1,1,1,18.8,19.8,8.7,1.69,2.2,1.42,58.7,64.0,31.9
2026-04-09,Thu,Apr,17,10:00,10:15,4,1,1,1,1,0,0,15.0,17.9,8.4,1.96,1.9,1.27,62.6,58.0,32.7
2026-04-09,Thu,Apr,18,10:15,10:30,5,1,1,1,1,1,0,16.6,19.0,9.2,2.17,1.86,1.32,58.9,62.0,32.2
2026-04-09,Thu,Apr,19,10:30,10:45,5,1,1,1,1,1,0,17.3,17.6,11.6,2.23,2.12,1.4,57.6,55.2,32.0
2026-04-09,Thu,Apr,20,10:45,11:00,6,1,1,1,1,1,1,18.5,22.5,10.8,2.1,2.18,1.55,57.0,56.0,33.8
2026-04-09,Thu,Apr,21,11:00,11:15,6,1,1,1,1,1,1,16.5,18.4,10.5,2.12,2.38,1.39,60.0,58.9,33.1
2026-04-09,Thu,Apr,22,11:15,11:30,6,1,1,1,1,1,1,17.3,19.0,8.4,2.15,2.3,1.59,57.6,58.1,33.0
2026-04-09,Thu,Apr,23,11:30,11:45,7,2,1,1,1,1,1,18.5,21.6,9.2,2.59,2.7,1.51,60.7,64.2,33.4
2026-04-09,Thu,Apr,24,11:45,12:00,8,2,2,1,1,1,1,20.3,20.1,10.0,2.57,2.64,1.51,57.7,58.1,31.0
2026-04-09,Thu,Apr,25,12:00,12:15,6,1,1,1,1,1,1,16.6,18.2,10.7,2.37,1.94,1.26,57.5,55.8,32.8
2026-04-09,Thu,Apr,26,12:15,12:30,6,1,1,1,1,1,1,18.2,20.6,10.0,2.46,2.29,1.34,56.7,63.4,33.2
2026-04-09,Thu,Apr,27,12:30,12:45,8,2,2,1,1,1,1,18.4,19.1,11.5,2.06,2.62,1.58,58.0,63.4,35.2
2026-04-09,Thu,Apr,28,12:45,13:00,7,2,1,1,1,1,1,16.9,19.9,11.2,2.42,2.56,1.66,55.4,62.7,32.7
2026-04-09,Thu,Apr,29,13:00,13:15,8,2,2,1,1,1,1,18.0,20.3,12.1,2.33,2.8,1.71,65.1,67.7,35.8
2026-04-09,Thu,Apr,30,13:15,13:30,7,2,1,1,1,1,1,19.6,18.8,11.7,2.17,2.4,1.62,57.4,56.5,33.6
2026-04-09,Thu,Apr,31,13:30,13:45,7,2,1,1,1,1,1,17.8,20.5,10.6,2.31,2.26,1.51,56.8,57.5,35.0
2026-04-09,Thu,Apr,32,13:45,14:00,8,2,2,1,1,1,1,18.6,18.8,12.3,2.95,2.42,1.74,65.0,64.9,33.0
2026-04-09,Thu,Apr,33,14:00,14:15,7,2,1,1,1,1,1,17.0,17.6,11.4,2.48,2.27,1.68,58.5,58.3,37.2
2026-04-09,Thu,Apr,34,14:15,14:30,7,2,1,1,1,1,1,17.6,18.8,10.3,2.47,2.61,1.41,56.9,63.6,35.6
2026-04-09,Thu,Apr,35,14:30,14:45,9,2,2,2,1,1,1,17.2,21.5,12.3,2.54,2.65,1.79,63.1,64.1,36.3
2026-04-09,Thu,Apr,36,14:45,15:00,7,2,1,1,1,1,1,17.3,22.6,11.7,2.84,2.32,1.6,59.3,62.7,33.2
2026-04-09,Thu,Apr,37,15:00,15:15,10,2,2,2,2,1,1,20.9,21.1,12.8,2.65,3.65,2.14,60.3,66.8,36.2
2026-04-09,Thu,Apr,38,15:15,15:30,11,2,2,2,2,2,1,23.0,23.7,13.1,3.14,3.34,2.13,60.5,68.2,32.5
2026-04-09,Thu,Apr,39,15:30,15:45,12,3,2,2,2,2,1,27.3,26.3,14.2,2.6,3.4,1.96,69.6,68.3,41.7
2026-04-09,Thu,Apr,40,15:45,16:00,15,3,3,3,2,2,2,26.2,25.2,13.8,3.03,3.57,2.35,70.7,69.1,37.8
2026-04-09,Thu,Apr,41,16:00,16:15,10,2,2,2,2,1,1,18.4,23.7,12.0,2.74,3.14,1.81,60.0,62.6,35.7
2026-04-09,Thu,Apr,42,16:15,16:30,14,3,3,3,2,2,1,25.2,30.2,14.9,3.43,3.46,2.74,68.7,66.6,42.3
2026-04-09,Thu,Apr,43,16:30,16:45,15,3,3,3,2,2,2,27.6,30.8,15.9,3.68,2.93,2.45,64.7,68.5,38.8
2026-04-09,Thu,Apr,44,16:45,17:00,11,2,2,2,2,2,1,22.6,26.1,13.5,3.1,3.62,2.22,59.4,65.4,33.6
2026-04-09,Thu,Apr,45,17:00,17:15,9,2,2,2,1,1,1,20.6,20.7,11.9,2.59,2.89,1.84,61.0,63.4,38.0
2026-04-09,Thu,Apr,46,17:15,17:30,9,2,2,2,1,1,1,20.3,22.4,11.9,2.77,2.28,1.59,58.9,61.3,34.1
2026-04-09,Thu,Apr,47,17:30,17:45,7,2,1,1,1,1,1,20.2,18.3,9.6,2.57,2.67,1.62,60.3,61.8,31.7
2026-04-09,Thu,Apr,48,17:45,18:00,7,2,1,1,1,1,1,15.6,21.3,10.5,2.82,2.43,1.51,64.3,57.1,33.9
2026-04-10,Fri,Apr,1,06:00,06:15,5,1,1,1,1,1,0,21.0,18.4,8.2,2.76,2.14,1.12,58.4,56.6,37.2
2026-04-10,Fri,Apr,2,06:15,06:30,5,1,1,1,1,1,0,20.3,20.6,8.3,2.96,2.38,1.1,53.7,61.9,36.5
2026-04-10,Fri,Apr,3,06:30,06:45,6,1,1,1,1,1,1,19.4,21.5,8.5,3.45,2.69,1.07,60.9,51.9,35.4
2026-04-10,Fri,Apr,4,06:45,07:00,8,2,2,1,1,1,1,25.3,23.8,8.6,3.48,2.54,1.27,61.2,60.1,33.9
2026-04-10,Fri,Apr,5,07:00,07:15,9,2,2,2,1,1,1,22.4,21.2,9.3,3.44,2.98,1.48,60.5,61.5,38.4
2026-04-10,Fri,Apr,6,07:15,07:30,12,3,2,2,2,2,1,29.2,28.7,12.3,4.17,3.16,1.76,70.2,63.4,38.2
2026-04-10,Fri,Apr,7,07:30,07:45,13,3,3,2,2,2,1,30.5,29.2,12.3,4.37,3.11,1.65,66.0,65.5,44.1
2026-04-10,Fri,Apr,8,07:45,08:00,16,3,3,3,3,2,2,30.6,30.0,12.5,4.85,4.27,1.91,70.3,62.8,41.2
2026-04-10,Fri,Apr,9,08:00,08:15,17,4,3,3,3,2,2,33.2,32.8,15.3,4.92,4.3,1.88,70.1,62.2,43.3
2026-04-10,Fri,Apr,10,08:15,08:30,16,3,3,3,3,2,2,33.8,31.2,14.2,4.9,3.77,1.72,68.3,67.3,44.3
2026-04-10,Fri,Apr,11,08:30,08:45,15,3,3,3,2,2,2,29.9,32.7,12.5,4.92,3.49,1.71,76.0,71.0,37.7
2026-04-10,Fri,Apr,12,08:45,09:00,13,3,3,2,2,2,1,31.7,25.9,12.4,4.36,3.64,1.43,70.1,55.8,40.6
2026-04-10,Fri,Apr,13,09:00,09:15,11,2,2,2,2,2,1,24.5,21.3,11.5,4.31,2.81,1.41,65.0,63.1,35.9
2026-04-10,Fri,Apr,14,09:15,09:30,10,2,2,2,2,1,1,25.7,24.2,10.3,4.13,2.95,1.65,68.6,66.4,36.6
2026-04-10,Fri,Apr,15,09:30,09:45,7,2,1,1,1,1,1,20.5,20.2,9.0,3.45,2.61,1.19,62.5,56.3,37.9
2026-04-10,Fri,Apr,16,09:45,10:00,6,1,1,1,1,1,1,22.2,17.6,8.6,2.64,2.35,1.13,62.9,62.1,35.1
2026-04-10,Fri,Apr,17,10:00,10:15,5,1,1,1,1,1,0,17.9,16.9,8.2,2.64,2.07,1.17,57.8,61.5,36.4
2026-04-10,Fri,Apr,18,10:15,10:30,5,1,1,1,1,1,0,19.7,19.7,7.6,2.67,2.43,1.04,57.6,59.0,32.2
2026-04-10,Fri,Apr,19,10:30,10:45,6,1,1,1,1,1,1,22.3,18.7,8.8,3.06,1.99,1.41,54.6,61.3,35.1
2026-04-10,Fri,Apr,20,10:45,11:00,6,1,1,1,1,1,1,21.5,18.8,8.6,2.85,2.06,1.26,60.8,57.7,35.7
2026-04-10,Fri,Apr,21,11:00,11:15,8,2,2,1,1,1,1,23.9,23.2,10.8,3.57,2.66,1.04,58.7,62.7,35.1
2026-04-10,Fri,Apr,22,11:15,11:30,6,1,1,1,1,1,1,20.3,16.7,9.2,3.39,2.09,1.3,56.8,54.0,33.8
2026-04-10,Fri,Apr,23,11:30,11:45,6,1,1,1,1,1,1,18.5,17.8,8.7,2.99,2.33,1.19,65.1,59.6,35.7
2026-04-10,Fri,Apr,24,11:45,12:00,6,1,1,1,1,1,1,20.1,18.6,8.5,3.19,2.53,0.95,61.7,60.8,34.2
2026-04-10,Fri,Apr,25,12:00,12:15,7,2,1,1,1,1,1,24.5,20.2,8.4,3.23,2.55,1.28,59.1,59.9,35.5
2026-04-10,Fri,Apr,26,12:15,12:30,8,2,2,1,1,1,1,23.4,19.7,9.8,3.81,2.33,1.33,59.1,63.8,35.7
2026-04-10,Fri,Apr,27,12:30,12:45,7,2,1,1,1,1,1,24.2,17.9,9.2,2.88,2.54,1.39,58.3,61.4,34.3
2026-04-10,Fri,Apr,28,12:45,13:00,9,2,2,2,1,1,1,25.1,23.9,11.4,3.99,2.49,1.38,64.7,62.6,39.5
2026-04-10,Fri,Apr,29,13:00,13:15,7,2,1,1,1,1,1,22.4,21.3,8.3,2.96,2.62,1.15,60.3,61.9,38.9
2026-04-10,Fri,Apr,30,13:15,13:30,7,2,1,1,1,1,1,24.8,20.0,9.3,2.91,2.89,1.23,60.2,63.7,35.6
2026-04-10,Fri,Apr,31,13:30,13:45,7,2,1,1,1,1,1,22.0,18.5,9.1,2.69,2.46,1.35,60.2,63.5,32.5
2026-04-10,Fri,Apr,32,13:45,14:00,7,2,1,1,1,1,1,20.7,21.8,9.1,3.13,2.28,1.16,59.9,58.5,31.3
2026-04-10,Fri,Apr,33,14:00,14:15,9,2,2,2,1,1,1,25.2,25.9,10.3,3.29,2.97,1.34,59.7,56.3,34.4
2026-04-10,Fri,Apr,34,14:15,14:30,9,2,2,2,1,1,1,25.7,22.1,11.1,3.44,3.13,1.52,59.8,60.7,35.8
2026-04-10,Fri,Apr,35,14:30,14:45,7,2,1,1,1,1,1,22.8,18.3,9.4,3.52,2.67,1.03,64.6,49.8,36.3
2026-04-10,Fri,Apr,36,14:45,15:00,10,2,2,2,2,1,1,24.0,24.0,11.0,3.59,2.87,1.3,65.0,65.1,39.1
2026-04-10,Fri,Apr,37,15:00,15:15,11,2,2,2,2,2,1,27.7,24.5,10.0,3.8,3.47,1.64,61.5,67.1,37.1
2026-04-10,Fri,Apr,38,15:15,15:30,11,2,2,2,2,2,1,26.4,21.2,12.2,4.11,3.01,1.71,66.9,60.2,38.3
2026-04-10,Fri,Apr,39,15:30,15:45,11,2,2,2,2,2,1,24.7,21.0,10.9,4.61,3.57,1.42,63.2,60.0,42.0
2026-04-10,Fri,Apr,40,15:45,16:00,14,3,3,3,2,2,1,31.2,27.4,12.0,4.65,3.5,1.54,66.4,73.0,41.6
2026-04-10,Fri,Apr,41,16:00,16:15,13,3,3,2,2,2,1,31.5,30.2,12.5,4.58,3.32,1.74,66.6,62.0,40.6
2026-04-10,Fri,Apr,42,16:15,16:30,13,3,3,2,2,2,1,31.9,26.5,14.0,3.81,3.98,1.65,71.3,68.4,35.9
2026-04-10,Fri,Apr,43,16:30,16:45,13,3,3,2,2,2,1,24.8,29.2,11.7,4.31,3.67,1.84,63.5,64.2,40.3
2026-04-10,Fri,Apr,44,16:45,17:00,11,2,2,2,2,2,1,28.2,21.4,10.3,3.81,3.16,1.57,68.4,63.9,37.2
2026-04-10,Fri,Apr,45,17:00,17:15,10,2,2,2,2,1,1,24.6,24.8,10.0,3.93,2.94,1.3,67.0,66.0,40.1
2026-04-10,Fri,Apr,46,17:15,17:30,9,2,2,2,1,1,1,26.9,22.1,10.9,3.48,2.97,1.53,64.0,62.4,38.1
2026-04-10,Fri,Apr,47,17:30,17:45,8,2,2,1,1,1,1,23.9,21.6,10.5,3.66,3.05,1.26,64.7,59.2,35.3
2026-04-10,Fri,Apr,48,17:45,18:00,6,1,1,1,1,1,1,19.5,21.2,8.8,3.54,2.46,1.21,61.5,63.8,36.0
2026-04-13,Mon,Apr,1,06:00,06:15,4,1,1,1,1,0,0,16.7,21.2,8.2,2.51,2.42,1.64,66.1,56.3,29.1
2026-04-13,Mon,Apr,2,06:15,06:30,5,1,1,1,1,1,0,19.9,20.1,10.1,2.48,2.62,1.6,62.5,59.1,29.9
2026-04-13,Mon,Apr,3,06:30,06:45,6,1,1,1,1,1,1,17.8,23.1,9.8,2.99,2.88,1.88,59.0,59.0,32.6
2026-04-13,Mon,Apr,4,06:45,07:00,7,2,1,1,1,1,1,23.1,22.3,10.5,3.48,2.67,1.82,67.1,62.6,35.3
2026-04-13,Mon,Apr,5,07:00,07:15,9,2,2,2,1,1,1,26.5,24.6,12.0,3.58,3.73,1.86,65.2,59.5,32.0
2026-04-13,Mon,Apr,6,07:15,07:30,9,2,2,2,1,1,1,24.3,26.8,9.9,4.01,3.63,1.87,68.4,60.7,31.9
2026-04-13,Mon,Apr,7,07:30,07:45,10,2,2,2,2,1,1,26.5,26.4,13.3,4.13,3.35,1.65,75.6,64.2,36.1
2026-04-13,Mon,Apr,8,07:45,08:00,13,3,3,2,2,2,1,30.6,32.6,14.9,4.36,4.2,2.71,69.1,68.3,34.3
2026-04-13,Mon,Apr,9,08:00,08:15,11,2,2,2,2,2,1,27.9,28.3,13.1,4.0,3.77,2.32,70.4,61.3,32.7
2026-04-13,Mon,Apr,10,08:15,08:30,13,3,3,2,2,2,1,28.7,33.2,15.1,5.15,4.06,2.56,68.1,63.2,35.0
2026-04-13,Mon,Apr,11,08:30,08:45,13,3,3,2,2,2,1,26.9,35.3,15.9,4.95,3.86,2.66,69.8,69.2,34.5
2026-04-13,Mon,Apr,12,08:45,09:00,10,2,2,2,2,1,1,26.0,31.6,12.2,3.87,3.04,2.44,69.9,62.3,33.9
2026-04-13,Mon,Apr,13,09:00,09:15,9,2,2,2,1,1,1,28.3,22.7,12.9,3.86,3.6,1.84,72.9,65.3,33.2
2026-04-13,Mon,Apr,14,09:15,09:30,6,1,1,1,1,1,1,22.9,22.2,9.9,3.7,2.86,1.44,62.6,60.7,30.6
2026-04-13,Mon,Apr,15,09:30,09:45,7,2,1,1,1,1,1,21.1,20.9,10.5,3.51,3.38,1.74,70.1,58.9,32.5
2026-04-13,Mon,Apr,16,09:45,10:00,4,1,1,1,1,0,0,18.1,19.8,8.7,2.54,2.37,1.17,64.8,54.0,30.6
2026-04-13,Mon,Apr,17,10:00,10:15,5,1,1,1,1,1,0,17.8,20.8,9.3,2.52,2.84,1.66,59.1,58.1,30.3
2026-04-13,Mon,Apr,18,10:15,10:30,5,1,1,1,1,1,0,17.3,18.6,9.2,2.83,2.45,1.42,66.8,58.5,30.9
2026-04-13,Mon,Apr,19,10:30,10:45,5,1,1,1,1,1,0,19.5,19.5,9.3,2.95,2.89,1.44,63.0,58.4,29.5
2026-04-13,Mon,Apr,20,10:45,11:00,5,1,1,1,1,1,0,20.5,19.7,9.8,2.73,2.67,1.4,63.9,55.8,32.0
2026-04-13,Mon,Apr,21,11:00,11:15,5,1,1,1,1,1,0,21.3,23.9,8.5,2.77,2.57,1.31,60.7,58.6,28.4
2026-04-13,Mon,Apr,22,11:15,11:30,6,1,1,1,1,1,1,19.3,21.9,10.4,3.22,2.42,1.55,67.2,58.9,32.4
2026-04-13,Mon,Apr,23,11:30,11:45,5,1,1,1,1,1,0,19.6,19.3,9.1,2.81,2.9,1.3,61.7,60.0,31.2
2026-04-13,Mon,Apr,24,11:45,12:00,8,2,2,1,1,1,1,27.0,27.2,12.3,3.52,3.41,1.71,74.2,62.4,32.9
2026-04-13,Mon,Apr,25,12:00,12:15,6,1,1,1,1,1,1,21.3,22.6,10.0,2.89,2.39,1.54,63.3,52.5,31.8
2026-04-13,Mon,Apr,26,12:15,12:30,5,1,1,1,1,1,0,18.3,21.5,8.7,3.0,2.79,1.89,64.1,54.8,31.7
2026-04-13,Mon,Apr,27,12:30,12:45,7,2,1,1,1,1,1,22.1,21.7,9.8,3.07,3.28,1.63,63.0,61.0,32.3
2026-04-13,Mon,Apr,28,12:45,13:00,6,1,1,1,1,1,1,19.1,19.6,10.0,2.76,2.66,1.67,66.0,56.5,32.2
2026-04-13,Mon,Apr,29,13:00,13:15,7,2,1,1,1,1,1,21.8,21.6,10.3,3.15,3.14,1.72,65.5,60.4,29.9
2026-04-13,Mon,Apr,30,13:15,13:30,7,2,1,1,1,1,1,19.8,22.6,11.1,3.0,3.06,1.73,65.0,61.0,31.9
2026-04-13,Mon,Apr,31,13:30,13:45,7,2,1,1,1,1,1,21.1,22.1,10.1,3.37,2.56,1.75,71.1,57.1,30.2
2026-04-13,Mon,Apr,32,13:45,14:00,6,1,1,1,1,1,1,21.5,18.9,9.1,3.02,2.84,1.77,66.3,56.2,32.0
2026-04-13,Mon,Apr,33,14:00,14:15,7,2,1,1,1,1,1,22.6,22.7,10.0,3.31,2.95,1.84,66.8,57.1,30.6
2026-04-13,Mon,Apr,34,14:15,14:30,7,2,1,1,1,1,1,22.4,23.1,10.9,3.26,3.02,1.8,64.8,60.2,31.5
2026-04-13,Mon,Apr,35,14:30,14:45,6,1,1,1,1,1,1,18.2,21.0,9.7,2.85,3.01,1.38,66.1,58.9,33.9
2026-04-13,Mon,Apr,36,14:45,15:00,8,2,2,1,1,1,1,23.3,22.5,13.0,3.45,3.41,2.04,71.6,66.0,33.1
2026-04-13,Mon,Apr,37,15:00,15:15,9,2,2,2,1,1,1,28.0,27.9,10.0,2.98,3.26,2.3,68.9,61.4,30.0
2026-04-13,Mon,Apr,38,15:15,15:30,10,2,2,2,2,1,1,25.5,24.2,13.1,3.48,2.72,2.0,69.5,56.2,31.3
2026-04-13,Mon,Apr,39,15:30,15:45,12,3,2,2,2,2,1,28.0,31.9,15.1,3.44,4.0,2.42,68.8,71.1,33.5
2026-04-13,Mon,Apr,40,15:45,16:00,12,3,2,2,2,2,1,33.1,29.2,15.0,4.58,4.19,2.02,68.8,67.8,36.4
2026-04-13,Mon,Apr,41,16:00,16:15,10,2,2,2,2,1,1,25.2,24.9,12.7,4.11,3.58,2.06,73.6,63.6,34.5
2026-04-13,Mon,Apr,42,16:15,16:30,12,3,2,2,2,2,1,24.8,33.2,15.3,4.27,3.5,2.32,72.3,65.4,38.1
2026-04-13,Mon,Apr,43,16:30,16:45,11,2,2,2,2,2,1,26.8,30.4,15.2,4.67,3.58,2.37,69.3,67.3,36.6
2026-04-13,Mon,Apr,44,16:45,17:00,10,2,2,2,2,1,1,26.9,26.1,13.3,4.02,3.73,1.88,73.6,59.9,34.0
2026-04-13,Mon,Apr,45,17:00,17:15,9,2,2,2,1,1,1,24.3,22.2,10.1,3.39,3.89,2.11,68.3,63.0,35.0
2026-04-13,Mon,Apr,46,17:15,17:30,8,2,2,1,1,1,1,19.9,22.0,11.3,3.87,3.25,1.85,69.0,58.4,33.7
2026-04-13,Mon,Apr,47,17:30,17:45,7,2,1,1,1,1,1,19.0,23.0,10.4,2.93,2.57,2.14,66.7,58.8,31.6
2026-04-13,Mon,Apr,48,17:45,18:00,5,1,1,1,1,1,0,18.4,20.0,9.0,2.83,2.73,1.59,65.0,58.6,32.4
2026-04-14,Tue,Apr,1,06:00,06:15,4,1,1,1,1,0,0,18.2,14.7,9.3,2.73,2.07,1.22,59.9,56.8,30.7
2026-04-14,Tue,Apr,2,06:15,06:30,6,1,1,1,1,1,1,21.6,17.2,10.0,2.86,3.3,1.49,63.0,56.3,31.0
2026-04-14,Tue,Apr,3,06:30,06:45,6,1,1,1,1,1,1,18.3,17.0,10.1,3.16,3.11,1.57,59.2,51.7,34.3
2026-04-14,Tue,Apr,4,06:45,07:00,8,2,2,1,1,1,1,23.8,19.0,11.1,3.22,3.1,1.73,62.7,52.9,32.9
2026-04-14,Tue,Apr,5,07:00,07:15,11,2,2,2,2,2,1,27.3,21.1,14.6,4.3,3.84,1.85,69.9,54.0,32.4
2026-04-14,Tue,Apr,6,07:15,07:30,11,2,2,2,2,2,1,28.6,21.9,13.3,3.95,3.86,2.08,67.6,62.2,36.1
2026-04-14,Tue,Apr,7,07:30,07:45,12,3,2,2,2,2,1,32.1,23.4,15.2,4.03,4.1,2.06,63.7,67.9,36.2
2026-04-14,Tue,Apr,8,07:45,08:00,12,3,2,2,2,2,1,26.4,20.1,13.8,4.68,3.7,2.16,71.1,59.4,35.7
2026-04-14,Tue,Apr,9,08:00,08:15,12,3,2,2,2,2,1,26.2,23.8,14.1,3.91,4.75,1.99,72.5,63.9,33.8
2026-04-14,Tue,Apr,10,08:15,08:30,16,3,3,3,3,2,2,30.1,24.3,18.1,5.36,4.43,2.78,76.3,63.5,42.0
2026-04-14,Tue,Apr,11,08:30,08:45,12,3,2,2,2,2,1,30.9,21.3,17.0,4.84,4.2,2.36,70.3,59.4,37.4
2026-04-14,Tue,Apr,12,08:45,09:00,10,2,2,2,2,1,1,24.8,19.7,12.7,3.46,3.61,1.89,72.8,63.4,37.0
2026-04-14,Tue,Apr,13,09:00,09:15,10,2,2,2,2,1,1,21.5,20.9,12.5,3.29,4.16,1.9,67.0,59.4,33.4
2026-04-14,Tue,Apr,14,09:15,09:30,8,2,2,1,1,1,1,23.4,19.1,13.0,3.72,3.27,1.69,60.1,59.0,31.4
2026-04-14,Tue,Apr,15,09:30,09:45,6,1,1,1,1,1,1,21.4,16.9,10.4,2.98,2.64,1.66,60.0,50.0,34.1
2026-04-14,Tue,Apr,16,09:45,10:00,5,1,1,1,1,1,0,17.5,13.9,10.2,2.52,2.69,1.29,64.8,59.5,30.8
2026-04-14,Tue,Apr,17,10:00,10:15,4,1,1,1,1,0,0,19.4,14.7,10.1,2.92,2.16,1.33,58.2,55.0,31.2
2026-04-14,Tue,Apr,18,10:15,10:30,5,1,1,1,1,1,0,20.5,14.3,9.8,2.53,2.45,1.47,55.4,49.9,33.3
2026-04-14,Tue,Apr,19,10:30,10:45,5,1,1,1,1,1,0,20.4,17.7,10.8,2.83,2.41,1.49,56.4,52.6,27.4
2026-04-14,Tue,Apr,20,10:45,11:00,5,1,1,1,1,1,0,18.6,15.5,10.5,2.25,2.1,1.29,58.0,52.6,34.2
2026-04-14,Tue,Apr,21,11:00,11:15,5,1,1,1,1,1,0,20.4,13.1,9.3,2.94,2.98,1.51,61.8,53.6,32.5
2026-04-14,Tue,Apr,22,11:15,11:30,6,1,1,1,1,1,1,19.7,17.2,10.2,3.05,2.58,1.55,60.7,53.7,35.2
2026-04-14,Tue,Apr,23,11:30,11:45,7,2,1,1,1,1,1,21.7,15.5,9.9,3.16,3.07,1.67,65.2,53.4,32.7
2026-04-14,Tue,Apr,24,11:45,12:00,7,2,1,1,1,1,1,19.1,18.0,11.8,3.41,2.85,1.69,61.6,59.0,34.5
2026-04-14,Tue,Apr,25,12:00,12:15,7,2,1,1,1,1,1,22.3,17.0,11.4,2.85,3.77,1.4,62.3,55.6,33.5
2026-04-14,Tue,Apr,26,12:15,12:30,7,2,1,1,1,1,1,21.2,13.8,11.1,2.62,2.82,1.44,62.6,55.9,33.2
2026-04-14,Tue,Apr,27,12:30,12:45,6,1,1,1,1,1,1,20.5,15.0,11.2,3.0,3.19,1.4,61.2,64.2,32.6
2026-04-14,Tue,Apr,28,12:45,13:00,7,2,1,1,1,1,1,22.7,16.6,11.3,3.07,3.13,1.73,60.5,53.4,33.6
2026-04-14,Tue,Apr,29,13:00,13:15,7,2,1,1,1,1,1,23.1,15.7,11.3,3.67,2.79,1.52,62.1,59.2,33.7
2026-04-14,Tue,Apr,30,13:15,13:30,8,2,2,1,1,1,1,23.8,18.4,11.9,4.0,3.36,1.47,65.3,58.6,35.7
2026-04-14,Tue,Apr,31,13:30,13:45,6,1,1,1,1,1,1,21.2,17.0,11.0,3.11,2.6,1.53,58.9,51.5,32.2
2026-04-14,Tue,Apr,32,13:45,14:00,7,2,1,1,1,1,1,20.8,16.7,11.3,3.01,2.81,1.65,63.3,52.7,33.5
2026-04-14,Tue,Apr,33,14:00,14:15,6,1,1,1,1,1,1,20.2,14.4,11.2,2.94,2.58,1.47,61.7,55.2,32.2
2026-04-14,Tue,Apr,34,14:15,14:30,7,2,1,1,1,1,1,23.0,16.3,12.4,3.19,3.33,1.55,64.9,58.6,34.3
2026-04-14,Tue,Apr,35,14:30,14:45,7,2,1,1,1,1,1,22.6,19.5,10.9,3.69,3.31,1.69,64.8,63.1,34.9
2026-04-14,Tue,Apr,36,14:45,15:00,9,2,2,2,1,1,1,23.7,19.2,12.4,3.36,3.39,1.97,65.8,60.2,35.1
2026-04-14,Tue,Apr,37,15:00,15:15,9,2,2,2,1,1,1,24.5,19.0,12.6,3.57,3.57,2.11,64.8,58.0,34.1
2026-04-14,Tue,Apr,38,15:15,15:30,10,2,2,2,2,1,1,22.3,17.4,14.0,3.75,3.93,1.7,62.6,61.2,34.8
2026-04-14,Tue,Apr,39,15:30,15:45,12,3,2,2,2,2,1,26.8,22.9,13.5,4.27,3.96,1.96,63.2,57.6,35.6
2026-04-14,Tue,Apr,40,15:45,16:00,13,3,3,2,2,2,1,30.6,20.7,14.2,4.18,4.68,1.91,68.7,55.1,36.7
2026-04-14,Tue,Apr,41,16:00,16:15,14,3,3,3,2,2,1,32.0,22.5,15.3,5.1,3.99,1.99,65.4,67.0,35.4
2026-04-14,Tue,Apr,42,16:15,16:30,12,3,2,2,2,2,1,27.1,23.3,13.6,3.58,4.46,1.99,71.6,62.1,36.5
2026-04-14,Tue,Apr,43,16:30,16:45,11,2,2,2,2,2,1,27.0,21.2,13.9,4.31,3.81,2.01,68.2,58.2,37.9
2026-04-14,Tue,Apr,44,16:45,17:00,9,2,2,2,1,1,1,23.4,17.3,12.6,3.19,3.39,1.77,67.4,55.3,33.3
2026-04-14,Tue,Apr,45,17:00,17:15,9,2,2,2,1,1,1,24.0,18.8,12.0,3.53,4.12,1.82,67.4,61.6,36.0
2026-04-14,Tue,Apr,46,17:15,17:30,7,2,1,1,1,1,1,21.0,15.9,12.9,2.79,2.59,1.66,65.3,53.9,30.8
2026-04-14,Tue,Apr,47,17:30,17:45,6,1,1,1,1,1,1,19.9,13.9,11.5,2.76,3.24,1.37,58.4,59.6,32.2
2026-04-14,Tue,Apr,48,17:45,18:00,5,1,1,1,1,1,0,18.0,15.9,9.6,3.47,2.63,1.28,57.5,53.0,29.3
2026-04-15,Wed,Apr,1,06:00,06:15,5,1,1,1,1,1,0,17.2,19.2,11.1,3.13,2.82,1.29,51.0,51.6,35.7
2026-04-15,Wed,Apr,2,06:15,06:30,7,2,1,1,1,1,1,18.2,19.8,11.0,3.64,2.9,1.41,55.7,55.9,37.8
2026-04-15,Wed,Apr,3,06:30,06:45,7,2,1,1,1,1,1,19.0,21.2,12.0,2.91,3.06,1.56,53.2,58.3,32.5
2026-04-15,Wed,Apr,4,06:45,07:00,9,2,2,2,1,1,1,24.2,21.9,14.1,4.65,3.17,1.52,55.9,58.5,37.2
2026-04-15,Wed,Apr,5,07:00,07:15,13,3,3,2,2,2,1,26.5,27.3,14.8,4.41,4.34,1.94,64.1,67.1,34.4
2026-04-15,Wed,Apr,6,07:15,07:30,13,3,3,2,2,2,1,21.5,27.3,14.4,4.85,4.76,2.19,64.3,62.9,32.4
2026-04-15,Wed,Apr,7,07:30,07:45,16,3,3,3,3,2,2,31.1,26.2,16.9,3.91,4.33,2.01,63.4,69.5,38.1
2026-04-15,Wed,Apr,8,07:45,08:00,16,3,3,3,3,2,2,29.6,31.0,16.4,6.17,5.05,2.13,61.0,61.0,34.9
2026-04-15,Wed,Apr,9,08:00,08:15,16,3,3,3,3,2,2,28.7,29.4,19.2,6.04,3.96,2.17,64.3,56.5,36.3
2026-04-15,Wed,Apr,10,08:15,08:30,13,3,3,2,2,2,1,26.6,27.0,14.9,4.67,4.82,2.05,64.6,57.8,35.3
2026-04-15,Wed,Apr,11,08:30,08:45,11,2,2,2,2,2,1,25.4,26.3,14.5,4.38,4.1,1.65,59.8,58.4,36.5
2026-04-15,Wed,Apr,12,08:45,09:00,13,3,3,2,2,2,1,25.9,25.7,15.2,5.5,3.79,1.99,61.9,61.8,36.4
2026-04-15,Wed,Apr,13,09:00,09:15,10,2,2,2,2,1,1,20.9,23.2,12.8,3.7,4.18,1.57,58.3,60.5,34.3
2026-04-15,Wed,Apr,14,09:15,09:30,8,2,2,1,1,1,1,23.9,22.4,11.9,4.61,3.42,1.48,59.7,60.7,34.7
2026-04-15,Wed,Apr,15,09:30,09:45,8,2,2,1,1,1,1,18.6,22.2,13.5,3.75,3.81,1.54,53.9,57.9,36.6
2026-04-15,Wed,Apr,16,09:45,10:00,7,2,1,1,1,1,1,17.3,20.7,12.9,3.59,2.99,1.46,55.0,56.2,32.8
2026-04-15,Wed,Apr,17,10:00,10:15,7,2,1,1,1,1,1,20.0,19.6,12.4,3.37,3.41,1.36,58.0,56.9,34.5
2026-04-15,Wed,Apr,18,10:15,10:30,6,1,1,1,1,1,1,17.7,18.0,10.3,3.3,3.0,1.26,57.6,57.7,32.3
2026-04-15,Wed,Apr,19,10:30,10:45,6,1,1,1,1,1,1,17.7,16.5,11.9,3.13,3.26,1.33,57.3,54.3,31.5
2026-04-15,Wed,Apr,20,10:45,11:00,7,2,1,1,1,1,1,18.0,22.2,11.5,3.1,3.49,1.27,53.8,58.4,33.6
2026-04-15,Wed,Apr,21,11:00,11:15,7,2,1,1,1,1,1,20.6,18.9,10.9,3.6,3.32,1.42,54.4,57.0,33.5
2026-04-15,Wed,Apr,22,11:15,11:30,7,2,1,1,1,1,1,19.1,17.8,11.1,3.5,2.89,1.42,56.4,56.2,34.4
2026-04-15,Wed,Apr,23,11:30,11:45,7,2,1,1,1,1,1,17.6,18.4,11.5,3.14,2.88,1.6,56.5,58.9,31.6
2026-04-15,Wed,Apr,24,11:45,12:00,8,2,2,1,1,1,1,20.6,23.4,13.5,3.92,3.57,1.61,57.1,55.7,35.9
2026-04-15,Wed,Apr,25,12:00,12:15,8,2,2,1,1,1,1,17.9,15.8,13.5,3.56,3.15,1.74,61.8,59.8,33.8
2026-04-15,Wed,Apr,26,12:15,12:30,9,2,2,2,1,1,1,21.8,22.5,13.5,3.73,2.85,1.76,59.2,61.5,35.6
2026-04-15,Wed,Apr,27,12:30,12:45,8,2,2,1,1,1,1,19.4,22.0,12.1,3.7,3.43,1.47,58.6,57.7,35.2
2026-04-15,Wed,Apr,28,12:45,13:00,7,2,1,1,1,1,1,20.4,20.6,11.2,2.91,3.43,1.27,54.9,54.0,34.0
2026-04-15,Wed,Apr,29,13:00,13:15,7,2,1,1,1,1,1,17.5,18.1,11.3,3.11,3.85,1.35,54.5,65.7,32.1
2026-04-15,Wed,Apr,30,13:15,13:30,8,2,2,1,1,1,1,23.3,20.4,12.6,3.66,3.32,1.39,63.3,59.2,33.9
2026-04-15,Wed,Apr,31,13:30,13:45,8,2,2,1,1,1,1,20.1,21.4,13.1,3.17,3.51,1.55,61.4,54.4,34.5
2026-04-15,Wed,Apr,32,13:45,14:00,8,2,2,1,1,1,1,18.3,20.4,12.1,3.31,3.72,1.54,60.8,60.7,34.2
2026-04-15,Wed,Apr,33,14:00,14:15,7,2,1,1,1,1,1,19.2,22.6,12.2,3.65,3.25,1.51,60.3,51.9,32.5
2026-04-15,Wed,Apr,34,14:15,14:30,8,2,2,1,1,1,1,20.5,21.9,13.3,3.09,3.75,1.56,56.9,60.3,32.8
2026-04-15,Wed,Apr,35,14:30,14:45,10,2,2,2,2,1,1,24.1,21.3,13.3,4.32,4.03,1.93,60.8,60.0,33.6
2026-04-15,Wed,Apr,36,14:45,15:00,9,2,2,2,1,1,1,21.5,22.5,13.0,3.95,3.43,1.84,58.0,62.2,31.6
2026-04-15,Wed,Apr,37,15:00,15:15,11,2,2,2,2,2,1,22.3,24.0,13.8,3.84,3.61,1.78,61.1,59.8,37.0
2026-04-15,Wed,Apr,38,15:15,15:30,12,3,2,2,2,2,1,24.7,23.2,13.6,4.42,4.05,1.76,67.1,61.1,33.5
2026-04-15,Wed,Apr,39,15:30,15:45,14,3,3,3,2,2,1,25.5,31.5,18.0,4.75,4.72,1.77,62.8,59.9,38.2
2026-04-15,Wed,Apr,40,15:45,16:00,16,3,3,3,3,2,2,29.2,28.3,19.5,5.83,5.25,1.82,66.1,69.4,39.0
2026-04-15,Wed,Apr,41,16:00,16:15,15,3,3,3,2,2,2,26.9,29.4,17.7,4.32,3.96,2.34,64.2,60.0,36.6
2026-04-15,Wed,Apr,42,16:15,16:30,13,3,3,2,2,2,1,23.4,27.7,14.3,5.39,4.01,1.94,61.8,63.5,37.0
2026-04-15,Wed,Apr,43,16:30,16:45,15,3,3,3,2,2,2,26.9,29.7,16.1,4.73,4.61,1.95,60.1,61.5,41.4
2026-04-15,Wed,Apr,44,16:45,17:00,12,3,2,2,2,2,1,24.7,26.8,14.8,4.79,4.57,1.71,61.1,60.1,37.1
2026-04-15,Wed,Apr,45,17:00,17:15,11,2,2,2,2,2,1,23.7,20.9,14.4,4.9,3.63,1.63,61.2,56.6,33.5
2026-04-15,Wed,Apr,46,17:15,17:30,8,2,2,1,1,1,1,15.8,21.1,12.4,3.31,3.88,1.57,56.5,56.7,35.5
2026-04-15,Wed,Apr,47,17:30,17:45,7,2,1,1,1,1,1,17.6,18.7,11.4,3.18,3.2,1.57,60.1,53.3,32.4
2026-04-15,Wed,Apr,48,17:45,18:00,6,1,1,1,1,1,1,20.7,18.0,11.7,2.91,3.09,1.23,51.8,58.1,32.3
2026-04-16,Thu,Apr,1,06:00,06:15,5,1,1,1,1,1,0,17.5,19.0,8.1,2.68,2.98,1.88,61.6,67.6,28.4
2026-04-16,Thu,Apr,2,06:15,06:30,5,1,1,1,1,1,0,17.6,15.6,7.5,2.88,3.3,1.72,57.8,53.2,33.0
2026-04-16,Thu,Apr,3,06:30,06:45,7,2,1,1,1,1,1,19.4,20.8,7.9,3.11,3.3,2.13,69.4,58.7,32.6
2026-04-16,Thu,Apr,4,06:45,07:00,7,2,1,1,1,1,1,19.5,19.3,9.0,3.03,2.81,1.88,62.7,63.2,35.2
2026-04-16,Thu,Apr,5,07:00,07:15,10,2,2,2,2,1,1,22.7,20.2,10.4,4.01,4.31,2.63,66.7,67.9,36.0
2026-04-16,Thu,Apr,6,07:15,07:30,9,2,2,2,1,1,1,22.5,20.9,8.1,3.53,4.04,1.98,73.3,61.0,34.8
2026-04-16,Thu,Apr,7,07:30,07:45,16,3,3,3,3,2,2,28.5,31.5,13.8,5.04,6.46,3.05,73.6,68.5,36.6
2026-04-16,Thu,Apr,8,07:45,08:00,14,3,3,3,2,2,1,29.1,25.5,12.2,5.1,4.89,2.88,74.6,70.9,36.8
2026-04-16,Thu,Apr,9,08:00,08:15,14,3,3,3,2,2,1,30.0,27.1,12.4,4.57,4.75,2.72,68.5,68.7,38.6
2026-04-16,Thu,Apr,10,08:15,08:30,16,3,3,3,3,2,2,29.1,28.0,13.9,5.16,5.8,3.37,72.5,70.3,36.4
2026-04-16,Thu,Apr,11,08:30,08:45,14,3,3,3,2,2,1,28.3,27.2,11.8,4.56,5.21,3.07,72.2,71.0,39.8
2026-04-16,Thu,Apr,12,08:45,09:00,11,2,2,2,2,2,1,26.2,25.9,10.9,3.93,4.27,2.25,65.4,67.0,35.3
2026-04-16,Thu,Apr,13,09:00,09:15,13,3,3,2,2,2,1,24.4,25.6,12.1,5.0,4.7,2.6,68.6,65.8,34.4
2026-04-16,Thu,Apr,14,09:15,09:30,9,2,2,2,1,1,1,23.1,21.5,10.2,4.59,4.19,2.01,66.7,57.7,29.9
2026-04-16,Thu,Apr,15,09:30,09:45,8,2,2,1,1,1,1,19.5,21.6,9.1,3.24,3.58,2.47,64.0,64.1,33.9
2026-04-16,Thu,Apr,16,09:45,10:00,5,1,1,1,1,1,0,18.3,18.3,7.4,3.19,2.79,1.81,55.9,56.7,30.6
2026-04-16,Thu,Apr,17,10:00,10:15,7,2,1,1,1,1,1,20.7,20.8,8.7,2.96,2.83,1.85,67.7,58.1,33.2
2026-04-16,Thu,Apr,18,10:15,10:30,5,1,1,1,1,1,0,17.4,16.6,7.4,2.54,3.11,1.66,62.9,60.9,30.4
2026-04-16,Thu,Apr,19,10:30,10:45,5,1,1,1,1,1,0,17.7,18.8,7.6,2.87,2.86,1.77,61.3,56.4,31.8
2026-04-16,Thu,Apr,20,10:45,11:00,5,1,1,1,1,1,0,19.9,17.3,8.4,2.39,2.92,1.58,62.5,59.0,33.7
2026-04-16,Thu,Apr,21,11:00,11:15,5,1,1,1,1,1,0,17.9,17.7,6.6,2.84,3.13,1.81,61.8,50.9,33.5
2026-04-16,Thu,Apr,22,11:15,11:30,6,1,1,1,1,1,1,21.5,17.5,8.7,3.08,3.21,1.81,64.1,63.4,31.0
2026-04-16,Thu,Apr,23,11:30,11:45,6,1,1,1,1,1,1,20.9,18.7,8.2,3.03,3.02,2.17,59.4,53.8,30.5
2026-04-16,Thu,Apr,24,11:45,12:00,7,2,1,1,1,1,1,19.3,19.5,8.7,3.19,3.8,2.16,60.3,61.6,31.6
2026-04-16,Thu,Apr,25,12:00,12:15,8,2,2,1,1,1,1,20.4,21.3,8.9,3.04,3.81,2.21,62.3,60.5,31.2
2026-04-16,Thu,Apr,26,12:15,12:30,7,2,1,1,1,1,1,20.9,19.3,7.6,3.27,3.95,1.65,61.7,58.7,31.9
2026-04-16,Thu,Apr,27,12:30,12:45,8,2,2,1,1,1,1,19.0,20.5,9.1,3.64,4.05,1.97,64.5,59.5,34.6
2026-04-16,Thu,Apr,28,12:45,13:00,7,2,1,1,1,1,1,22.2,22.0,8.8,3.04,3.58,1.69,65.1,62.2,34.4
2026-04-16,Thu,Apr,29,13:00,13:15,8,2,2,1,1,1,1,18.8,19.1,10.2,2.97,3.55,1.99,64.6,65.9,29.0
2026-04-16,Thu,Apr,30,13:15,13:30,7,2,1,1,1,1,1,22.2,20.1,7.9,3.2,3.58,2.0,65.2,56.1,33.9
2026-04-16,Thu,Apr,31,13:30,13:45,7,2,1,1,1,1,1,18.4,20.1,7.7,2.48,3.65,2.03,66.9,56.4,34.1
2026-04-16,Thu,Apr,32,13:45,14:00,7,2,1,1,1,1,1,20.0,21.4,8.8,3.71,3.16,2.18,59.1,60.9,34.1
2026-04-16,Thu,Apr,33,14:00,14:15,6,1,1,1,1,1,1,18.3,17.5,7.4,2.83,2.92,1.95,65.3,59.7,33.1
2026-04-16,Thu,Apr,34,14:15,14:30,7,2,1,1,1,1,1,21.0,18.0,9.1,2.78,3.38,1.92,61.9,64.6,33.6
2026-04-16,Thu,Apr,35,14:30,14:45,8,2,2,1,1,1,1,24.8,22.5,9.6,3.3,3.89,2.28,64.4,56.9,34.6
2026-04-16,Thu,Apr,36,14:45,15:00,9,2,2,2,1,1,1,24.4,19.2,9.0,3.32,4.02,2.26,59.6,62.6,34.0
2026-04-16,Thu,Apr,37,15:00,15:15,11,2,2,2,2,2,1,22.7,27.7,11.9,3.75,4.51,3.02,69.3,69.0,36.9
2026-04-16,Thu,Apr,38,15:15,15:30,10,2,2,2,2,1,1,26.5,21.5,11.3,3.67,3.98,2.38,68.3,69.0,34.0
2026-04-16,Thu,Apr,39,15:30,15:45,12,3,2,2,2,2,1,24.2,24.2,10.7,3.53,4.98,2.86,71.5,70.1,31.6
2026-04-16,Thu,Apr,40,15:45,16:00,14,3,3,3,2,2,1,26.3,27.3,11.8,4.33,4.16,2.89,72.6,71.0,35.0
2026-04-16,Thu,Apr,41,16:00,16:15,15,3,3,3,2,2,2,31.6,28.7,11.7,4.42,4.63,3.55,63.8,69.1,37.6
2026-04-16,Thu,Apr,42,16:15,16:30,12,3,2,2,2,2,1,27.9,26.9,11.4,3.94,4.15,2.32,66.9,65.8,33.6
2026-04-16,Thu,Apr,43,16:30,16:45,13,3,3,2,2,2,1,25.3,28.5,11.2,4.22,4.51,2.71,71.2,59.9,40.0
2026-04-16,Thu,Apr,44,16:45,17:00,9,2,2,2,1,1,1,23.0,23.6,9.2,3.41,3.81,2.43,69.0,67.5,35.7
2026-04-16,Thu,Apr,45,17:00,17:15,11,2,2,2,2,2,1,28.5,24.2,11.2,3.92,4.1,2.48,70.3,63.7,35.3
2026-04-16,Thu,Apr,46,17:15,17:30,9,2,2,2,1,1,1,20.7,20.7,9.7,3.54,3.94,2.35,66.0,61.3,35.9
2026-04-16,Thu,Apr,47,17:30,17:45,8,2,2,1,1,1,1,19.7,20.5,9.0,3.51,4.11,2.48,58.2,64.9,32.7
2026-04-16,Thu,Apr,48,17:45,18:00,6,1,1,1,1,1,1,17.5,17.1,8.8,3.08,3.06,1.62,67.4,53.1,32.5
2026-04-17,Fri,Apr,1,06:00,06:15,4,1,1,1,1,0,0,17.5,16.0,9.6,2.48,2.4,1.55,59.6,50.4,28.0
2026-04-17,Fri,Apr,2,06:15,06:30,5,1,1,1,1,1,0,21.0,18.0,11.1,3.04,2.22,1.48,57.6,56.3,31.8
2026-04-17,Fri,Apr,3,06:30,06:45,7,2,1,1,1,1,1,26.2,21.2,12.9,2.84,3.1,1.76,61.6,61.3,37.3
2026-04-17,Fri,Apr,4,06:45,07:00,7,2,1,1,1,1,1,25.5,20.3,13.7,3.35,3.06,1.66,62.0,55.0,33.0
2026-04-17,Fri,Apr,5,07:00,07:15,9,2,2,2,1,1,1,27.2,22.4,14.0,3.94,3.06,2.29,67.4,55.4,34.3
2026-04-17,Fri,Apr,6,07:15,07:30,10,2,2,2,2,1,1,27.8,26.3,14.8,3.46,3.74,2.17,70.9,57.9,36.6
2026-04-17,Fri,Apr,7,07:30,07:45,12,3,2,2,2,2,1,28.6,26.9,17.6,4.06,4.02,2.28,70.3,58.5,38.5
2026-04-17,Fri,Apr,8,07:45,08:00,13,3,3,2,2,2,1,30.9,29.5,15.7,4.86,4.8,2.53,69.6,61.4,39.2
2026-04-17,Fri,Apr,9,08:00,08:15,17,4,3,3,3,2,2,38.1,31.6,16.7,4.1,5.83,3.23,76.6,63.1,40.8
2026-04-17,Fri,Apr,10,08:15,08:30,12,3,2,2,2,2,1,29.5,27.1,15.6,4.15,3.37,2.32,69.5,62.0,38.5
2026-04-17,Fri,Apr,11,08:30,08:45,15,3,3,3,2,2,2,39.9,27.7,20.7,5.07,3.36,2.72,73.2,64.6,39.6
2026-04-17,Fri,Apr,12,08:45,09:00,12,3,2,2,2,2,1,33.3,24.2,15.4,3.96,3.24,2.58,64.5,60.8,38.8
2026-04-17,Fri,Apr,13,09:00,09:15,11,2,2,2,2,2,1,29.6,26.9,17.4,3.82,3.95,2.57,65.9,60.5,36.3
2026-04-17,Fri,Apr,14,09:15,09:30,8,2,2,1,1,1,1,19.5,23.2,13.9,3.26,2.99,1.88,61.9,55.3,33.0
2026-04-17,Fri,Apr,15,09:30,09:45,8,2,2,1,1,1,1,26.2,21.3,12.2,3.93,2.95,1.77,65.7,54.8,35.2
2026-04-17,Fri,Apr,16,09:45,10:00,6,1,1,1,1,1,1,22.9,18.2,12.5,3.26,2.36,1.77,57.8,54.6,32.9
2026-04-17,Fri,Apr,17,10:00,10:15,6,1,1,1,1,1,1,23.0,19.7,11.7,3.39,2.39,1.39,68.3,50.7,32.4
2026-04-17,Fri,Apr,18,10:15,10:30,6,1,1,1,1,1,1,25.3,18.7,12.9,2.76,2.96,1.73,67.7,51.4,32.9
2026-04-17,Fri,Apr,19,10:30,10:45,5,1,1,1,1,1,0,20.9,17.6,11.3,2.54,2.77,1.49,60.9,52.1,33.0
2026-04-17,Fri,Apr,20,10:45,11:00,6,1,1,1,1,1,1,20.5,20.8,11.8,2.79,2.78,1.53,70.3,54.8,32.5
2026-04-17,Fri,Apr,21,11:00,11:15,6,1,1,1,1,1,1,23.9,19.3,11.7,2.78,3.3,1.89,65.8,49.6,35.5
2026-04-17,Fri,Apr,22,11:15,11:30,6,1,1,1,1,1,1,23.9,18.3,12.4,2.41,2.83,1.95,62.9,53.0,34.5
2026-04-17,Fri,Apr,23,11:30,11:45,7,2,1,1,1,1,1,22.1,21.4,12.8,2.86,3.25,1.7,67.0,58.1,33.6
2026-04-17,Fri,Apr,24,11:45,12:00,6,1,1,1,1,1,1,22.1,19.1,11.8,3.35,3.17,1.55,63.1,52.1,37.3
2026-04-17,Fri,Apr,25,12:00,12:15,8,2,2,1,1,1,1,26.0,19.3,14.2,3.5,2.82,1.85,64.8,53.8,36.8
2026-04-17,Fri,Apr,26,12:15,12:30,7,2,1,1,1,1,1,22.9,23.8,12.3,3.12,2.92,1.81,59.2,54.1,33.5
2026-04-17,Fri,Apr,27,12:30,12:45,8,2,2,1,1,1,1,27.0,21.8,12.9,3.39,3.58,2.01,60.6,57.4,33.4
2026-04-17,Fri,Apr,28,12:45,13:00,7,2,1,1,1,1,1,24.2,22.8,11.9,3.1,3.33,1.75,64.7,56.5,32.3
2026-04-17,Fri,Apr,29,13:00,13:15,7,2,1,1,1,1,1,26.8,19.2,11.8,2.69,3.17,1.69,60.4,57.9,33.8
2026-04-17,Fri,Apr,30,13:15,13:30,8,2,2,1,1,1,1,25.4,21.5,12.4,3.36,3.39,2.01,60.3,51.7,33.5
2026-04-17,Fri,Apr,31,13:30,13:45,7,2,1,1,1,1,1,26.4,19.8,13.3,3.21,3.38,1.62,64.8,58.8,34.5
2026-04-17,Fri,Apr,32,13:45,14:00,7,2,1,1,1,1,1,23.4,21.6,10.9,3.12,2.31,1.86,67.9,57.8,35.8
2026-04-17,Fri,Apr,33,14:00,14:15,7,2,1,1,1,1,1,23.6,23.9,12.3,3.3,2.65,1.95,63.5,50.6,36.7
2026-04-17,Fri,Apr,34,14:15,14:30,7,2,1,1,1,1,1,26.0,22.4,11.8,3.27,2.91,2.05,66.8,58.3,36.9
2026-04-17,Fri,Apr,35,14:30,14:45,8,2,2,1,1,1,1,26.1,23.8,13.4,3.48,3.33,1.74,68.3,53.5,32.7
2026-04-17,Fri,Apr,36,14:45,15:00,9,2,2,2,1,1,1,28.0,23.2,13.6,3.22,3.94,1.52,65.2,51.1,37.0
2026-04-17,Fri,Apr,37,15:00,15:15,10,2,2,2,2,1,1,27.8,22.7,16.9,3.25,3.96,2.32,73.1,57.1,36.4
2026-04-17,Fri,Apr,38,15:15,15:30,11,2,2,2,2,2,1,28.0,25.8,15.6,4.27,4.24,2.28,72.4,56.7,36.5
2026-04-17,Fri,Apr,39,15:30,15:45,12,3,2,2,2,2,1,32.2,27.3,15.4,3.15,4.49,2.43,72.6,55.9,41.3
2026-04-17,Fri,Apr,40,15:45,16:00,12,3,2,2,2,2,1,30.8,30.2,14.3,4.33,4.53,2.12,69.3,55.1,36.8
2026-04-17,Fri,Apr,41,16:00,16:15,11,2,2,2,2,2,1,29.0,26.4,15.2,4.24,4.45,2.54,69.6,58.1,36.2
2026-04-17,Fri,Apr,42,16:15,16:30,12,3,2,2,2,2,1,30.0,25.2,15.9,3.59,3.64,2.41,62.1,57.0,36.9
2026-04-17,Fri,Apr,43,16:30,16:45,12,3,2,2,2,2,1,29.9,27.9,13.7,4.26,3.96,2.59,68.4,63.7,39.3
2026-04-17,Fri,Apr,44,16:45,17:00,9,2,2,2,1,1,1,25.9,24.3,14.7,3.4,3.26,2.35,66.3,61.2,34.4
2026-04-17,Fri,Apr,45,17:00,17:15,10,2,2,2,2,1,1,27.5,22.3,14.7,4.09,3.55,2.3,67.6,59.7,39.5
2026-04-17,Fri,Apr,46,17:15,17:30,7,2,1,1,1,1,1,24.8,20.1,14.0,3.25,3.04,1.87,59.0,57.9,32.1
2026-04-17,Fri,Apr,47,17:30,17:45,8,2,2,1,1,1,1,28.7,20.8,13.8,3.42,3.12,1.91,65.9,55.3,34.6
2026-04-17,Fri,Apr,48,17:45,18:00,6,1,1,1,1,1,1,21.1,17.8,12.5,3.12,2.44,1.7,65.4,54.5,32.9
2026-04-20,Mon,Apr,1,06:00,06:15,4,1,1,1,1,0,0,17.1,19.6,9.6,2.1,1.72,0.83,51.8,52.8,28.5
2026-04-20,Mon,Apr,2,06:15,06:30,7,2,1,1,1,1,1,17.8,21.0,10.4,2.87,2.3,1.04,55.6,60.3,30.1
2026-04-20,Mon,Apr,3,06:30,06:45,6,1,1,1,1,1,1,17.2,20.7,7.8,2.72,2.46,1.06,54.8,55.8,32.2
2026-04-20,Mon,Apr,4,06:45,07:00,10,2,2,2,2,1,1,20.7,22.3,11.5,3.36,2.79,1.34,60.9,56.6,34.4
2026-04-20,Mon,Apr,5,07:00,07:15,12,3,2,2,2,2,1,24.3,25.8,12.9,2.41,3.01,1.66,61.9,57.4,34.3
2026-04-20,Mon,Apr,6,07:15,07:30,14,3,3,3,2,2,1,25.5,26.1,15.2,3.68,3.56,1.82,62.9,65.8,36.3
2026-04-20,Mon,Apr,7,07:30,07:45,18,4,4,3,3,2,2,28.4,30.8,16.0,4.04,3.11,1.77,60.6,65.7,39.5
2026-04-20,Mon,Apr,8,07:45,08:00,16,3,3,3,3,2,2,28.8,29.7,14.3,3.67,4.03,2.19,65.9,63.4,35.8
2026-04-20,Mon,Apr,9,08:00,08:15,18,4,4,3,3,2,2,29.3,33.1,16.2,4.2,3.68,1.98,63.8,66.4,37.1
2026-04-20,Mon,Apr,10,08:15,08:30,19,4,4,3,3,3,2,33.0,33.0,16.4,4.15,3.83,2.15,67.4,60.0,37.9
2026-04-20,Mon,Apr,11,08:30,08:45,15,3,3,3,2,2,2,26.6,29.9,13.1,3.69,3.69,1.33,60.8,66.6,34.5
2026-04-20,Mon,Apr,12,08:45,09:00,12,3,2,2,2,2,1,23.0,23.9,13.2,3.3,2.93,1.56,58.2,55.2,33.5
2026-04-20,Mon,Apr,13,09:00,09:15,11,2,2,2,2,2,1,23.5,23.1,12.1,3.23,2.68,1.39,56.2,56.8,35.2
2026-04-20,Mon,Apr,14,09:15,09:30,9,2,2,2,1,1,1,21.0,23.2,11.3,3.07,2.94,1.17,55.7,54.6,32.8
2026-04-20,Mon,Apr,15,09:30,09:45,9,2,2,2,1,1,1,17.5,20.8,10.8,2.59,2.11,1.36,53.8,56.5,32.8
2026-04-20,Mon,Apr,16,09:45,10:00,7,2,1,1,1,1,1,19.8,21.7,11.2,2.95,2.6,1.23,55.3,56.7,35.0
2026-04-20,Mon,Apr,17,10:00,10:15,7,2,1,1,1,1,1,20.1,19.7,9.6,2.58,2.2,1.23,56.7,56.4,34.4
2026-04-20,Mon,Apr,18,10:15,10:30,6,1,1,1,1,1,1,18.4,19.4,10.3,2.79,2.46,1.16,57.6,60.6,30.6
2026-04-20,Mon,Apr,19,10:30,10:45,6,1,1,1,1,1,1,18.9,20.4,9.9,2.15,2.47,1.1,60.5,57.8,31.7
2026-04-20,Mon,Apr,20,10:45,11:00,7,2,1,1,1,1,1,20.9,19.3,10.5,2.41,2.61,0.99,53.0,52.2,32.1
2026-04-20,Mon,Apr,21,11:00,11:15,7,2,1,1,1,1,1,20.7,22.4,10.0,2.34,2.38,1.36,52.7,55.3,34.3
2026-04-20,Mon,Apr,22,11:15,11:30,8,2,2,1,1,1,1,18.8,21.3,10.6,2.55,2.55,1.34,59.8,60.1,33.7
2026-04-20,Mon,Apr,23,11:30,11:45,7,2,1,1,1,1,1,21.1,19.2,10.3,2.52,2.14,1.01,55.6,57.2,33.1
2026-04-20,Mon,Apr,24,11:45,12:00,9,2,2,2,1,1,1,23.2,22.1,12.5,3.11,2.65,1.15,56.8,61.6,33.3
2026-04-20,Mon,Apr,25,12:00,12:15,10,2,2,2,2,1,1,22.1,22.0,10.8,3.5,2.91,1.42,61.6,56.4,30.9
2026-04-20,Mon,Apr,26,12:15,12:30,10,2,2,2,2,1,1,21.9,27.2,12.1,2.79,2.7,1.23,57.8,59.9,37.0
2026-04-20,Mon,Apr,27,12:30,12:45,9,2,2,2,1,1,1,21.0,22.3,11.0,2.68,2.56,1.37,54.6,57.4,32.2
2026-04-20,Mon,Apr,28,12:45,13:00,8,2,2,1,1,1,1,20.2,23.0,9.6,2.77,2.55,1.18,50.7,54.4,33.3
2026-04-20,Mon,Apr,29,13:00,13:15,9,2,2,2,1,1,1,23.3,21.2,11.6,2.66,2.71,1.3,59.6,53.6,32.7
2026-04-20,Mon,Apr,30,13:15,13:30,9,2,2,2,1,1,1,21.9,25.4,10.2,2.86,2.7,1.41,57.0,58.6,33.8
2026-04-20,Mon,Apr,31,13:30,13:45,8,2,2,1,1,1,1,23.9,18.8,10.1,2.8,2.15,1.29,55.6,56.5,34.9
2026-04-20,Mon,Apr,32,13:45,14:00,9,2,2,2,1,1,1,23.7,25.0,11.4,2.68,2.21,1.31,55.3,53.8,35.8
2026-04-20,Mon,Apr,33,14:00,14:15,10,2,2,2,2,1,1,20.7,24.2,10.5,2.73,2.81,1.5,59.0,56.4,34.2
2026-04-20,Mon,Apr,34,14:15,14:30,9,2,2,2,1,1,1,20.1,26.0,10.3,2.48,2.6,1.33,55.1,52.2,30.4
2026-04-20,Mon,Apr,35,14:30,14:45,11,2,2,2,2,2,1,22.7,24.3,11.7,2.76,2.77,1.81,57.5,59.7,32.5
2026-04-20,Mon,Apr,36,14:45,15:00,10,2,2,2,2,1,1,26.6,28.9,9.9,2.86,2.76,1.52,58.0,58.1,32.1
2026-04-20,Mon,Apr,37,15:00,15:15,11,2,2,2,2,2,1,24.9,25.7,12.4,3.0,2.74,1.3,52.3,58.8,34.4
2026-04-20,Mon,Apr,38,15:15,15:30,15,3,3,3,2,2,2,25.1,30.2,15.3,4.16,3.01,1.88,68.4,65.6,35.0
2026-04-20,Mon,Apr,39,15:30,15:45,15,3,3,3,2,2,2,27.1,32.8,15.1,3.3,2.94,1.64,62.0,63.1,37.8
2026-04-20,Mon,Apr,40,15:45,16:00,14,3,3,3,2,2,1,26.4,22.9,14.7,3.01,2.83,1.43,65.6,61.9,39.4
2026-04-20,Mon,Apr,41,16:00,16:15,15,3,3,3,2,2,2,25.4,28.9,14.8,3.3,3.12,1.89,58.4,59.3,39.1
2026-04-20,Mon,Apr,42,16:15,16:30,14,3,3,3,2,2,1,26.7,26.9,11.1,3.37,2.96,1.54,59.6,65.2,36.6
2026-04-20,Mon,Apr,43,16:30,16:45,15,3,3,3,2,2,2,26.9,28.8,15.4,3.2,3.14,1.92,58.0,61.7,33.9
2026-04-20,Mon,Apr,44,16:45,17:00,13,3,3,2,2,2,1,23.5,27.6,14.3,2.74,3.21,1.45,58.8,65.8,33.5
2026-04-20,Mon,Apr,45,17:00,17:15,13,3,3,2,2,2,1,23.9,26.9,13.0,3.21,3.27,1.81,62.2,68.3,34.4
2026-04-20,Mon,Apr,46,17:15,17:30,9,2,2,2,1,1,1,20.6,23.4,8.5,2.38,3.16,1.28,60.7,58.4,31.5
2026-04-20,Mon,Apr,47,17:30,17:45,9,2,2,2,1,1,1,21.8,21.5,10.4,2.78,2.29,1.26,56.6,56.8,32.3
2026-04-20,Mon,Apr,48,17:45,18:00,8,2,2,1,1,1,1,19.0,23.6,10.8,2.51,2.43,1.32,55.7,54.0,31.2
2026-04-21,Tue,Apr,1,06:00,06:15,4,1,1,1,1,0,0,17.8,15.5,9.7,3.09,2.46,1.67,53.9,53.9,32.0
2026-04-21,Tue,Apr,2,06:15,06:30,5,1,1,1,1,1,0,19.1,17.5,11.4,2.73,2.21,1.63,58.7,55.6,29.7
2026-04-21,Tue,Apr,3,06:30,06:45,5,1,1,1,1,1,0,17.5,16.7,10.6,2.63,2.42,1.53,63.7,57.4,32.3
2026-04-21,Tue,Apr,4,06:45,07:00,8,2,2,1,1,1,1,23.3,20.1,11.8,3.39,3.0,2.12,60.8,65.1,32.3
2026-04-21,Tue,Apr,5,07:00,07:15,10,2,2,2,2,1,1,21.4,25.1,13.6,3.8,3.26,2.37,71.2,58.9,35.7
2026-04-21,Tue,Apr,6,07:15,07:30,10,2,2,2,2,1,1,22.1,23.0,14.7,4.1,3.63,2.32,69.2,68.5,35.2
2026-04-21,Tue,Apr,7,07:30,07:45,13,3,3,2,2,2,1,25.9,24.8,15.3,4.25,3.67,2.96,70.8,65.4,33.9
2026-04-21,Tue,Apr,8,07:45,08:00,12,3,2,2,2,2,1,26.9,27.0,15.1,4.25,3.76,2.65,69.6,69.5,37.5
2026-04-21,Tue,Apr,9,08:00,08:15,14,3,3,3,2,2,1,28.5,25.3,18.7,5.15,4.34,2.84,67.9,64.3,34.1
2026-04-21,Tue,Apr,10,08:15,08:30,13,3,3,2,2,2,1,28.0,28.5,17.6,4.83,4.51,2.57,64.9,65.9,35.1
2026-04-21,Tue,Apr,11,08:30,08:45,13,3,3,2,2,2,1,31.7,25.4,15.6,5.0,4.51,2.62,75.0,60.5,36.7
2026-04-21,Tue,Apr,12,08:45,09:00,13,3,3,2,2,2,1,26.8,26.6,15.9,4.93,4.67,2.57,65.7,72.5,39.1
2026-04-21,Tue,Apr,13,09:00,09:15,10,2,2,2,2,1,1,26.6,23.5,15.1,4.29,3.24,2.4,69.9,58.9,37.1
2026-04-21,Tue,Apr,14,09:15,09:30,6,1,1,1,1,1,1,20.3,17.3,11.8,3.1,2.22,2.01,62.6,60.6,32.2
2026-04-21,Tue,Apr,15,09:30,09:45,6,1,1,1,1,1,1,18.3,19.1,9.9,3.45,2.56,1.72,58.2,58.3,31.9
2026-04-21,Tue,Apr,16,09:45,10:00,5,1,1,1,1,1,0,19.4,17.9,10.2,2.68,2.91,1.69,55.4,54.5,31.5
2026-04-21,Tue,Apr,17,10:00,10:15,5,1,1,1,1,1,0,20.1,18.2,9.3,3.03,2.8,2.12,59.4,58.4,31.0
2026-04-21,Tue,Apr,18,10:15,10:30,5,1,1,1,1,1,0,16.4,18.7,9.9,3.18,2.52,1.68,61.0,53.9,32.3
2026-04-21,Tue,Apr,19,10:30,10:45,5,1,1,1,1,1,0,17.5,18.8,11.2,3.16,2.66,1.36,59.9,61.2,32.4
2026-04-21,Tue,Apr,20,10:45,11:00,5,1,1,1,1,1,0,19.8,19.4,11.2,2.97,2.67,1.58,61.7,57.8,32.7
2026-04-21,Tue,Apr,21,11:00,11:15,5,1,1,1,1,1,0,15.3,18.5,10.2,3.03,2.19,1.9,67.0,59.4,28.2
2026-04-21,Tue,Apr,22,11:15,11:30,6,1,1,1,1,1,1,20.7,19.3,10.8,2.66,2.77,1.88,60.5,59.4,34.0
2026-04-21,Tue,Apr,23,11:30,11:45,6,1,1,1,1,1,1,17.9,16.5,11.4,2.68,2.44,1.9,58.0,58.5,29.9
2026-04-21,Tue,Apr,24,11:45,12:00,7,2,1,1,1,1,1,20.1,20.3,11.2,3.47,3.18,2.0,64.6,56.3,32.0
2026-04-21,Tue,Apr,25,12:00,12:15,7,2,1,1,1,1,1,21.6,19.4,13.0,3.4,3.25,2.14,59.9,60.6,32.6
2026-04-21,Tue,Apr,26,12:15,12:30,5,1,1,1,1,1,0,18.3,17.4,10.7,2.96,2.42,1.62,57.4,55.8,32.3
2026-04-21,Tue,Apr,27,12:30,12:45,7,2,1,1,1,1,1,19.3,18.7,12.2,3.4,2.8,2.08,59.7,65.1,34.4
2026-04-21,Tue,Apr,28,12:45,13:00,7,2,1,1,1,1,1,20.0,19.9,12.7,3.26,2.88,1.9,62.2,61.5,33.5
2026-04-21,Tue,Apr,29,13:00,13:15,6,1,1,1,1,1,1,19.0,18.9,11.2,2.92,2.62,1.68,58.8,57.4,32.7
2026-04-21,Tue,Apr,30,13:15,13:30,6,1,1,1,1,1,1,18.3,17.6,10.2,3.24,3.02,1.38,63.9,59.5,31.4
2026-04-21,Tue,Apr,31,13:30,13:45,7,2,1,1,1,1,1,20.0,19.1,13.0,3.73,3.32,1.98,61.5,64.8,34.7
2026-04-21,Tue,Apr,32,13:45,14:00,6,1,1,1,1,1,1,18.8,19.1,10.3,3.22,2.83,1.8,65.1,56.3,31.2
2026-04-21,Tue,Apr,33,14:00,14:15,6,1,1,1,1,1,1,16.7,19.5,11.5,2.96,3.0,2.06,61.9,55.7,32.4
2026-04-21,Tue,Apr,34,14:15,14:30,6,1,1,1,1,1,1,16.0,20.5,10.7,3.14,2.91,1.74,60.5,57.4,32.8
2026-04-21,Tue,Apr,35,14:30,14:45,5,1,1,1,1,1,0,18.0,18.1,10.8,2.8,2.64,1.67,64.4,57.6,31.1
2026-04-21,Tue,Apr,36,14:45,15:00,9,2,2,2,1,1,1,25.7,23.2,13.7,4.04,3.23,2.23,65.7,60.8,35.4
2026-04-21,Tue,Apr,37,15:00,15:15,9,2,2,2,1,1,1,23.6,22.2,12.3,3.31,3.39,2.44,64.7,68.1,36.3
2026-04-21,Tue,Apr,38,15:15,15:30,10,2,2,2,2,1,1,23.6,20.3,14.5,4.59,3.2,2.27,75.5,69.2,34.7
2026-04-21,Tue,Apr,39,15:30,15:45,10,2,2,2,2,1,1,24.8,22.3,12.8,3.62,3.55,2.48,66.1,60.5,33.1
2026-04-21,Tue,Apr,40,15:45,16:00,10,2,2,2,2,1,1,20.1,21.7,15.9,4.22,3.41,2.34,67.4,59.2,32.2
2026-04-21,Tue,Apr,41,16:00,16:15,14,3,3,3,2,2,1,29.6,28.2,16.6,5.67,4.53,2.93,74.9,66.1,39.6
2026-04-21,Tue,Apr,42,16:15,16:30,13,3,3,2,2,2,1,30.2,27.8,17.6,5.02,4.26,2.48,70.3,65.0,34.3
2026-04-21,Tue,Apr,43,16:30,16:45,11,2,2,2,2,2,1,26.8,23.1,15.4,3.98,4.39,2.32,65.0,66.1,33.2
2026-04-21,Tue,Apr,44,16:45,17:00,9,2,2,2,1,1,1,24.3,22.6,13.2,3.98,3.9,1.93,66.0,64.0,30.6
2026-04-21,Tue,Apr,45,17:00,17:15,8,2,2,1,1,1,1,23.1,19.6,14.6,3.84,3.1,1.94,64.3,62.8,31.6
2026-04-21,Tue,Apr,46,17:15,17:30,6,1,1,1,1,1,1,18.9,15.6,11.9,2.97,2.78,1.66,61.7,60.5,28.9
2026-04-21,Tue,Apr,47,17:30,17:45,7,2,1,1,1,1,1,18.8,20.1,11.0,3.04,2.92,2.04,63.0,53.2,33.9
2026-04-21,Tue,Apr,48,17:45,18:00,6,1,1,1,1,1,1,19.8,20.4,11.3,3.15,2.69,1.7,62.3,61.7,31.9
2026-04-22,Wed,Apr,1,06:00,06:15,5,1,1,1,1,1,0,19.8,18.9,12.2,2.54,2.82,1.32,66.0,62.5,36.0
2026-04-22,Wed,Apr,2,06:15,06:30,5,1,1,1,1,1,0,17.3,15.9,11.9,3.47,2.94,1.48,60.0,59.6,33.2
2026-04-22,Wed,Apr,3,06:30,06:45,7,2,1,1,1,1,1,19.7,19.4,14.5,3.12,3.49,1.41,64.5,66.4,34.3
2026-04-22,Wed,Apr,4,06:45,07:00,9,2,2,2,1,1,1,22.5,22.3,13.4,4.49,3.15,1.8,64.5,69.6,38.3
2026-04-22,Wed,Apr,5,07:00,07:15,10,2,2,2,2,1,1,24.6,22.5,15.0,3.66,3.55,2.12,61.6,64.9,31.1
2026-04-22,Wed,Apr,6,07:15,07:30,10,2,2,2,2,1,1,21.3,25.7,16.4,4.38,3.04,2.02,64.4,65.3,38.0
2026-04-22,Wed,Apr,7,07:30,07:45,12,3,2,2,2,2,1,23.9,24.1,18.0,4.2,4.21,2.39,68.1,68.1,35.5
2026-04-22,Wed,Apr,8,07:45,08:00,12,3,2,2,2,2,1,26.8,25.6,16.0,5.1,4.2,2.23,73.3,69.8,35.9
2026-04-22,Wed,Apr,9,08:00,08:15,14,3,3,3,2,2,1,30.8,28.9,18.9,4.33,4.58,2.39,67.0,74.0,35.4
2026-04-22,Wed,Apr,10,08:15,08:30,12,3,2,2,2,2,1,25.4,28.6,16.4,4.22,3.86,2.18,74.7,65.5,33.8
2026-04-22,Wed,Apr,11,08:30,08:45,14,3,3,3,2,2,1,31.7,24.0,18.1,6.04,4.52,2.49,65.6,79.5,37.9
2026-04-22,Wed,Apr,12,08:45,09:00,10,2,2,2,2,1,1,26.2,21.1,13.5,3.44,3.88,1.9,66.1,70.1,35.6
2026-04-22,Wed,Apr,13,09:00,09:15,11,2,2,2,2,2,1,26.9,22.6,15.0,3.42,3.91,1.96,72.3,72.9,37.4
2026-04-22,Wed,Apr,14,09:15,09:30,8,2,2,1,1,1,1,22.5,21.2,13.5,3.36,3.09,1.8,65.5,68.4,33.1
2026-04-22,Wed,Apr,15,09:30,09:45,6,1,1,1,1,1,1,21.2,17.5,11.6,3.35,2.94,1.37,66.2,66.5,31.6
2026-04-22,Wed,Apr,16,09:45,10:00,6,1,1,1,1,1,1,19.2,18.9,12.3,3.24,2.87,1.71,67.1,59.4,31.5
2026-04-22,Wed,Apr,17,10:00,10:15,5,1,1,1,1,1,0,17.5,18.2,11.7,2.4,2.56,1.39,56.9,59.5,32.3
2026-04-22,Wed,Apr,18,10:15,10:30,4,1,1,1,1,0,0,19.3,14.7,9.7,2.81,2.6,1.3,59.9,64.4,31.1
2026-04-22,Wed,Apr,19,10:30,10:45,5,1,1,1,1,1,0,19.2,18.0,12.7,2.64,3.01,1.28,62.7,61.4,32.1
2026-04-22,Wed,Apr,20,10:45,11:00,5,1,1,1,1,1,0,18.4,14.0,11.8,2.64,2.84,1.14,61.2,60.6,32.8
2026-04-22,Wed,Apr,21,11:00,11:15,6,1,1,1,1,1,1,21.0,18.8,11.9,2.78,2.87,1.38,60.0,67.2,31.0
2026-04-22,Wed,Apr,22,11:15,11:30,6,1,1,1,1,1,1,21.5,18.7,14.7,3.3,2.37,1.44,56.1,59.6,32.8
2026-04-22,Wed,Apr,23,11:30,11:45,6,1,1,1,1,1,1,19.0,19.4,14.3,3.31,2.66,1.68,61.4,59.5,36.1
2026-04-22,Wed,Apr,24,11:45,12:00,6,1,1,1,1,1,1,20.1,16.1,12.1,2.86,2.97,1.57,63.5,57.5,31.5
2026-04-22,Wed,Apr,25,12:00,12:15,7,2,1,1,1,1,1,19.2,19.8,14.0,3.82,2.68,1.84,66.0,66.1,36.8
2026-04-22,Wed,Apr,26,12:15,12:30,7,2,1,1,1,1,1,20.9,21.1,13.9,2.93,2.64,1.7,61.8,59.2,32.0
2026-04-22,Wed,Apr,27,12:30,12:45,7,2,1,1,1,1,1,19.3,17.3,13.2,3.27,3.18,1.61,68.6,61.8,32.2
2026-04-22,Wed,Apr,28,12:45,13:00,7,2,1,1,1,1,1,20.9,19.5,12.6,3.38,3.09,1.47,62.0,64.2,27.7
2026-04-22,Wed,Apr,29,13:00,13:15,8,2,2,1,1,1,1,21.8,22.9,12.4,3.27,3.22,1.75,62.1,68.6,31.7
2026-04-22,Wed,Apr,30,13:15,13:30,7,2,1,1,1,1,1,20.4,17.4,13.4,3.23,3.1,1.74,63.5,64.7,32.4
2026-04-22,Wed,Apr,31,13:30,13:45,7,2,1,1,1,1,1,22.2,17.8,13.7,3.91,3.28,1.41,61.6,67.0,31.4
2026-04-22,Wed,Apr,32,13:45,14:00,6,1,1,1,1,1,1,21.3,18.5,12.3,3.24,2.63,1.57,73.2,67.5,34.4
2026-04-22,Wed,Apr,33,14:00,14:15,6,1,1,1,1,1,1,20.2,19.0,14.8,3.27,2.53,1.57,63.1,55.0,33.4
2026-04-22,Wed,Apr,34,14:15,14:30,7,2,1,1,1,1,1,21.7,22.2,13.3,3.76,3.22,1.46,56.6,63.5,33.0
2026-04-22,Wed,Apr,35,14:30,14:45,8,2,2,1,1,1,1,23.1,22.6,14.2,3.18,3.09,1.71,60.3,61.8,35.5
2026-04-22,Wed,Apr,36,14:45,15:00,9,2,2,2,1,1,1,22.2,23.1,14.0,3.17,3.78,1.87,62.8,63.9,38.0
2026-04-22,Wed,Apr,37,15:00,15:15,9,2,2,2,1,1,1,21.8,19.8,15.9,3.79,3.58,1.78,64.3,71.0,35.7
2026-04-22,Wed,Apr,38,15:15,15:30,13,3,3,2,2,2,1,27.9,25.9,19.3,4.25,4.6,2.26,75.5,64.7,35.9
2026-04-22,Wed,Apr,39,15:30,15:45,13,3,3,2,2,2,1,26.5,27.6,16.6,4.22,4.34,2.46,64.4,64.2,36.3
2026-04-22,Wed,Apr,40,15:45,16:00,15,3,3,3,2,2,2,30.1,27.8,18.7,4.86,5.39,2.46,67.7,77.5,39.6
2026-04-22,Wed,Apr,41,16:00,16:15,12,3,2,2,2,2,1,28.0,24.8,14.4,4.35,4.34,2.42,69.7,68.2,38.2
2026-04-22,Wed,Apr,42,16:15,16:30,11,2,2,2,2,2,1,26.2,25.7,16.3,4.31,4.05,1.89,75.6,69.9,34.1
2026-04-22,Wed,Apr,43,16:30,16:45,11,2,2,2,2,2,1,25.5,22.8,14.9,4.38,4.08,1.97,65.7,67.1,35.6
2026-04-22,Wed,Apr,44,16:45,17:00,10,2,2,2,2,1,1,25.0,25.0,14.7,3.77,2.83,1.93,68.6,66.0,34.3
2026-04-22,Wed,Apr,45,17:00,17:15,10,2,2,2,2,1,1,27.5,24.3,15.0,3.73,3.52,1.54,64.5,69.3,34.5
2026-04-22,Wed,Apr,46,17:15,17:30,9,2,2,2,1,1,1,23.5,20.9,15.6,3.99,4.08,1.39,64.5,67.2,36.6
2026-04-22,Wed,Apr,47,17:30,17:45,7,2,1,1,1,1,1,19.5,16.8,13.4,3.42,3.1,1.86,66.6,61.8,33.2
2026-04-22,Wed,Apr,48,17:45,18:00,6,1,1,1,1,1,1,19.1,19.7,14.7,2.68,2.94,1.54,62.8,61.7,31.1
2026-04-23,Thu,Apr,1,06:00,06:15,6,1,1,1,1,1,1,17.5,21.8,10.3,3.41,3.22,1.17,59.0,63.1,36.4
2026-04-23,Thu,Apr,2,06:15,06:30,7,2,1,1,1,1,1,20.7,21.6,11.6,3.84,2.76,1.07,58.5,67.3,36.0
2026-04-23,Thu,Apr,3,06:30,06:45,8,2,2,1,1,1,1,19.6,21.5,11.2,3.04,2.48,1.37,60.1,71.5,39.5
2026-04-23,Thu,Apr,4,06:45,07:00,10,2,2,2,2,1,1,20.0,21.6,13.7,4.07,3.72,1.35,59.5,64.7,38.3
2026-04-23,Thu,Apr,5,07:00,07:15,12,3,2,2,2,2,1,23.6,28.3,12.8,3.54,4.44,1.58,62.6,70.8,37.1
2026-04-23,Thu,Apr,6,07:15,07:30,14,3,3,3,2,2,1,23.7,27.1,17.9,4.36,4.3,1.88,61.6,67.2,42.8
2026-04-23,Thu,Apr,7,07:30,07:45,15,3,3,3,2,2,2,25.8,28.4,17.1,5.01,4.7,1.45,71.8,67.7,40.8
2026-04-23,Thu,Apr,8,07:45,08:00,16,3,3,3,3,2,2,32.1,28.9,16.2,4.68,4.48,1.93,64.5,72.5,41.7
2026-04-23,Thu,Apr,9,08:00,08:15,16,3,3,3,3,2,2,27.1,29.0,16.7,4.54,5.15,1.84,63.2,68.3,44.0
2026-04-23,Thu,Apr,10,08:15,08:30,14,3,3,3,2,2,1,23.3,23.9,17.4,5.29,4.1,1.68,70.5,66.1,40.0
2026-04-23,Thu,Apr,11,08:30,08:45,14,3,3,3,2,2,1,22.2,25.3,14.5,4.3,3.38,2.1,78.1,72.6,40.8
2026-04-23,Thu,Apr,12,08:45,09:00,15,3,3,3,2,2,2,19.5,30.6,17.0,4.34,4.73,1.81,66.4,73.5,42.2
2026-04-23,Thu,Apr,13,09:00,09:15,12,3,2,2,2,2,1,22.9,26.7,13.9,4.38,4.12,1.6,67.8,70.0,40.0
2026-04-23,Thu,Apr,14,09:15,09:30,9,2,2,2,1,1,1,17.6,22.2,13.6,3.43,3.48,1.1,57.6,66.1,37.8
2026-04-23,Thu,Apr,15,09:30,09:45,8,2,2,1,1,1,1,20.7,20.6,11.5,3.56,3.01,1.6,55.4,61.9,35.7
2026-04-23,Thu,Apr,16,09:45,10:00,7,2,1,1,1,1,1,19.1,18.4,11.4,3.34,2.91,1.27,62.8,62.8,41.8
2026-04-23,Thu,Apr,17,10:00,10:15,5,1,1,1,1,1,0,15.8,18.4,9.0,2.8,2.19,1.1,59.1,56.5,33.5
2026-04-23,Thu,Apr,18,10:15,10:30,6,1,1,1,1,1,1,18.1,20.4,10.9,3.11,3.1,1.18,60.7,62.3,35.0
2026-04-23,Thu,Apr,19,10:30,10:45,6,1,1,1,1,1,1,16.0,19.6,11.3,3.14,2.72,1.09,56.5,56.2,39.1
2026-04-23,Thu,Apr,20,10:45,11:00,6,1,1,1,1,1,1,16.9,20.8,13.4,2.64,3.17,1.18,63.4,56.8,40.2
2026-04-23,Thu,Apr,21,11:00,11:15,7,2,1,1,1,1,1,17.9,20.8,11.3,2.76,2.97,1.06,53.5,67.4,35.1
2026-04-23,Thu,Apr,22,11:15,11:30,7,2,1,1,1,1,1,20.6,18.7,11.1,2.92,3.16,1.15,64.0,64.3,37.5
2026-04-23,Thu,Apr,23,11:30,11:45,7,2,1,1,1,1,1,13.7,20.2,11.9,3.52,2.56,1.34,64.1,63.1,39.7
2026-04-23,Thu,Apr,24,11:45,12:00,7,2,1,1,1,1,1,18.8,22.7,12.0,3.64,2.63,1.22,58.8,61.6,38.4
2026-04-23,Thu,Apr,25,12:00,12:15,8,2,2,1,1,1,1,20.1,20.5,12.4,4.02,3.29,1.29,66.1,68.7,37.6
2026-04-23,Thu,Apr,26,12:15,12:30,8,2,2,1,1,1,1,19.6,21.6,13.0,4.09,3.21,1.33,58.4,64.8,37.6
2026-04-23,Thu,Apr,27,12:30,12:45,8,2,2,1,1,1,1,16.3,19.4,11.6,3.12,3.79,1.16,65.4,69.6,40.0
2026-04-23,Thu,Apr,28,12:45,13:00,10,2,2,2,2,1,1,22.1,25.4,14.4,3.7,3.89,1.48,62.8,63.6,39.6
2026-04-23,Thu,Apr,29,13:00,13:15,8,2,2,1,1,1,1,16.4,23.1,12.0,3.9,3.16,1.27,59.8,61.4,38.9
2026-04-23,Thu,Apr,30,13:15,13:30,8,2,2,1,1,1,1,18.6,22.3,11.9,2.92,3.12,1.36,63.3,68.3,36.7
2026-04-23,Thu,Apr,31,13:30,13:45,8,2,2,1,1,1,1,18.6,23.7,12.0,3.39,2.69,1.3,64.2,59.0,36.2
2026-04-23,Thu,Apr,32,13:45,14:00,7,2,1,1,1,1,1,17.5,20.6,12.0,2.93,2.89,1.33,58.5,61.2,37.4
2026-04-23,Thu,Apr,33,14:00,14:15,10,2,2,2,2,1,1,15.6,22.1,13.9,3.33,3.4,1.38,64.0,60.5,40.8
2026-04-23,Thu,Apr,34,14:15,14:30,9,2,2,2,1,1,1,21.3,22.2,12.2,3.78,3.03,1.5,63.5,61.4,37.8
2026-04-23,Thu,Apr,35,14:30,14:45,8,2,2,1,1,1,1,20.7,19.8,13.2,3.73,2.64,1.45,58.3,63.7,36.0
2026-04-23,Thu,Apr,36,14:45,15:00,11,2,2,2,2,2,1,21.2,23.7,13.0,3.43,3.58,1.66,61.2,70.0,38.9
2026-04-23,Thu,Apr,37,15:00,15:15,10,2,2,2,2,1,1,18.9,23.1,12.4,3.14,3.53,1.5,63.6,62.9,39.5
2026-04-23,Thu,Apr,38,15:15,15:30,10,2,2,2,2,1,1,17.9,24.5,12.0,3.87,3.72,1.3,63.1,66.9,38.2
2026-04-23,Thu,Apr,39,15:30,15:45,14,3,3,3,2,2,1,22.8,24.1,17.0,4.55,4.18,1.81,67.5,73.1,40.5
2026-04-23,Thu,Apr,40,15:45,16:00,16,3,3,3,3,2,2,27.6,28.5,15.1,5.36,5.0,1.93,65.9,74.1,44.8
2026-04-23,Thu,Apr,41,16:00,16:15,12,3,2,2,2,2,1,26.5,24.2,15.0,3.59,3.3,1.46,64.6,68.7,41.1
2026-04-23,Thu,Apr,42,16:15,16:30,14,3,3,3,2,2,1,25.0,26.7,14.9,5.02,3.85,1.61,67.9,66.5,41.5
2026-04-23,Thu,Apr,43,16:30,16:45,13,3,3,2,2,2,1,23.8,25.0,14.1,4.27,4.67,1.74,66.6,64.8,44.9
2026-04-23,Thu,Apr,44,16:45,17:00,13,3,3,2,2,2,1,22.1,29.3,16.9,4.5,3.53,1.62,56.1,69.2,42.8
2026-04-23,Thu,Apr,45,17:00,17:15,11,2,2,2,2,2,1,21.8,22.5,13.2,3.91,3.89,1.57,64.3,68.8,37.3
2026-04-23,Thu,Apr,46,17:15,17:30,10,2,2,2,2,1,1,20.3,24.2,14.2,4.02,3.95,1.41,61.8,64.0,38.2
2026-04-23,Thu,Apr,47,17:30,17:45,8,2,2,1,1,1,1,17.9,21.2,12.9,3.11,3.13,1.36,59.8,67.5,42.2
2026-04-23,Thu,Apr,48,17:45,18:00,6,1,1,1,1,1,1,18.6,18.6,11.4,3.18,2.57,1.18,63.4,65.3,35.1
2026-04-24,Fri,Apr,1,06:00,06:15,5,1,1,1,1,1,0,19.3,17.7,9.3,2.97,2.19,1.42,62.5,54.1,37.0
2026-04-24,Fri,Apr,2,06:15,06:30,6,1,1,1,1,1,1,15.6,19.4,10.5,2.77,2.5,1.75,65.0,56.1,33.5
2026-04-24,Fri,Apr,3,06:30,06:45,6,1,1,1,1,1,1,20.6,20.5,9.5,2.5,2.41,1.63,64.4,62.3,36.1
2026-04-24,Fri,Apr,4,06:45,07:00,8,2,2,1,1,1,1,23.2,21.5,11.1,3.21,3.06,2.05,63.9,62.1,38.5
2026-04-24,Fri,Apr,5,07:00,07:15,11,2,2,2,2,2,1,25.4,27.0,13.7,3.66,2.95,2.01,75.4,64.9,43.8
2026-04-24,Fri,Apr,6,07:15,07:30,12,3,2,2,2,2,1,25.9,27.1,14.1,4.37,3.22,2.36,69.3,64.0,44.5
2026-04-24,Fri,Apr,7,07:30,07:45,13,3,3,2,2,2,1,23.8,26.8,14.8,4.81,3.49,2.24,74.8,64.1,39.3
2026-04-24,Fri,Apr,8,07:45,08:00,10,2,2,2,2,1,1,27.1,28.3,12.0,3.97,3.13,2.0,67.2,63.5,39.2
2026-04-24,Fri,Apr,9,08:00,08:15,13,3,3,2,2,2,1,24.1,29.7,14.7,4.24,3.23,2.29,70.7,67.5,39.4
2026-04-24,Fri,Apr,10,08:15,08:30,13,3,3,2,2,2,1,30.0,28.6,14.6,3.92,3.87,2.28,68.7,62.9,39.7
2026-04-24,Fri,Apr,11,08:30,08:45,11,2,2,2,2,2,1,25.1,26.0,12.9,3.57,2.91,2.25,69.8,58.3,41.4
2026-04-24,Fri,Apr,12,08:45,09:00,10,2,2,2,2,1,1,23.6,22.0,14.4,3.64,3.05,2.15,74.5,60.3,40.7
2026-04-24,Fri,Apr,13,09:00,09:15,9,2,2,2,1,1,1,22.7,25.5,10.0,3.5,3.26,1.7,66.1,56.2,39.9
2026-04-24,Fri,Apr,14,09:15,09:30,8,2,2,1,1,1,1,23.2,20.7,12.1,3.19,3.1,1.64,59.8,61.2,36.2
2026-04-24,Fri,Apr,15,09:30,09:45,7,2,1,1,1,1,1,20.3,18.9,10.3,2.84,2.37,1.62,66.5,62.4,36.6
2026-04-24,Fri,Apr,16,09:45,10:00,6,1,1,1,1,1,1,20.7,20.9,10.3,2.93,2.45,1.69,61.1,60.0,36.7
2026-04-24,Fri,Apr,17,10:00,10:15,5,1,1,1,1,1,0,17.6,20.3,9.3,2.75,2.5,1.57,64.6,57.3,35.6
2026-04-24,Fri,Apr,18,10:15,10:30,5,1,1,1,1,1,0,16.6,19.2,9.8,3.51,2.08,1.56,62.7,58.6,34.5
2026-04-24,Fri,Apr,19,10:30,10:45,6,1,1,1,1,1,1,20.1,20.8,10.4,2.77,2.2,1.78,67.0,55.3,35.3
2026-04-24,Fri,Apr,20,10:45,11:00,5,1,1,1,1,1,0,17.4,19.4,10.0,2.71,2.12,1.63,60.6,55.5,35.4
2026-04-24,Fri,Apr,21,11:00,11:15,6,1,1,1,1,1,1,18.8,19.6,8.8,2.28,2.53,1.43,69.3,56.0,37.4
2026-04-24,Fri,Apr,22,11:15,11:30,6,1,1,1,1,1,1,19.2,20.8,12.5,2.66,2.54,1.7,62.1,59.6,35.2
2026-04-24,Fri,Apr,23,11:30,11:45,6,1,1,1,1,1,1,19.3,20.8,11.1,2.96,2.43,1.42,62.3,55.1,37.0
2026-04-24,Fri,Apr,24,11:45,12:00,8,2,2,1,1,1,1,21.7,20.4,12.9,3.58,2.75,1.97,64.5,57.8,38.3
2026-04-24,Fri,Apr,25,12:00,12:15,8,2,2,1,1,1,1,18.3,22.6,11.9,3.35,2.7,1.87,71.1,61.5,38.1
2026-04-24,Fri,Apr,26,12:15,12:30,7,2,1,1,1,1,1,19.9,22.1,11.2,2.57,2.72,1.43,62.7,57.3,33.5
2026-04-24,Fri,Apr,27,12:30,12:45,7,2,1,1,1,1,1,20.3,24.1,11.4,3.33,2.43,1.72,63.9,61.6,39.2
2026-04-24,Fri,Apr,28,12:45,13:00,8,2,2,1,1,1,1,22.2,21.6,10.5,2.97,2.47,1.77,61.3,58.7,38.3
2026-04-24,Fri,Apr,29,13:00,13:15,7,2,1,1,1,1,1,20.0,19.3,11.4,3.13,2.65,1.71,64.2,53.1,34.8
2026-04-24,Fri,Apr,30,13:15,13:30,7,2,1,1,1,1,1,20.3,21.2,11.3,2.66,2.49,1.95,63.4,60.9,35.3
2026-04-24,Fri,Apr,31,13:30,13:45,7,2,1,1,1,1,1,17.6,23.9,10.3,3.24,2.25,1.93,64.7,58.3,39.4
2026-04-24,Fri,Apr,32,13:45,14:00,7,2,1,1,1,1,1,19.0,21.4,11.4,3.06,2.71,1.86,64.9,59.2,39.0
2026-04-24,Fri,Apr,33,14:00,14:15,8,2,2,1,1,1,1,20.7,24.5,12.1,2.85,2.91,2.0,63.6,60.0,37.1
2026-04-24,Fri,Apr,34,14:15,14:30,7,2,1,1,1,1,1,17.3,19.1,9.5,2.95,3.04,1.7,64.7,54.6,40.1
2026-04-24,Fri,Apr,35,14:30,14:45,8,2,2,1,1,1,1,20.7,22.7,12.1,2.73,2.31,1.69,62.2,61.5,38.6
2026-04-24,Fri,Apr,36,14:45,15:00,10,2,2,2,2,1,1,26.0,25.5,12.3,4.08,3.32,1.91,68.9,57.3,39.6
2026-04-24,Fri,Apr,37,15:00,15:15,12,3,2,2,2,2,1,26.4,26.1,13.5,3.79,3.72,2.45,70.2,68.5,38.9
2026-04-24,Fri,Apr,38,15:15,15:30,10,2,2,2,2,1,1,24.4,23.6,12.1,3.69,3.15,1.86,66.4,59.3,35.2
2026-04-24,Fri,Apr,39,15:30,15:45,13,3,3,2,2,2,1,23.9,29.0,15.3,4.01,3.05,2.38,68.8,65.6,38.7
2026-04-24,Fri,Apr,40,15:45,16:00,13,3,3,2,2,2,1,25.9,25.0,16.1,3.93,2.94,2.28,72.3,60.6,43.1
2026-04-24,Fri,Apr,41,16:00,16:15,12,3,2,2,2,2,1,25.5,26.4,14.1,4.33,3.64,2.57,75.1,67.4,38.0
2026-04-24,Fri,Apr,42,16:15,16:30,13,3,3,2,2,2,1,25.6,29.3,16.3,3.94,3.64,2.41,68.1,65.7,39.5
2026-04-24,Fri,Apr,43,16:30,16:45,11,2,2,2,2,2,1,23.2,25.3,14.3,3.58,3.08,1.96,71.3,63.6,42.3
2026-04-24,Fri,Apr,44,16:45,17:00,10,2,2,2,2,1,1,22.8,25.2,11.6,4.02,3.15,1.97,69.9,59.3,36.6
2026-04-24,Fri,Apr,45,17:00,17:15,9,2,2,2,1,1,1,19.7,22.0,10.8,3.13,2.61,2.0,70.2,60.2,38.1
2026-04-24,Fri,Apr,46,17:15,17:30,8,2,2,1,1,1,1,22.2,23.6,11.1,3.69,2.77,1.69,60.5,55.3,35.0
2026-04-24,Fri,Apr,47,17:30,17:45,6,1,1,1,1,1,1,18.3,19.2,11.2,3.08,2.84,1.62,59.3,59.7,37.4
2026-04-24,Fri,Apr,48,17:45,18:00,6,1,1,1,1,1,1,20.4,19.3,10.0,2.89,2.4,1.4,62.0,60.3,36.9
2026-04-27,Mon,Apr,1,06:00,06:15,5,1,1,1,1,1,0,23.1,20.8,9.8,2.25,2.07,1.33,61.7,47.8,35.1
2026-04-27,Mon,Apr,2,06:15,06:30,5,1,1,1,1,1,0,22.8,21.4,11.3,2.58,2.54,1.3,60.3,49.5,31.8
2026-04-27,Mon,Apr,3,06:30,06:45,7,2,1,1,1,1,1,24.5,19.7,11.5,2.25,2.91,1.45,61.6,54.4,34.9
2026-04-27,Mon,Apr,4,06:45,07:00,7,2,1,1,1,1,1,25.9,21.4,11.3,2.4,2.46,1.73,55.3,50.1,29.4
2026-04-27,Mon,Apr,5,07:00,07:15,10,2,2,2,2,1,1,26.4,23.4,15.6,2.57,2.89,1.9,66.6,54.7,35.2
2026-04-27,Mon,Apr,6,07:15,07:30,13,3,3,2,2,2,1,25.3,29.7,16.9,3.66,3.4,2.04,58.9,53.6,33.7
2026-04-27,Mon,Apr,7,07:30,07:45,14,3,3,3,2,2,1,28.7,30.4,16.6,3.83,3.47,2.21,67.0,61.5,38.7
2026-04-27,Mon,Apr,8,07:45,08:00,14,3,3,3,2,2,1,34.0,25.4,18.4,3.7,3.9,2.18,64.1,53.8,41.9
2026-04-27,Mon,Apr,9,08:00,08:15,16,3,3,3,3,2,2,36.0,26.6,17.3,4.14,4.34,2.74,67.0,57.7,39.5
2026-04-27,Mon,Apr,10,08:15,08:30,14,3,3,3,2,2,1,33.9,26.0,20.2,3.73,3.92,2.32,66.3,57.4,41.4
2026-04-27,Mon,Apr,11,08:30,08:45,14,3,3,3,2,2,1,33.5,27.2,17.9,4.09,3.74,2.33,63.3,53.4,40.5
2026-04-27,Mon,Apr,12,08:45,09:00,11,2,2,2,2,2,1,29.4,24.4,16.8,2.58,3.11,1.88,64.2,57.2,32.4
2026-04-27,Mon,Apr,13,09:00,09:15,11,2,2,2,2,2,1,30.3,25.6,14.8,2.79,3.16,1.86,64.0,53.6,34.5
2026-04-27,Mon,Apr,14,09:15,09:30,8,2,2,1,1,1,1,26.5,23.3,13.1,2.5,2.9,1.89,63.7,50.9,34.7
2026-04-27,Mon,Apr,15,09:30,09:45,8,2,2,1,1,1,1,29.6,21.7,14.4,2.27,3.03,1.63,59.7,52.5,33.8
2026-04-27,Mon,Apr,16,09:45,10:00,6,1,1,1,1,1,1,22.9,23.3,11.8,2.56,1.9,1.5,58.9,50.3,27.5
2026-04-27,Mon,Apr,17,10:00,10:15,5,1,1,1,1,1,0,20.5,19.5,9.7,2.25,2.38,1.23,59.4,49.3,33.6
2026-04-27,Mon,Apr,18,10:15,10:30,6,1,1,1,1,1,1,26.2,21.6,10.8,2.33,2.82,1.38,59.4,52.4,32.5
2026-04-27,Mon,Apr,19,10:30,10:45,7,2,1,1,1,1,1,21.3,19.0,12.6,2.92,3.29,1.57,60.0,48.7,34.6
2026-04-27,Mon,Apr,20,10:45,11:00,5,1,1,1,1,1,0,20.3,19.0,11.6,2.5,2.4,1.47,56.1,48.4,33.9
2026-04-27,Mon,Apr,21,11:00,11:15,6,1,1,1,1,1,1,22.5,21.5,11.6,2.05,2.13,1.68,54.2,51.8,33.1
2026-04-27,Mon,Apr,22,11:15,11:30,5,1,1,1,1,1,0,23.7,18.7,11.7,2.53,2.33,1.62,52.7,51.1,34.8
2026-04-27,Mon,Apr,23,11:30,11:45,7,2,1,1,1,1,1,25.8,19.8,11.8,2.81,3.01,1.88,54.1,48.9,36.1
2026-04-27,Mon,Apr,24,11:45,12:00,8,2,2,1,1,1,1,27.4,24.2,14.2,2.55,2.4,1.63,57.3,54.9,33.2
2026-04-27,Mon,Apr,25,12:00,12:15,7,2,1,1,1,1,1,23.7,21.2,11.0,2.48,2.6,1.2,62.8,48.7,33.9
2026-04-27,Mon,Apr,26,12:15,12:30,9,2,2,2,1,1,1,26.7,23.2,14.7,2.92,2.89,1.76,63.2,53.8,39.5
2026-04-27,Mon,Apr,27,12:30,12:45,9,2,2,2,1,1,1,26.9,24.1,15.1,3.11,2.79,1.57,63.8,52.8,35.8
2026-04-27,Mon,Apr,28,12:45,13:00,7,2,1,1,1,1,1,24.3,22.5,11.2,2.59,2.62,1.39,57.1,53.2,33.5
2026-04-27,Mon,Apr,29,13:00,13:15,8,2,2,1,1,1,1,27.0,20.9,11.4,2.64,2.43,1.77,61.2,48.7,32.3
2026-04-27,Mon,Apr,30,13:15,13:30,8,2,2,1,1,1,1,25.1,21.9,13.9,2.35,3.09,1.44,59.1,50.9,32.2
2026-04-27,Mon,Apr,31,13:30,13:45,8,2,2,1,1,1,1,23.6,23.8,13.4,2.72,2.08,1.77,54.6,56.6,33.9
2026-04-27,Mon,Apr,32,13:45,14:00,7,2,1,1,1,1,1,24.8,21.3,13.7,2.59,2.12,1.66,60.7,46.7,33.1
2026-04-27,Mon,Apr,33,14:00,14:15,7,2,1,1,1,1,1,26.7,19.5,11.6,2.66,2.76,1.39,62.4,50.3,36.6
2026-04-27,Mon,Apr,34,14:15,14:30,7,2,1,1,1,1,1,23.9,24.5,12.0,2.32,2.7,1.59,60.0,50.1,33.3
2026-04-27,Mon,Apr,35,14:30,14:45,8,2,2,1,1,1,1,27.2,25.9,12.4,2.63,2.72,1.46,59.1,46.5,36.1
2026-04-27,Mon,Apr,36,14:45,15:00,9,2,2,2,1,1,1,28.2,23.1,14.4,2.94,3.07,1.67,60.5,53.2,35.1
2026-04-27,Mon,Apr,37,15:00,15:15,10,2,2,2,2,1,1,29.0,28.5,16.0,3.06,2.94,1.84,69.3,51.8,38.0
2026-04-27,Mon,Apr,38,15:15,15:30,11,2,2,2,2,2,1,22.3,23.9,14.3,3.17,2.98,1.98,64.7,55.8,34.8
2026-04-27,Mon,Apr,39,15:30,15:45,13,3,3,2,2,2,1,31.3,29.5,17.2,3.32,3.66,1.94,66.7,54.2,36.8
2026-04-27,Mon,Apr,40,15:45,16:00,13,3,3,2,2,2,1,34.9,25.6,15.8,3.79,3.11,2.2,61.4,56.3,38.5
2026-04-27,Mon,Apr,41,16:00,16:15,13,3,3,2,2,2,1,34.1,26.2,17.2,3.1,2.91,2.2,63.7,60.7,37.0
2026-04-27,Mon,Apr,42,16:15,16:30,11,2,2,2,2,2,1,30.2,26.2,16.0,3.23,2.8,1.97,59.7,54.4,37.5
2026-04-27,Mon,Apr,43,16:30,16:45,11,2,2,2,2,2,1,29.4,26.4,13.7,2.96,3.45,1.81,64.4,52.6,34.3
2026-04-27,Mon,Apr,44,16:45,17:00,10,2,2,2,2,1,1,29.8,23.6,15.5,3.0,3.14,1.74,64.6,51.2,35.9
2026-04-27,Mon,Apr,45,17:00,17:15,11,2,2,2,2,2,1,30.9,25.4,14.2,3.36,2.9,2.18,65.0,52.4,35.1
2026-04-27,Mon,Apr,46,17:15,17:30,8,2,2,1,1,1,1,29.7,21.7,12.9,2.56,2.05,1.9,59.2,47.5,34.9
2026-04-27,Mon,Apr,47,17:30,17:45,8,2,2,1,1,1,1,25.5,21.8,12.6,2.33,2.62,1.74,62.5,53.1,34.7
2026-04-27,Mon,Apr,48,17:45,18:00,6,1,1,1,1,1,1,25.0,18.8,10.5,2.15,1.89,1.55,60.7,54.6,30.3
2026-04-28,Tue,Apr,1,06:00,06:15,6,1,1,1,1,1,1,20.1,17.5,10.3,2.51,2.69,1.5,64.3,54.3,30.6
2026-04-28,Tue,Apr,2,06:15,06:30,7,2,1,1,1,1,1,18.9,20.4,11.7,2.61,2.68,1.49,61.4,56.1,36.1
2026-04-28,Tue,Apr,3,06:30,06:45,8,2,2,1,1,1,1,19.6,21.3,13.2,2.99,3.42,1.67,58.6,49.4,38.0
2026-04-28,Tue,Apr,4,06:45,07:00,9,2,2,2,1,1,1,23.7,19.2,13.0,3.3,3.25,1.75,69.1,57.1,34.6
2026-04-28,Tue,Apr,5,07:00,07:15,12,3,2,2,2,2,1,25.5,26.3,15.4,3.44,4.33,2.08,69.5,63.0,36.5
2026-04-28,Tue,Apr,6,07:15,07:30,13,3,3,2,2,2,1,25.0,25.0,14.4,3.95,3.83,2.09,72.0,62.1,37.2
2026-04-28,Tue,Apr,7,07:30,07:45,17,4,3,3,3,2,2,27.1,34.3,16.8,4.21,4.98,2.56,73.7,57.9,37.5
2026-04-28,Tue,Apr,8,07:45,08:00,13,3,3,2,2,2,1,27.9,27.7,14.9,3.83,3.76,2.31,67.9,61.1,41.4
2026-04-28,Tue,Apr,9,08:00,08:15,17,4,3,3,3,2,2,30.1,27.2,16.8,4.41,4.94,2.4,68.4,63.6,36.7
2026-04-28,Tue,Apr,10,08:15,08:30,21,5,4,4,3,3,2,35.5,29.6,17.9,4.27,5.8,2.76,71.6,64.6,42.3
2026-04-28,Tue,Apr,11,08:30,08:45,14,3,3,3,2,2,1,25.7,26.0,17.1,3.64,3.97,2.47,72.2,61.4,38.9
2026-04-28,Tue,Apr,12,08:45,09:00,14,3,3,3,2,2,1,28.4,26.0,15.6,3.84,4.25,2.34,76.2,58.1,37.0
2026-04-28,Tue,Apr,13,09:00,09:15,10,2,2,2,2,1,1,21.1,23.0,12.8,3.46,3.62,1.79,67.2,54.3,34.8
2026-04-28,Tue,Apr,14,09:15,09:30,9,2,2,2,1,1,1,21.4,24.0,13.4,3.17,3.14,1.73,60.8,54.7,37.7
2026-04-28,Tue,Apr,15,09:30,09:45,7,2,1,1,1,1,1,20.7,19.5,10.9,2.74,2.75,1.71,62.4,52.9,32.2
2026-04-28,Tue,Apr,16,09:45,10:00,7,2,1,1,1,1,1,19.4,18.1,10.7,2.58,2.38,1.62,61.9,49.5,35.3
2026-04-28,Tue,Apr,17,10:00,10:15,7,2,1,1,1,1,1,22.1,19.5,11.4,2.86,2.98,1.48,61.9,49.6,33.8
2026-04-28,Tue,Apr,18,10:15,10:30,6,1,1,1,1,1,1,17.6,20.4,11.5,2.44,2.75,1.5,68.2,55.9,36.3
2026-04-28,Tue,Apr,19,10:30,10:45,6,1,1,1,1,1,1,19.6,19.3,10.0,2.33,2.65,1.47,58.7,49.7,29.3
2026-04-28,Tue,Apr,20,10:45,11:00,6,1,1,1,1,1,1,18.8,19.6,10.7,2.49,2.77,1.55,63.5,51.2,33.4
2026-04-28,Tue,Apr,21,11:00,11:15,6,1,1,1,1,1,1,18.5,17.7,10.5,3.01,2.79,1.68,61.8,53.9,35.9
2026-04-28,Tue,Apr,22,11:15,11:30,7,2,1,1,1,1,1,21.5,17.1,11.3,3.04,2.89,1.58,56.0,50.7,33.7
2026-04-28,Tue,Apr,23,11:30,11:45,7,2,1,1,1,1,1,21.0,20.8,10.2,3.33,3.35,1.21,65.0,57.7,36.7
2026-04-28,Tue,Apr,24,11:45,12:00,10,2,2,2,2,1,1,25.7,23.4,11.9,3.06,3.61,1.51,66.6,58.3,33.3
2026-04-28,Tue,Apr,25,12:00,12:15,7,2,1,1,1,1,1,20.3,18.7,10.0,2.75,3.52,1.82,62.7,53.6,38.8
2026-04-28,Tue,Apr,26,12:15,12:30,8,2,2,1,1,1,1,18.4,22.9,11.6,3.29,3.2,1.72,62.7,61.0,31.7
2026-04-28,Tue,Apr,27,12:30,12:45,7,2,1,1,1,1,1,21.9,20.9,11.8,3.02,3.27,1.71,64.4,51.1,32.1
2026-04-28,Tue,Apr,28,12:45,13:00,9,2,2,2,1,1,1,25.6,23.6,13.2,3.12,3.75,1.79,64.0,56.4,36.7
2026-04-28,Tue,Apr,29,13:00,13:15,6,1,1,1,1,1,1,18.8,17.8,11.3,2.36,3.3,1.42,63.9,59.6,35.0
2026-04-28,Tue,Apr,30,13:15,13:30,9,2,2,2,1,1,1,24.0,23.6,13.8,3.09,2.97,1.52,66.6,57.0,36.9
2026-04-28,Tue,Apr,31,13:30,13:45,8,2,2,1,1,1,1,21.7,22.4,11.7,3.32,3.31,1.57,63.9,52.0,32.3
2026-04-28,Tue,Apr,32,13:45,14:00,8,2,2,1,1,1,1,22.7,23.1,12.1,3.38,3.33,1.59,58.9,54.6,35.4
2026-04-28,Tue,Apr,33,14:00,14:15,8,2,2,1,1,1,1,21.4,20.8,10.4,2.89,3.22,1.67,65.2,53.6,38.1
2026-04-28,Tue,Apr,34,14:15,14:30,8,2,2,1,1,1,1,19.8,19.5,13.5,3.3,2.85,1.55,66.9,55.8,34.5
2026-04-28,Tue,Apr,35,14:30,14:45,8,2,2,1,1,1,1,21.9,21.8,12.0,3.26,2.74,1.73,64.7,57.9,36.5
2026-04-28,Tue,Apr,36,14:45,15:00,10,2,2,2,2,1,1,22.4,23.2,13.9,3.56,3.98,1.8,60.1,55.9,37.1
2026-04-28,Tue,Apr,37,15:00,15:15,12,3,2,2,2,2,1,26.1,23.9,15.6,4.07,3.73,2.16,66.1,56.2,38.4
2026-04-28,Tue,Apr,38,15:15,15:30,13,3,3,2,2,2,1,25.1,28.0,14.2,3.7,4.1,2.08,76.5,57.4,38.3
2026-04-28,Tue,Apr,39,15:30,15:45,15,3,3,3,2,2,2,31.2,26.5,14.6,3.71,4.39,2.22,68.7,66.3,36.4
2026-04-28,Tue,Apr,40,15:45,16:00,16,3,3,3,3,2,2,27.5,27.5,17.3,4.33,4.21,2.25,65.5,60.8,39.5
2026-04-28,Tue,Apr,41,16:00,16:15,16,3,3,3,3,2,2,31.4,30.1,16.9,3.95,5.03,2.18,68.9,60.1,38.6
2026-04-28,Tue,Apr,42,16:15,16:30,17,4,3,3,3,2,2,29.8,28.4,18.3,4.38,5.48,2.47,73.3,66.4,42.6
2026-04-28,Tue,Apr,43,16:30,16:45,12,3,2,2,2,2,1,26.2,28.0,16.8,3.83,3.99,1.58,68.0,60.3,39.0
2026-04-28,Tue,Apr,44,16:45,17:00,14,3,3,3,2,2,1,24.0,28.7,15.0,4.33,4.33,2.07,71.0,55.4,38.4
2026-04-28,Tue,Apr,45,17:00,17:15,11,2,2,2,2,2,1,26.6,22.5,13.9,3.81,3.37,1.93,58.5,55.3,39.1
2026-04-28,Tue,Apr,46,17:15,17:30,10,2,2,2,2,1,1,23.5,22.7,13.1,3.19,3.64,1.56,61.1,57.0,35.2
2026-04-28,Tue,Apr,47,17:30,17:45,8,2,2,1,1,1,1,21.0,22.0,12.6,3.16,3.07,1.62,67.3,53.1,35.1
2026-04-28,Tue,Apr,48,17:45,18:00,7,2,1,1,1,1,1,21.7,19.3,12.5,2.51,3.01,1.55,70.4,53.0,33.2
2026-04-29,Wed,Apr,1,06:00,06:15,5,1,1,1,1,1,0,16.6,16.0,7.7,2.81,2.49,1.5,62.1,61.6,31.7
2026-04-29,Wed,Apr,2,06:15,06:30,6,1,1,1,1,1,1,18.4,15.8,8.6,2.98,2.51,1.43,62.1,63.5,31.3
2026-04-29,Wed,Apr,3,06:30,06:45,8,2,2,1,1,1,1,20.6,17.8,9.2,3.14,2.58,1.98,63.8,71.6,35.6
2026-04-29,Wed,Apr,4,06:45,07:00,8,2,2,1,1,1,1,22.5,18.7,10.5,3.82,2.88,1.98,65.5,61.0,35.2
2026-04-29,Wed,Apr,5,07:00,07:15,10,2,2,2,2,1,1,20.6,21.7,11.6,3.92,3.45,1.9,60.5,67.1,39.5
2026-04-29,Wed,Apr,6,07:15,07:30,12,3,2,2,2,2,1,22.4,20.8,10.7,4.33,3.61,2.47,69.2,72.9,37.5
2026-04-29,Wed,Apr,7,07:30,07:45,14,3,3,3,2,2,1,27.1,24.7,12.3,4.5,3.99,2.73,64.9,71.2,36.8
2026-04-29,Wed,Apr,8,07:45,08:00,15,3,3,3,2,2,2,25.3,23.3,14.5,5.43,4.38,2.61,72.4,71.9,38.6
2026-04-29,Wed,Apr,9,08:00,08:15,14,3,3,3,2,2,1,24.6,23.5,12.4,4.03,4.03,2.61,72.4,72.0,40.3
2026-04-29,Wed,Apr,10,08:15,08:30,15,3,3,3,2,2,2,29.8,24.9,12.7,3.97,3.41,2.42,71.6,74.1,41.2
2026-04-29,Wed,Apr,11,08:30,08:45,16,3,3,3,3,2,2,32.3,25.4,11.6,4.73,4.39,2.58,73.0,74.6,43.7
2026-04-29,Wed,Apr,12,08:45,09:00,12,3,2,2,2,2,1,24.1,23.0,11.4,4.58,3.08,2.58,67.4,69.7,37.6
2026-04-29,Wed,Apr,13,09:00,09:15,8,2,2,1,1,1,1,19.7,15.7,8.8,3.02,3.24,1.98,56.6,69.8,37.6
2026-04-29,Wed,Apr,14,09:15,09:30,8,2,2,1,1,1,1,18.7,19.5,8.3,3.23,3.09,1.89,62.0,60.4,36.2
2026-04-29,Wed,Apr,15,09:30,09:45,8,2,2,1,1,1,1,20.1,17.4,9.1,2.74,3.28,1.72,59.7,66.6,35.6
2026-04-29,Wed,Apr,16,09:45,10:00,7,2,1,1,1,1,1,18.2,18.6,8.9,3.39,2.96,1.66,60.4,62.6,34.0
2026-04-29,Wed,Apr,17,10:00,10:15,7,2,1,1,1,1,1,20.6,20.2,8.3,3.27,2.52,1.95,69.3,65.7,37.1
2026-04-29,Wed,Apr,18,10:15,10:30,6,1,1,1,1,1,1,17.3,17.2,8.5,3.01,3.0,1.66,62.1,61.9,35.6
2026-04-29,Wed,Apr,19,10:30,10:45,6,1,1,1,1,1,1,18.4,17.5,8.4,3.07,2.45,1.66,62.4,66.7,36.6
2026-04-29,Wed,Apr,20,10:45,11:00,6,1,1,1,1,1,1,20.3,15.9,8.4,2.3,2.91,1.68,69.6,66.1,32.1
2026-04-29,Wed,Apr,21,11:00,11:15,6,1,1,1,1,1,1,18.4,18.1,9.1,2.71,3.17,1.48,60.4,59.5,33.9
2026-04-29,Wed,Apr,22,11:15,11:30,7,2,1,1,1,1,1,18.9,15.0,8.7,2.76,3.17,1.65,65.9,66.1,37.0
2026-04-29,Wed,Apr,23,11:30,11:45,6,1,1,1,1,1,1,17.0,16.1,7.8,2.87,2.83,1.59,56.7,58.9,36.0
2026-04-29,Wed,Apr,24,11:45,12:00,8,2,2,1,1,1,1,21.0,19.3,9.2,3.43,2.96,2.16,63.0,64.7,35.4
2026-04-29,Wed,Apr,25,12:00,12:15,6,1,1,1,1,1,1,19.2,17.4,8.2,3.03,2.44,1.61,65.2,62.5,36.3
2026-04-29,Wed,Apr,26,12:15,12:30,5,1,1,1,1,1,0,17.1,15.4,7.4,2.69,2.3,1.65,63.6,66.6,36.2
2026-04-29,Wed,Apr,27,12:30,12:45,8,2,2,1,1,1,1,20.1,19.6,9.0,3.57,3.09,1.68,65.1,68.4,35.8
2026-04-29,Wed,Apr,28,12:45,13:00,6,1,1,1,1,1,1,17.0,15.1,7.8,2.71,2.91,1.82,59.1,66.9,34.9
2026-04-29,Wed,Apr,29,13:00,13:15,8,2,2,1,1,1,1,19.4,20.8,9.6,3.56,3.01,1.9,66.0,64.1,38.4
2026-04-29,Wed,Apr,30,13:15,13:30,7,2,1,1,1,1,1,19.8,15.5,8.8,2.61,2.68,1.67,63.4,62.4,35.6
2026-04-29,Wed,Apr,31,13:30,13:45,7,2,1,1,1,1,1,19.7,17.3,7.7,3.59,2.56,1.76,62.0,63.4,35.6
2026-04-29,Wed,Apr,32,13:45,14:00,8,2,2,1,1,1,1,20.6,19.4,9.2,3.27,2.84,2.02,66.4,68.9,36.5
2026-04-29,Wed,Apr,33,14:00,14:15,8,2,2,1,1,1,1,20.7,19.8,10.3,3.2,2.73,2.01,66.3,66.3,35.7
2026-04-29,Wed,Apr,34,14:15,14:30,9,2,2,2,1,1,1,23.0,21.2,10.5,3.92,3.11,2.07,63.4,61.6,35.4
2026-04-29,Wed,Apr,35,14:30,14:45,9,2,2,2,1,1,1,20.2,18.1,10.5,3.58,3.01,1.98,67.8,64.6,37.2
2026-04-29,Wed,Apr,36,14:45,15:00,11,2,2,2,2,2,1,20.1,22.0,10.6,3.36,2.97,2.43,70.5,72.3,35.3
2026-04-29,Wed,Apr,37,15:00,15:15,10,2,2,2,2,1,1,21.7,22.7,10.3,3.71,3.44,1.8,67.7,67.0,37.0
2026-04-29,Wed,Apr,38,15:15,15:30,13,3,3,2,2,2,1,26.7,23.0,12.0,4.05,3.41,2.54,70.8,71.6,39.8
2026-04-29,Wed,Apr,39,15:30,15:45,11,2,2,2,2,2,1,23.9,20.4,10.4,4.07,3.81,2.49,66.1,64.1,41.1
2026-04-29,Wed,Apr,40,15:45,16:00,13,3,3,2,2,2,1,26.3,23.6,11.0,4.05,3.96,2.22,68.0,70.4,40.0
2026-04-29,Wed,Apr,41,16:00,16:15,14,3,3,3,2,2,1,24.7,25.2,12.7,4.88,4.11,2.73,73.9,66.7,42.8
2026-04-29,Wed,Apr,42,16:15,16:30,12,3,2,2,2,2,1,26.1,22.7,11.8,4.39,3.55,2.38,64.4,73.9,37.3
2026-04-29,Wed,Apr,43,16:30,16:45,13,3,3,2,2,2,1,26.6,22.0,11.1,3.81,3.62,2.58,68.4,72.7,38.2
2026-04-29,Wed,Apr,44,16:45,17:00,13,3,3,2,2,2,1,26.8,25.7,11.7,4.59,4.05,2.29,65.7,72.3,40.6
2026-04-29,Wed,Apr,45,17:00,17:15,11,2,2,2,2,2,1,24.3,23.5,10.6,3.77,3.71,2.35,69.3,68.1,39.3
2026-04-29,Wed,Apr,46,17:15,17:30,8,2,2,1,1,1,1,20.2,19.1,8.4,3.01,3.2,1.9,67.2,62.8,35.4
2026-04-29,Wed,Apr,47,17:30,17:45,9,2,2,2,1,1,1,19.1,21.2,10.0,3.85,3.58,1.8,64.0,63.7,36.1
2026-04-29,Wed,Apr,48,17:45,18:00,7,2,1,1,1,1,1,20.4,18.5,8.8,3.09,3.13,1.86,61.9,69.9,34.4
2026-04-30,Thu,Apr,1,06:00,06:15,5,1,1,1,1,1,0,18.5,20.0,9.0,2.84,2.06,1.15,58.1,49.5,32.2
2026-04-30,Thu,Apr,2,06:15,06:30,7,2,1,1,1,1,1,22.0,21.3,10.2,2.9,2.44,1.19,61.8,57.4,34.9
2026-04-30,Thu,Apr,3,06:30,06:45,7,2,1,1,1,1,1,18.9,19.3,9.4,3.22,2.33,1.35,62.3,54.8,33.1
2026-04-30,Thu,Apr,4,06:45,07:00,10,2,2,2,2,1,1,23.6,23.2,11.4,3.98,3.34,1.6,69.9,62.0,34.9
2026-04-30,Thu,Apr,5,07:00,07:15,11,2,2,2,2,2,1,22.9,24.7,11.0,3.95,3.94,1.72,70.3,55.8,36.7
2026-04-30,Thu,Apr,6,07:15,07:30,12,3,2,2,2,2,1,25.5,26.1,12.0,3.94,4.18,2.15,65.6,60.5,39.9
2026-04-30,Thu,Apr,7,07:30,07:45,13,3,3,2,2,2,1,26.7,24.6,13.3,4.12,3.86,1.72,68.5,61.1,40.3
2026-04-30,Thu,Apr,8,07:45,08:00,16,3,3,3,3,2,2,25.1,29.6,14.7,4.78,4.31,2.15,69.8,62.0,42.7
2026-04-30,Thu,Apr,9,08:00,08:15,17,4,3,3,3,2,2,29.7,29.0,14.1,4.6,4.14,2.08,69.7,62.4,39.7
2026-04-30,Thu,Apr,10,08:15,08:30,17,4,3,3,3,2,2,31.8,29.7,14.0,4.84,3.98,2.05,72.2,65.6,41.7
2026-04-30,Thu,Apr,11,08:30,08:45,14,3,3,3,2,2,1,30.5,27.1,13.3,4.46,4.44,1.79,73.7,58.7,38.4
2026-04-30,Thu,Apr,12,08:45,09:00,12,3,2,2,2,2,1,27.7,23.1,12.8,4.4,3.52,1.8,68.3,51.8,39.5
2026-04-30,Thu,Apr,13,09:00,09:15,10,2,2,2,2,1,1,22.4,24.9,10.2,3.97,2.97,1.69,70.9,53.7,36.2
2026-04-30,Thu,Apr,14,09:15,09:30,9,2,2,2,1,1,1,26.8,20.8,12.0,3.16,2.63,1.63,58.6,57.1,35.8
2026-04-30,Thu,Apr,15,09:30,09:45,7,2,1,1,1,1,1,21.3,20.2,10.2,2.72,2.6,1.45,65.3,57.9,34.8
2026-04-30,Thu,Apr,16,09:45,10:00,8,2,2,1,1,1,1,20.9,21.1,10.4,3.31,2.5,1.43,63.6,52.9,33.2
2026-04-30,Thu,Apr,17,10:00,10:15,5,1,1,1,1,1,0,16.9,16.5,9.5,2.65,2.54,1.02,58.1,53.5,31.4
2026-04-30,Thu,Apr,18,10:15,10:30,7,2,1,1,1,1,1,18.3,17.2,9.1,3.19,3.04,1.39,61.5,56.3,33.8
2026-04-30,Thu,Apr,19,10:30,10:45,5,1,1,1,1,1,0,19.1,19.1,9.8,3.01,2.37,1.12,62.6,53.5,36.1
2026-04-30,Thu,Apr,20,10:45,11:00,7,2,1,1,1,1,1,21.5,19.7,11.4,3.69,2.57,1.23,60.0,53.7,35.1
2026-04-30,Thu,Apr,21,11:00,11:15,6,1,1,1,1,1,1,18.7,19.9,10.4,3.01,2.04,1.25,62.6,51.1,33.5
2026-04-30,Thu,Apr,22,11:15,11:30,6,1,1,1,1,1,1,19.6,16.6,9.6,2.93,2.06,1.3,56.0,57.9,35.8
2026-04-30,Thu,Apr,23,11:30,11:45,8,2,2,1,1,1,1,22.7,20.5,10.4,3.84,2.76,1.64,61.1,56.6,38.9
2026-04-30,Thu,Apr,24,11:45,12:00,6,1,1,1,1,1,1,18.4,18.8,8.5,3.31,2.48,1.19,62.2,54.0,35.1
2026-04-30,Thu,Apr,25,12:00,12:15,7,2,1,1,1,1,1,25.1,20.2,10.4,3.45,2.98,1.33,59.9,50.1,33.7
2026-04-30,Thu,Apr,26,12:15,12:30,8,2,2,1,1,1,1,21.8,21.6,10.0,2.9,2.83,1.29,57.2,53.5,34.3
2026-04-30,Thu,Apr,27,12:30,12:45,8,2,2,1,1,1,1,24.0,20.3,11.3,3.49,3.05,1.36,67.8,52.2,34.7
2026-04-30,Thu,Apr,28,12:45,13:00,9,2,2,2,1,1,1,23.5,20.4,10.5,3.48,3.23,1.64,65.9,58.7,38.8
2026-04-30,Thu,Apr,29,13:00,13:15,7,2,1,1,1,1,1,21.4,19.5,11.5,3.11,2.51,1.3,59.9,52.6,33.2
2026-04-30,Thu,Apr,30,13:15,13:30,8,2,2,1,1,1,1,20.2,19.1,12.3,3.47,2.95,1.45,65.2,52.2,34.4
2026-04-30,Thu,Apr,31,13:30,13:45,8,2,2,1,1,1,1,20.1,19.1,11.1,3.77,2.97,1.37,54.6,55.0,37.7
2026-04-30,Thu,Apr,32,13:45,14:00,9,2,2,2,1,1,1,22.1,20.7,10.2,2.73,2.82,1.47,65.0,55.1,37.6
2026-04-30,Thu,Apr,33,14:00,14:15,7,2,1,1,1,1,1,21.9,19.7,10.9,3.01,2.8,1.46,61.1,54.0,34.7
2026-04-30,Thu,Apr,34,14:15,14:30,8,2,2,1,1,1,1,19.6,20.2,8.8,3.76,2.64,1.51,65.7,56.8,35.8
2026-04-30,Thu,Apr,35,14:30,14:45,9,2,2,2,1,1,1,25.2,21.2,11.2,3.88,2.99,1.62,59.0,54.4,36.3
2026-04-30,Thu,Apr,36,14:45,15:00,10,2,2,2,2,1,1,24.8,23.9,11.4,3.18,2.96,1.61,63.6,54.8,33.6
2026-04-30,Thu,Apr,37,15:00,15:15,11,2,2,2,2,2,1,26.0,24.7,12.6,3.72,3.17,1.63,70.8,59.3,38.6
2026-04-30,Thu,Apr,38,15:15,15:30,11,2,2,2,2,2,1,25.4,22.7,12.1,3.69,3.78,1.68,67.3,59.4,34.6
2026-04-30,Thu,Apr,39,15:30,15:45,12,3,2,2,2,2,1,28.3,23.4,12.8,4.45,3.09,1.55,62.2,55.2,38.7
2026-04-30,Thu,Apr,40,15:45,16:00,15,3,3,3,2,2,2,28.2,30.5,14.2,4.52,4.17,2.09,69.5,59.7,37.4
2026-04-30,Thu,Apr,41,16:00,16:15,14,3,3,3,2,2,1,30.1,27.9,13.9,4.25,3.84,1.74,69.7,60.1,38.5
2026-04-30,Thu,Apr,42,16:15,16:30,14,3,3,3,2,2,1,29.2,30.0,15.0,5.1,4.7,1.92,67.0,59.8,40.8
2026-04-30,Thu,Apr,43,16:30,16:45,15,3,3,3,2,2,2,26.1,29.6,16.6,4.66,4.32,2.0,65.5,64.7,41.6
2026-04-30,Thu,Apr,44,16:45,17:00,11,2,2,2,2,2,1,23.9,23.6,11.5,3.51,3.26,1.73,70.1,57.5,34.8
2026-04-30,Thu,Apr,45,17:00,17:15,10,2,2,2,2,1,1,24.6,21.2,12.3,3.42,3.45,1.54,66.5,55.5,40.2
2026-04-30,Thu,Apr,46,17:15,17:30,9,2,2,2,1,1,1,20.0,19.8,10.2,3.49,3.32,1.21,64.5,54.6,40.5
2026-04-30,Thu,Apr,47,17:30,17:45,9,2,2,2,1,1,1,21.9,22.8,10.1,3.43,3.03,1.56,62.0,51.6,37.4
2026-04-30,Thu,Apr,48,17:45,18:00,6,1,1,1,1,1,1,20.2,15.5,9.6,2.97,2.23,1.27,49.1,55.5,35.2
2026-05-01,Fri,May,1,06:00,06:15,5,1,1,1,1,1,0,17.3,14.5,7.5,1.84,2.63,1.13,53.8,56.6,26.1
2026-05-01,Fri,May,2,06:15,06:30,6,1,1,1,1,1,1,21.5,17.4,7.1,1.91,2.31,1.14,58.2,52.4,27.2
2026-05-01,Fri,May,3,06:30,06:45,7,2,1,1,1,1,1,21.2,17.0,7.5,2.13,2.78,1.36,56.2,54.2,26.7
2026-05-01,Fri,May,4,06:45,07:00,9,2,2,2,1,1,1,20.3,19.9,8.3,2.3,2.54,1.47,57.1,54.5,26.4
2026-05-01,Fri,May,5,07:00,07:15,13,3,3,2,2,2,1,27.3,22.0,9.3,2.34,3.37,1.97,62.6,55.3,31.2
2026-05-01,Fri,May,6,07:15,07:30,11,2,2,2,2,2,1,25.2,20.3,9.1,2.76,2.95,1.87,57.6,63.5,29.1
2026-05-01,Fri,May,7,07:30,07:45,14,3,3,3,2,2,1,27.5,23.4,12.0,3.32,3.85,1.92,58.8,65.8,30.9
2026-05-01,Fri,May,8,07:45,08:00,18,4,4,3,3,2,2,28.2,27.7,13.9,3.72,4.66,2.4,65.2,61.6,32.0
2026-05-01,Fri,May,9,08:00,08:15,18,4,4,3,3,2,2,33.5,25.8,12.5,3.9,3.91,2.91,70.0,65.2,34.9
2026-05-01,Fri,May,10,08:15,08:30,14,3,3,3,2,2,1,28.4,25.3,9.9,3.16,3.79,2.23,58.7,58.8,30.7
2026-05-01,Fri,May,11,08:30,08:45,15,3,3,3,2,2,2,29.8,23.7,12.2,2.73,3.49,2.11,66.3,63.2,31.4
2026-05-01,Fri,May,12,08:45,09:00,12,3,2,2,2,2,1,28.0,22.2,9.5,2.87,3.62,1.85,61.9,61.3,31.1
2026-05-01,Fri,May,13,09:00,09:15,10,2,2,2,2,1,1,27.0,17.6,8.2,2.24,3.02,1.66,58.1,60.4,30.0
2026-05-01,Fri,May,14,09:15,09:30,10,2,2,2,2,1,1,23.7,21.3,9.6,2.34,2.99,1.52,57.7,56.8,30.6
2026-05-01,Fri,May,15,09:30,09:45,8,2,2,1,1,1,1,24.0,19.5,8.0,2.01,2.5,1.3,60.8,56.5,29.5
2026-05-01,Fri,May,16,09:45,10:00,7,2,1,1,1,1,1,20.4,15.5,6.4,2.32,2.85,1.41,51.6,52.9,26.7
2026-05-01,Fri,May,17,10:00,10:15,6,1,1,1,1,1,1,20.1,15.8,7.3,2.07,2.38,1.27,58.2,57.3,26.9
2026-05-01,Fri,May,18,10:15,10:30,6,1,1,1,1,1,1,21.0,15.9,7.5,2.11,2.44,1.39,53.7,53.2,28.0
2026-05-01,Fri,May,19,10:30,10:45,5,1,1,1,1,1,0,18.1,15.3,7.3,1.95,2.08,1.42,55.8,53.5,25.7
2026-05-01,Fri,May,20,10:45,11:00,7,2,1,1,1,1,1,19.5,18.0,8.2,1.67,2.14,1.58,55.6,58.0,27.6
2026-05-01,Fri,May,21,11:00,11:15,7,2,1,1,1,1,1,21.4,16.0,7.4,2.18,2.44,1.58,53.2,55.5,25.2
2026-05-01,Fri,May,22,11:15,11:30,5,1,1,1,1,1,0,21.1,14.8,7.3,2.1,1.96,1.28,58.1,58.2,25.8
2026-05-01,Fri,May,23,11:30,11:45,8,2,2,1,1,1,1,24.8,17.0,9.1,2.14,2.68,1.3,53.6,56.5,26.8
2026-05-01,Fri,May,24,11:45,12:00,8,2,2,1,1,1,1,21.8,14.1,7.8,2.59,2.52,1.49,54.8,57.1,25.8
2026-05-01,Fri,May,25,12:00,12:15,8,2,2,1,1,1,1,21.1,18.2,8.2,2.24,2.51,1.54,55.7,54.9,30.0
2026-05-01,Fri,May,26,12:15,12:30,9,2,2,2,1,1,1,26.5,19.3,9.6,2.65,3.1,1.47,61.2,53.5,28.9
2026-05-01,Fri,May,27,12:30,12:45,8,2,2,1,1,1,1,23.3,16.7,8.2,2.33,2.77,1.42,56.7,58.3,29.0
2026-05-01,Fri,May,28,12:45,13:00,10,2,2,2,2,1,1,21.6,16.7,8.5,2.82,2.83,1.67,62.3,58.6,29.7
2026-05-01,Fri,May,29,13:00,13:15,9,2,2,2,1,1,1,24.5,17.5,8.1,2.41,2.4,1.64,53.4,54.8,30.5
2026-05-01,Fri,May,30,13:15,13:30,8,2,2,1,1,1,1,22.8,19.8,8.3,2.02,2.8,1.52,51.7,55.0,26.4
2026-05-01,Fri,May,31,13:30,13:45,8,2,2,1,1,1,1,19.6,18.2,7.6,2.41,2.83,1.32,59.6,57.4,28.6
2026-05-01,Fri,May,32,13:45,14:00,7,2,1,1,1,1,1,19.3,17.6,8.1,2.12,2.51,1.52,54.4,51.7,26.4
2026-05-01,Fri,May,33,14:00,14:15,8,2,2,1,1,1,1,25.4,14.9,9.4,2.45,2.52,1.22,57.2,64.0,28.1
2026-05-01,Fri,May,34,14:15,14:30,8,2,2,1,1,1,1,23.0,14.9,7.8,2.21,2.91,1.47,56.9,60.3,29.0
2026-05-01,Fri,May,35,14:30,14:45,8,2,2,1,1,1,1,24.5,19.2,7.4,2.31,2.97,1.42,59.5,61.3,29.0
2026-05-01,Fri,May,36,14:45,15:00,9,2,2,2,1,1,1,21.9,17.9,8.7,2.31,3.18,1.45,56.2,52.3,30.8
2026-05-01,Fri,May,37,15:00,15:15,11,2,2,2,2,2,1,24.2,18.9,9.2,3.14,3.13,1.75,55.3,59.1,29.9
2026-05-01,Fri,May,38,15:15,15:30,13,3,3,2,2,2,1,24.5,22.8,10.4,3.54,3.78,2.16,61.3,58.9,30.5
2026-05-01,Fri,May,39,15:30,15:45,13,3,3,2,2,2,1,29.0,21.9,11.1,3.3,3.16,1.75,62.9,62.7,29.7
2026-05-01,Fri,May,40,15:45,16:00,16,3,3,3,3,2,2,34.2,24.9,11.9,2.99,4.5,2.16,66.1,65.0,32.2
2026-05-01,Fri,May,41,16:00,16:15,13,3,3,2,2,2,1,25.1,21.9,10.3,2.92,3.45,2.09,62.5,58.0,32.1
2026-05-01,Fri,May,42,16:15,16:30,14,3,3,3,2,2,1,28.3,27.2,11.1,3.72,3.39,2.02,64.1,64.5,31.2
2026-05-01,Fri,May,43,16:30,16:45,12,3,2,2,2,2,1,26.1,19.6,9.8,3.18,3.13,1.76,60.1,55.2,31.1
2026-05-01,Fri,May,44,16:45,17:00,14,3,3,3,2,2,1,28.8,23.6,10.8,3.08,3.48,1.75,59.4,63.3,29.3
2026-05-01,Fri,May,45,17:00,17:15,9,2,2,2,1,1,1,23.5,19.9,9.3,2.27,3.06,1.79,59.8,51.2,30.2
2026-05-01,Fri,May,46,17:15,17:30,9,2,2,2,1,1,1,22.7,21.9,9.0,2.52,2.92,1.66,50.3,58.0,29.2
2026-05-01,Fri,May,47,17:30,17:45,8,2,2,1,1,1,1,21.7,18.8,8.2,2.58,2.49,1.3,52.3,55.6,27.5
2026-05-01,Fri,May,48,17:45,18:00,7,2,1,1,1,1,1,19.3,14.3,7.8,2.19,2.37,1.29,57.3,52.2,26.4
2026-05-04,Mon,May,1,06:00,06:15,6,1,1,1,1,1,1,21.2,22.3,10.2,3.24,2.08,1.88,66.5,51.0,32.1
2026-05-04,Mon,May,2,06:15,06:30,5,1,1,1,1,1,0,21.8,17.8,10.6,2.71,2.55,1.54,62.4,54.3,27.4
2026-05-04,Mon,May,3,06:30,06:45,7,2,1,1,1,1,1,24.6,18.9,10.7,2.85,2.71,1.85,57.7,53.5,36.5
2026-05-04,Mon,May,4,06:45,07:00,8,2,2,1,1,1,1,25.1,23.5,14.5,3.33,2.69,2.12,67.8,53.4,31.8
2026-05-04,Mon,May,5,07:00,07:15,10,2,2,2,2,1,1,27.8,21.4,14.4,3.72,3.65,2.27,67.3,58.2,34.9
2026-05-04,Mon,May,6,07:15,07:30,10,2,2,2,2,1,1,25.8,25.6,13.7,4.01,3.23,2.3,68.0,58.2,31.2
2026-05-04,Mon,May,7,07:30,07:45,12,3,2,2,2,2,1,29.0,27.5,14.7,4.11,3.07,2.46,76.5,58.5,35.1
2026-05-04,Mon,May,8,07:45,08:00,14,3,3,3,2,2,1,31.0,30.2,16.0,4.98,3.34,2.62,64.7,60.5,33.2
2026-05-04,Mon,May,9,08:00,08:15,17,4,3,3,3,2,2,35.4,30.0,16.2,6.19,3.94,3.56,82.8,61.9,38.4
2026-05-04,Mon,May,10,08:15,08:30,16,3,3,3,3,2,2,34.4,29.2,20.0,5.34,3.83,2.77,77.5,65.1,34.7
2026-05-04,Mon,May,11,08:30,08:45,13,3,3,2,2,2,1,32.6,27.8,16.7,4.19,3.24,2.85,73.4,57.5,37.8
2026-05-04,Mon,May,12,08:45,09:00,11,2,2,2,2,2,1,29.3,23.9,15.7,4.17,2.92,2.62,64.7,58.2,30.3
2026-05-04,Mon,May,13,09:00,09:15,7,2,1,1,1,1,1,24.0,21.6,12.4,3.16,2.52,1.51,71.5,54.4,29.3
2026-05-04,Mon,May,14,09:15,09:30,6,1,1,1,1,1,1,20.3,19.6,10.7,3.01,2.34,1.8,65.2,50.6,30.8
2026-05-04,Mon,May,15,09:30,09:45,7,2,1,1,1,1,1,20.6,19.7,13.0,3.27,2.82,1.41,67.7,46.5,31.1
2026-05-04,Mon,May,16,09:45,10:00,6,1,1,1,1,1,1,20.7,18.2,10.6,3.22,2.26,1.7,65.3,54.4,29.8
2026-05-04,Mon,May,17,10:00,10:15,5,1,1,1,1,1,0,19.8,18.8,9.8,2.63,2.73,1.79,62.5,54.2,28.9
2026-05-04,Mon,May,18,10:15,10:30,5,1,1,1,1,1,0,22.5,16.9,12.1,3.6,2.25,1.72,63.8,48.9,32.6
2026-05-04,Mon,May,19,10:30,10:45,6,1,1,1,1,1,1,21.2,16.9,12.0,2.42,2.78,1.89,61.4,47.7,30.6
2026-05-04,Mon,May,20,10:45,11:00,5,1,1,1,1,1,0,19.2,19.8,10.7,2.88,2.27,1.6,61.7,52.9,29.2
2026-05-04,Mon,May,21,11:00,11:15,6,1,1,1,1,1,1,20.0,20.1,10.8,2.9,2.39,1.78,65.2,50.9,31.4
2026-05-04,Mon,May,22,11:15,11:30,6,1,1,1,1,1,1,23.1,18.7,11.2,2.95,2.83,1.83,63.6,51.0,31.7
2026-05-04,Mon,May,23,11:30,11:45,5,1,1,1,1,1,0,18.9,17.9,11.0,3.24,2.48,1.54,55.9,48.4,31.3
2026-05-04,Mon,May,24,11:45,12:00,6,1,1,1,1,1,1,22.2,21.1,12.8,3.06,2.72,1.73,59.2,52.9,32.0
2026-05-04,Mon,May,25,12:00,12:15,6,1,1,1,1,1,1,20.9,18.4,11.1,3.65,2.09,1.64,65.3,48.1,31.7
2026-05-04,Mon,May,26,12:15,12:30,7,2,1,1,1,1,1,21.4,20.6,12.5,3.47,2.77,1.92,66.3,50.4,35.7
2026-05-04,Mon,May,27,12:30,12:45,8,2,2,1,1,1,1,24.5,24.0,12.7,3.53,2.89,2.04,70.6,52.5,34.6
2026-05-04,Mon,May,28,12:45,13:00,7,2,1,1,1,1,1,20.3,22.0,11.4,3.95,2.32,1.94,64.1,53.5,37.0
2026-05-04,Mon,May,29,13:00,13:15,8,2,2,1,1,1,1,25.4,21.3,12.3,3.68,2.9,1.89,67.3,52.1,35.0
2026-05-04,Mon,May,30,13:15,13:30,7,2,1,1,1,1,1,19.0,21.1,11.7,3.21,2.87,1.8,64.6,53.9,30.2
2026-05-04,Mon,May,31,13:30,13:45,7,2,1,1,1,1,1,23.3,21.0,12.3,3.43,2.9,1.83,62.6,44.7,30.7
2026-05-04,Mon,May,32,13:45,14:00,7,2,1,1,1,1,1,22.3,22.3,10.6,3.41,3.03,1.76,65.4,51.9,36.4
2026-05-04,Mon,May,33,14:00,14:15,7,2,1,1,1,1,1,21.1,20.2,11.8,3.0,2.58,1.71,64.8,50.6,30.8
2026-05-04,Mon,May,34,14:15,14:30,7,2,1,1,1,1,1,23.4,19.7,12.5,3.55,2.17,1.93,65.6,49.8,31.9
2026-05-04,Mon,May,35,14:30,14:45,6,1,1,1,1,1,1,20.1,17.7,11.4,3.08,2.89,1.62,63.4,51.5,31.4
2026-05-04,Mon,May,36,14:45,15:00,9,2,2,2,1,1,1,23.3,23.3,13.8,3.2,2.58,1.96,71.0,51.1,32.2
2026-05-04,Mon,May,37,15:00,15:15,10,2,2,2,2,1,1,23.3,26.8,14.3,4.3,3.34,1.81,63.9,57.3,32.1
2026-05-04,Mon,May,38,15:15,15:30,12,3,2,2,2,2,1,32.7,27.4,16.7,4.3,3.35,2.49,67.9,61.0,34.3
2026-05-04,Mon,May,39,15:30,15:45,12,3,2,2,2,2,1,26.8,26.9,15.6,3.5,3.91,2.75,64.9,56.5,37.9
2026-05-04,Mon,May,40,15:45,16:00,14,3,3,3,2,2,1,32.4,29.8,15.3,4.81,4.14,2.92,73.0,57.8,34.4
2026-05-04,Mon,May,41,16:00,16:15,14,3,3,3,2,2,1,38.0,26.5,18.2,5.33,3.67,2.54,74.4,61.0,36.9
2026-05-04,Mon,May,42,16:15,16:30,10,2,2,2,2,1,1,25.3,22.4,14.0,4.55,3.04,2.47,65.3,58.0,37.3
2026-05-04,Mon,May,43,16:30,16:45,11,2,2,2,2,2,1,30.1,25.8,14.2,3.27,3.81,2.22,68.3,57.8,34.9
2026-05-04,Mon,May,44,16:45,17:00,9,2,2,2,1,1,1,27.5,22.5,13.8,4.47,3.25,1.84,66.9,60.6,35.3
2026-05-04,Mon,May,45,17:00,17:15,9,2,2,2,1,1,1,23.5,23.0,13.2,3.84,3.45,2.17,67.9,54.4,32.5
2026-05-04,Mon,May,46,17:15,17:30,8,2,2,1,1,1,1,25.6,21.9,11.3,3.8,3.39,1.99,68.8,53.6,32.5
2026-05-04,Mon,May,47,17:30,17:45,7,2,1,1,1,1,1,20.9,19.6,10.9,3.41,2.75,1.95,59.8,50.4,34.0
2026-05-04,Mon,May,48,17:45,18:00,6,1,1,1,1,1,1,19.3,19.0,12.0,2.8,2.43,1.61,62.9,50.3,32.1
2026-05-05,Tue,May,1,06:00,06:15,4,1,1,1,1,0,0,18.9,16.8,9.4,2.79,2.25,1.29,53.6,61.2,32.0
2026-05-05,Tue,May,2,06:15,06:30,6,1,1,1,1,1,1,19.2,18.6,10.9,3.18,2.16,1.66,55.9,59.3,31.3
2026-05-05,Tue,May,3,06:30,06:45,8,2,2,1,1,1,1,22.2,21.9,10.2,3.67,2.64,1.77,57.6,61.3,32.7
2026-05-05,Tue,May,4,06:45,07:00,9,2,2,2,1,1,1,21.7,24.6,13.0,3.74,3.23,1.89,61.6,67.2,34.0
2026-05-05,Tue,May,5,07:00,07:15,9,2,2,2,1,1,1,24.9,26.1,13.1,3.36,2.97,1.83,65.4,61.8,32.4
2026-05-05,Tue,May,6,07:15,07:30,10,2,2,2,2,1,1,24.7,26.7,12.3,3.09,3.58,2.08,62.7,64.5,35.6
2026-05-05,Tue,May,7,07:30,07:45,14,3,3,3,2,2,1,28.4,27.1,17.1,5.26,3.82,2.77,64.4,67.7,37.0
2026-05-05,Tue,May,8,07:45,08:00,13,3,3,2,2,2,1,24.8,29.3,17.3,4.15,3.64,2.33,68.8,65.2,37.0
2026-05-05,Tue,May,9,08:00,08:15,14,3,3,3,2,2,1,31.8,33.6,16.0,4.87,4.68,2.85,67.8,68.4,36.3
2026-05-05,Tue,May,10,08:15,08:30,14,3,3,3,2,2,1,31.3,30.5,14.6,4.05,3.59,2.74,71.2,66.6,33.4
2026-05-05,Tue,May,11,08:30,08:45,14,3,3,3,2,2,1,30.8,26.7,19.1,4.8,3.86,2.34,69.4,60.9,41.2
2026-05-05,Tue,May,12,08:45,09:00,12,3,2,2,2,2,1,23.4,26.1,13.3,4.15,3.94,2.02,67.3,63.9,37.1
2026-05-05,Tue,May,13,09:00,09:15,10,2,2,2,2,1,1,25.6,25.0,14.9,3.98,3.1,1.87,62.4,65.1,36.0
2026-05-05,Tue,May,14,09:15,09:30,8,2,2,1,1,1,1,22.9,22.3,13.1,3.17,2.8,1.91,64.2,65.5,29.3
2026-05-05,Tue,May,15,09:30,09:45,6,1,1,1,1,1,1,19.0,18.7,12.7,3.39,2.49,1.83,55.4,61.6,29.8
2026-05-05,Tue,May,16,09:45,10:00,6,1,1,1,1,1,1,18.4,21.1,10.1,2.81,2.5,1.6,62.0,63.2,30.9
2026-05-05,Tue,May,17,10:00,10:15,4,1,1,1,1,0,0,17.0,17.3,10.5,3.0,1.67,1.28,61.1,56.5,29.7
2026-05-05,Tue,May,18,10:15,10:30,6,1,1,1,1,1,1,17.5,17.7,11.6,2.9,2.47,1.62,60.5,59.1,30.1
2026-05-05,Tue,May,19,10:30,10:45,5,1,1,1,1,1,0,17.2,17.0,9.6,3.05,2.13,1.71,59.4,58.6,30.8
2026-05-05,Tue,May,20,10:45,11:00,6,1,1,1,1,1,1,17.8,18.8,11.7,2.78,2.76,1.65,61.9,61.9,31.2
2026-05-05,Tue,May,21,11:00,11:15,6,1,1,1,1,1,1,16.8,20.8,9.9,2.84,2.63,1.78,59.7,58.7,32.0
2026-05-05,Tue,May,22,11:15,11:30,5,1,1,1,1,1,0,19.2,17.8,9.8,2.85,2.45,1.57,69.2,56.3,31.1
2026-05-05,Tue,May,23,11:30,11:45,7,2,1,1,1,1,1,20.8,20.2,12.5,3.52,2.66,1.8,59.7,61.3,35.1
2026-05-05,Tue,May,24,11:45,12:00,7,2,1,1,1,1,1,21.6,20.9,11.4,3.29,2.92,1.84,58.3,66.1,35.0
2026-05-05,Tue,May,25,12:00,12:15,7,2,1,1,1,1,1,20.8,20.4,12.5,3.21,2.9,1.67,61.7,55.8,31.6
2026-05-05,Tue,May,26,12:15,12:30,7,2,1,1,1,1,1,21.1,22.7,10.3,3.34,2.75,1.67,59.9,57.2,32.9
2026-05-05,Tue,May,27,12:30,12:45,7,2,1,1,1,1,1,21.0,18.9,10.6,3.02,2.56,1.56,62.2,60.2,33.2
2026-05-05,Tue,May,28,12:45,13:00,6,1,1,1,1,1,1,19.1,20.6,10.6,2.98,2.33,1.47,59.2,57.8,32.2
2026-05-05,Tue,May,29,13:00,13:15,5,1,1,1,1,1,0,17.8,18.4,9.4,2.37,2.26,1.55,62.9,52.9,30.5
2026-05-05,Tue,May,30,13:15,13:30,8,2,2,1,1,1,1,23.8,23.4,12.3,3.63,2.65,1.79,56.7,66.7,34.5
2026-05-05,Tue,May,31,13:30,13:45,6,1,1,1,1,1,1,18.1,16.8,9.5,2.74,2.63,1.79,59.0,59.3,30.5
2026-05-05,Tue,May,32,13:45,14:00,6,1,1,1,1,1,1,19.3,17.8,9.7,3.12,2.63,1.67,64.1,59.7,30.4
2026-05-05,Tue,May,33,14:00,14:15,8,2,2,1,1,1,1,22.7,19.5,12.7,3.37,2.83,1.48,65.2,64.6,32.3
2026-05-05,Tue,May,34,14:15,14:30,7,2,1,1,1,1,1,22.4,21.4,10.9,3.29,3.06,1.77,59.7,55.4,33.0
2026-05-05,Tue,May,35,14:30,14:45,7,2,1,1,1,1,1,20.3,22.2,11.4,3.41,2.58,1.57,62.1,61.1,32.4
2026-05-05,Tue,May,36,14:45,15:00,9,2,2,2,1,1,1,22.4,23.9,9.8,4.1,3.0,2.09,64.6,68.3,34.3
2026-05-05,Tue,May,37,15:00,15:15,9,2,2,2,1,1,1,21.8,25.2,13.6,3.49,3.55,1.75,68.7,63.2,34.1
2026-05-05,Tue,May,38,15:15,15:30,11,2,2,2,2,2,1,25.9,23.9,14.3,3.9,3.41,2.15,69.5,60.3,34.1
2026-05-05,Tue,May,39,15:30,15:45,11,2,2,2,2,2,1,24.7,27.6,13.2,4.31,3.03,2.15,66.3,66.3,35.5
2026-05-05,Tue,May,40,15:45,16:00,12,3,2,2,2,2,1,26.8,24.8,13.7,3.94,3.75,2.56,67.2,63.5,33.6
2026-05-05,Tue,May,41,16:00,16:15,12,3,2,2,2,2,1,26.3,27.0,13.9,3.81,3.57,1.96,63.9,65.4,35.1
2026-05-05,Tue,May,42,16:15,16:30,13,3,3,2,2,2,1,31.3,25.4,15.7,4.47,4.05,2.32,72.1,69.2,34.1
2026-05-05,Tue,May,43,16:30,16:45,9,2,2,2,1,1,1,21.1,24.1,15.2,3.4,3.13,1.89,60.1,64.4,35.4
2026-05-05,Tue,May,44,16:45,17:00,11,2,2,2,2,2,1,25.1,27.8,13.6,4.32,3.61,1.93,64.6,66.7,37.5
2026-05-05,Tue,May,45,17:00,17:15,10,2,2,2,2,1,1,26.7,26.5,13.6,3.18,3.35,2.03,66.3,61.4,34.8
2026-05-05,Tue,May,46,17:15,17:30,7,2,1,1,1,1,1,19.4,20.7,11.8,2.96,2.76,1.66,58.0,59.7,32.3
2026-05-05,Tue,May,47,17:30,17:45,6,1,1,1,1,1,1,20.3,21.5,11.5,2.93,2.88,1.87,58.3,64.7,33.9
2026-05-05,Tue,May,48,17:45,18:00,6,1,1,1,1,1,1,20.9,18.8,11.6,3.54,2.82,1.39,62.4,59.5,33.8
2026-05-06,Wed,May,1,06:00,06:15,5,1,1,1,1,1,0,20.0,16.2,7.9,2.76,2.48,1.6,63.6,53.8,31.0
2026-05-06,Wed,May,2,06:15,06:30,6,1,1,1,1,1,1,19.2,15.1,8.3,2.83,2.7,1.8,58.2,55.9,31.9
2026-05-06,Wed,May,3,06:30,06:45,8,2,2,1,1,1,1,21.5,21.6,7.7,3.17,2.76,1.93,63.0,59.9,30.9
2026-05-06,Wed,May,4,06:45,07:00,7,2,1,1,1,1,1,22.0,17.9,7.5,2.49,2.68,1.64,63.5,58.9,33.4
2026-05-06,Wed,May,5,07:00,07:15,10,2,2,2,2,1,1,22.2,20.3,9.3,4.07,2.59,2.14,68.2,54.9,33.9
2026-05-06,Wed,May,6,07:15,07:30,12,3,2,2,2,2,1,26.2,24.2,10.2,3.87,3.07,2.24,71.0,60.8,36.3
2026-05-06,Wed,May,7,07:30,07:45,14,3,3,3,2,2,1,25.0,28.1,10.7,4.24,3.73,2.63,71.5,67.1,35.6
2026-05-06,Wed,May,8,07:45,08:00,17,4,3,3,3,2,2,33.0,25.4,11.8,4.52,3.93,3.02,73.0,67.2,37.3
2026-05-06,Wed,May,9,08:00,08:15,15,3,3,3,2,2,2,30.0,25.9,11.4,4.31,3.69,2.19,73.3,70.6,33.0
2026-05-06,Wed,May,10,08:15,08:30,17,4,3,3,3,2,2,29.0,24.8,12.1,4.13,3.83,2.73,71.2,67.1,37.4
2026-05-06,Wed,May,11,08:30,08:45,15,3,3,3,2,2,2,29.8,26.1,11.6,4.29,3.73,2.75,70.7,67.6,34.8
2026-05-06,Wed,May,12,08:45,09:00,13,3,3,2,2,2,1,27.9,20.9,10.6,4.23,2.98,2.15,71.3,63.3,36.6
2026-05-06,Wed,May,13,09:00,09:15,10,2,2,2,2,1,1,22.8,20.4,7.9,3.47,2.59,2.26,66.3,63.3,33.2
2026-05-06,Wed,May,14,09:15,09:30,8,2,2,1,1,1,1,23.0,19.3,8.3,2.6,3.28,1.95,60.5,60.1,32.6
2026-05-06,Wed,May,15,09:30,09:45,9,2,2,2,1,1,1,18.7,21.1,8.4,2.99,2.59,1.69,62.7,57.8,28.8
2026-05-06,Wed,May,16,09:45,10:00,7,2,1,1,1,1,1,18.2,19.1,8.5,2.93,2.75,1.59,62.0,56.2,31.1
2026-05-06,Wed,May,17,10:00,10:15,6,1,1,1,1,1,1,18.2,19.1,7.6,2.67,2.33,1.74,67.3,55.9,31.0
2026-05-06,Wed,May,18,10:15,10:30,7,2,1,1,1,1,1,20.8,19.7,8.5,3.32,2.42,1.67,66.5,61.2,30.4
2026-05-06,Wed,May,19,10:30,10:45,5,1,1,1,1,1,0,16.4,16.2,7.7,2.4,2.37,1.47,61.9,57.2,31.3
2026-05-06,Wed,May,20,10:45,11:00,7,2,1,1,1,1,1,20.8,20.7,8.4,3.14,2.38,1.84,62.7,55.7,32.2
2026-05-06,Wed,May,21,11:00,11:15,8,2,2,1,1,1,1,21.7,17.9,8.4,2.77,2.7,1.7,65.5,61.0,32.9
2026-05-06,Wed,May,22,11:15,11:30,7,2,1,1,1,1,1,17.6,17.3,9.3,3.08,2.56,1.71,66.0,62.0,30.3
2026-05-06,Wed,May,23,11:30,11:45,7,2,1,1,1,1,1,17.8,16.3,8.9,2.85,1.94,1.73,63.5,59.4,30.7
2026-05-06,Wed,May,24,11:45,12:00,9,2,2,2,1,1,1,21.6,19.0,8.6,3.35,2.81,1.75,61.9,61.1,30.7
2026-05-06,Wed,May,25,12:00,12:15,9,2,2,2,1,1,1,22.3,20.5,9.2,3.11,2.38,2.17,69.0,64.2,30.6
2026-05-06,Wed,May,26,12:15,12:30,9,2,2,2,1,1,1,21.7,20.4,9.4,2.99,2.95,1.5,61.0,68.7,33.5
2026-05-06,Wed,May,27,12:30,12:45,7,2,1,1,1,1,1,19.8,18.2,7.5,2.97,2.73,1.45,64.1,57.7,32.6
2026-05-06,Wed,May,28,12:45,13:00,9,2,2,2,1,1,1,23.1,19.8,8.7,2.75,1.98,1.81,69.2,65.2,30.5
2026-05-06,Wed,May,29,13:00,13:15,9,2,2,2,1,1,1,22.3,18.7,9.0,3.63,2.5,1.79,62.9,59.3,33.0
2026-05-06,Wed,May,30,13:15,13:30,9,2,2,2,1,1,1,19.2,18.2,8.7,3.02,2.91,2.14,61.6,58.6,31.4
2026-05-06,Wed,May,31,13:30,13:45,8,2,2,1,1,1,1,20.3,19.8,8.5,3.49,2.67,1.76,57.6,57.3,34.0
2026-05-06,Wed,May,32,13:45,14:00,9,2,2,2,1,1,1,22.3,21.8,9.3,3.13,2.55,1.69,59.0,59.6,32.9
2026-05-06,Wed,May,33,14:00,14:15,7,2,1,1,1,1,1,21.3,18.5,8.2,2.93,2.17,2.03,62.7,57.5,31.5
2026-05-06,Wed,May,34,14:15,14:30,9,2,2,2,1,1,1,20.8,21.2,9.2,3.3,2.93,1.8,65.8,62.2,31.5
2026-05-06,Wed,May,35,14:30,14:45,11,2,2,2,2,2,1,23.9,19.8,10.3,3.84,3.48,2.42,64.5,62.8,32.7
2026-05-06,Wed,May,36,14:45,15:00,11,2,2,2,2,2,1,23.9,20.8,10.4,3.67,3.47,2.13,65.7,54.6,37.2
2026-05-06,Wed,May,37,15:00,15:15,11,2,2,2,2,2,1,20.6,21.7,8.4,3.22,2.76,1.95,59.4,64.0,32.5
2026-05-06,Wed,May,38,15:15,15:30,13,3,3,2,2,2,1,27.5,24.7,11.0,3.95,2.83,2.2,73.1,66.5,35.2
2026-05-06,Wed,May,39,15:30,15:45,13,3,3,2,2,2,1,26.2,27.5,10.7,4.76,3.51,2.1,65.1,62.1,33.6
2026-05-06,Wed,May,40,15:45,16:00,14,3,3,3,2,2,1,25.1,22.7,11.2,3.74,3.68,2.43,69.4,60.0,35.7
2026-05-06,Wed,May,41,16:00,16:15,15,3,3,3,2,2,2,28.1,26.8,11.9,4.49,3.89,2.68,67.0,58.5,38.0
2026-05-06,Wed,May,42,16:15,16:30,14,3,3,3,2,2,1,26.3,23.1,10.9,4.1,3.46,2.13,72.4,64.7,34.5
2026-05-06,Wed,May,43,16:30,16:45,13,3,3,2,2,2,1,28.9,21.7,10.9,4.74,3.99,2.43,66.0,63.0,36.4
2026-05-06,Wed,May,44,16:45,17:00,12,3,2,2,2,2,1,26.7,27.0,7.7,3.62,3.37,1.91,67.7,60.3,34.8
2026-05-06,Wed,May,45,17:00,17:15,11,2,2,2,2,2,1,24.9,21.3,9.8,3.93,2.93,2.17,69.3,62.4,33.0
2026-05-06,Wed,May,46,17:15,17:30,8,2,2,1,1,1,1,21.2,18.3,9.5,3.28,2.65,1.56,64.6,62.1,31.6
2026-05-06,Wed,May,47,17:30,17:45,8,2,2,1,1,1,1,19.4,20.8,8.8,3.21,2.29,1.87,65.8,60.8,33.9
2026-05-06,Wed,May,48,17:45,18:00,6,1,1,1,1,1,1,19.9,17.3,7.7,2.74,2.24,1.49,60.6,53.5,31.1
2026-05-07,Thu,May,1,06:00,06:15,5,1,1,1,1,1,0,16.6,14.8,7.3,2.76,3.05,1.7,64.3,53.1,29.2
2026-05-07,Thu,May,2,06:15,06:30,6,1,1,1,1,1,1,17.7,14.3,7.5,2.8,3.43,1.55,53.9,53.7,30.5
2026-05-07,Thu,May,3,06:30,06:45,7,2,1,1,1,1,1,18.0,14.3,8.6,3.07,3.92,1.54,64.7,56.8,30.8
2026-05-07,Thu,May,4,06:45,07:00,8,2,2,1,1,1,1,22.9,17.4,9.0,3.32,3.92,1.73,65.8,60.8,31.4
2026-05-07,Thu,May,5,07:00,07:15,9,2,2,2,1,1,1,22.9,17.4,9.6,2.84,3.84,1.79,66.6,57.3,34.0
2026-05-07,Thu,May,6,07:15,07:30,11,2,2,2,2,2,1,25.4,21.4,9.8,3.72,5.04,1.74,67.9,56.9,35.7
2026-05-07,Thu,May,7,07:30,07:45,14,3,3,3,2,2,1,25.0,19.5,9.7,4.65,4.84,2.38,71.0,64.7,36.0
2026-05-07,Thu,May,8,07:45,08:00,17,4,3,3,3,2,2,28.9,25.2,11.8,3.91,4.67,2.9,75.0,73.2,39.6
2026-05-07,Thu,May,9,08:00,08:15,14,3,3,3,2,2,1,26.1,23.2,10.3,4.2,5.47,2.74,66.8,62.2,35.0
2026-05-07,Thu,May,10,08:15,08:30,15,3,3,3,2,2,2,27.2,25.6,10.8,4.6,5.36,2.06,74.6,63.2,35.3
2026-05-07,Thu,May,11,08:30,08:45,13,3,3,2,2,2,1,26.1,18.9,9.2,4.84,4.92,2.37,63.5,64.5,35.8
2026-05-07,Thu,May,12,08:45,09:00,12,3,2,2,2,2,1,23.9,19.6,10.4,3.79,4.99,2.11,67.6,62.9,38.2
2026-05-07,Thu,May,13,09:00,09:15,13,3,3,2,2,2,1,26.2,22.3,9.7,4.42,4.71,2.34,70.2,60.0,37.3
2026-05-07,Thu,May,14,09:15,09:30,7,2,1,1,1,1,1,18.3,15.4,8.0,3.12,3.49,1.34,61.2,59.9,31.5
2026-05-07,Thu,May,15,09:30,09:45,7,2,1,1,1,1,1,21.1,15.9,10.1,2.5,3.68,1.64,62.6,54.3,32.6
2026-05-07,Thu,May,16,09:45,10:00,7,2,1,1,1,1,1,17.7,15.5,8.5,2.57,2.66,1.49,61.9,56.6,32.0
2026-05-07,Thu,May,17,10:00,10:15,7,2,1,1,1,1,1,18.0,15.6,7.4,2.9,3.73,1.55,57.4,61.5,33.8
2026-05-07,Thu,May,18,10:15,10:30,5,1,1,1,1,1,0,16.4,12.4,6.9,2.08,3.12,1.56,56.4,49.1,28.9
2026-05-07,Thu,May,19,10:30,10:45,5,1,1,1,1,1,0,17.9,15.4,7.6,2.58,2.78,1.41,60.1,53.7,29.3
2026-05-07,Thu,May,20,10:45,11:00,6,1,1,1,1,1,1,17.4,16.2,7.1,2.65,3.2,1.67,61.6,59.9,30.6
2026-05-07,Thu,May,21,11:00,11:15,7,2,1,1,1,1,1,17.8,15.9,9.8,2.84,3.41,1.82,64.3,62.2,31.4
2026-05-07,Thu,May,22,11:15,11:30,8,2,2,1,1,1,1,17.3,16.1,9.0,2.92,3.45,1.76,58.5,57.1,33.9
2026-05-07,Thu,May,23,11:30,11:45,8,2,2,1,1,1,1,20.2,17.8,8.3,3.34,4.4,1.81,55.8,61.0,31.6
2026-05-07,Thu,May,24,11:45,12:00,8,2,2,1,1,1,1,17.1,16.3,10.0,2.93,4.07,1.76,63.1,59.5,28.2
2026-05-07,Thu,May,25,12:00,12:15,9,2,2,2,1,1,1,19.0,17.7,9.1,3.32,3.91,1.97,62.3,58.2,31.5
2026-05-07,Thu,May,26,12:15,12:30,8,2,2,1,1,1,1,20.0,17.2,8.2,3.08,3.52,2.12,59.5,56.3,33.6
2026-05-07,Thu,May,27,12:30,12:45,8,2,2,1,1,1,1,18.5,16.3,7.9,2.98,3.38,1.65,60.7,54.3,31.5
2026-05-07,Thu,May,28,12:45,13:00,10,2,2,2,2,1,1,24.7,20.1,9.9,3.8,3.88,2.28,63.1,60.6,33.9
2026-05-07,Thu,May,29,13:00,13:15,9,2,2,2,1,1,1,19.4,16.2,8.6,3.08,3.85,1.99,65.4,56.1,33.7
2026-05-07,Thu,May,30,13:15,13:30,9,2,2,2,1,1,1,20.4,18.9,9.2,3.46,3.96,1.86,59.6,59.5,32.6
2026-05-07,Thu,May,31,13:30,13:45,7,2,1,1,1,1,1,20.7,17.4,8.0,3.27,3.1,1.56,65.0,53.1,32.2
2026-05-07,Thu,May,32,13:45,14:00,8,2,2,1,1,1,1,20.3,15.9,8.3,3.46,3.26,1.7,62.4,58.0,32.2
2026-05-07,Thu,May,33,14:00,14:15,8,2,2,1,1,1,1,19.8,15.3,9.4,3.3,3.58,1.92,57.7,58.4,32.4
2026-05-07,Thu,May,34,14:15,14:30,7,2,1,1,1,1,1,16.7,16.9,8.8,3.03,3.32,1.55,64.2,57.2,31.5
2026-05-07,Thu,May,35,14:30,14:45,8,2,2,1,1,1,1,18.0,16.3,8.5,3.51,3.21,1.61,57.9,58.4,35.2
2026-05-07,Thu,May,36,14:45,15:00,9,2,2,2,1,1,1,21.7,16.4,9.3,3.27,4.3,1.93,67.6,61.5,30.1
2026-05-07,Thu,May,37,15:00,15:15,12,3,2,2,2,2,1,23.4,19.8,11.7,3.54,4.32,2.2,69.0,61.5,37.8
2026-05-07,Thu,May,38,15:15,15:30,14,3,3,3,2,2,1,25.4,22.8,12.4,5.17,4.42,2.21,64.8,64.4,33.0
2026-05-07,Thu,May,39,15:30,15:45,13,3,3,2,2,2,1,26.6,20.0,11.0,4.62,4.57,2.78,72.4,65.5,35.7
2026-05-07,Thu,May,40,15:45,16:00,14,3,3,3,2,2,1,26.7,22.1,11.4,3.92,5.27,2.86,66.6,67.5,35.4
2026-05-07,Thu,May,41,16:00,16:15,11,2,2,2,2,2,1,22.8,20.9,11.0,3.8,4.51,1.96,69.6,56.3,33.4
2026-05-07,Thu,May,42,16:15,16:30,14,3,3,3,2,2,1,27.3,22.8,11.4,4.41,5.06,2.7,68.7,59.3,33.3
2026-05-07,Thu,May,43,16:30,16:45,12,3,2,2,2,2,1,25.3,21.4,10.8,3.65,4.13,1.99,63.0,59.4,36.3
2026-05-07,Thu,May,44,16:45,17:00,11,2,2,2,2,2,1,21.8,16.0,9.6,4.02,3.78,1.87,70.7,59.1,34.4
2026-05-07,Thu,May,45,17:00,17:15,10,2,2,2,2,1,1,20.4,21.4,9.4,3.47,3.65,2.02,68.3,58.2,32.5
2026-05-07,Thu,May,46,17:15,17:30,8,2,2,1,1,1,1,20.6,16.6,9.3,2.95,3.53,1.79,58.5,57.8,32.7
2026-05-07,Thu,May,47,17:30,17:45,8,2,2,1,1,1,1,17.9,15.4,9.0,3.53,3.75,1.56,65.9,57.2,34.3
2026-05-07,Thu,May,48,17:45,18:00,5,1,1,1,1,1,0,14.1,13.7,7.8,2.66,3.19,1.32,63.9,50.5,32.1
2026-05-08,Fri,May,1,06:00,06:15,5,1,1,1,1,1,0,20.0,19.9,5.9,2.72,2.72,1.14,60.4,52.0,39.8
2026-05-08,Fri,May,2,06:15,06:30,6,1,1,1,1,1,1,19.2,20.6,7.4,3.72,2.87,0.93,56.6,59.9,34.9
2026-05-08,Fri,May,3,06:30,06:45,6,1,1,1,1,1,1,20.5,24.9,7.1,3.39,2.59,1.29,61.2,58.3,36.2
2026-05-08,Fri,May,4,06:45,07:00,8,2,2,1,1,1,1,20.4,21.4,9.0,3.91,2.89,1.14,64.5,60.3,40.2
2026-05-08,Fri,May,5,07:00,07:15,10,2,2,2,2,1,1,22.6,23.7,9.6,4.36,2.71,1.42,61.2,63.1,37.1
2026-05-08,Fri,May,6,07:15,07:30,13,3,3,2,2,2,1,31.4,26.4,11.6,4.8,3.29,1.5,70.9,63.4,39.7
2026-05-08,Fri,May,7,07:30,07:45,12,3,2,2,2,2,1,24.4,31.0,9.5,4.71,3.62,1.56,64.3,59.4,37.3
2026-05-08,Fri,May,8,07:45,08:00,15,3,3,3,2,2,2,30.4,32.8,10.2,5.6,3.43,1.86,67.3,63.5,39.9
2026-05-08,Fri,May,9,08:00,08:15,15,3,3,3,2,2,2,30.9,32.0,12.2,5.03,4.01,1.7,69.9,61.7,41.3
2026-05-08,Fri,May,10,08:15,08:30,14,3,3,3,2,2,1,27.9,34.0,11.5,4.52,3.24,1.73,68.0,59.1,46.0
2026-05-08,Fri,May,11,08:30,08:45,13,3,3,2,2,2,1,27.9,34.0,11.0,4.02,3.55,1.86,67.2,66.9,42.7
2026-05-08,Fri,May,12,08:45,09:00,12,3,2,2,2,2,1,26.5,29.8,9.7,4.2,3.91,2.0,66.8,60.8,37.0
2026-05-08,Fri,May,13,09:00,09:15,9,2,2,2,1,1,1,21.3,24.6,9.3,3.84,2.72,1.39,65.6,64.1,40.6
2026-05-08,Fri,May,14,09:15,09:30,9,2,2,2,1,1,1,22.9,23.1,8.3,4.19,2.74,1.3,64.0,59.1,35.1
2026-05-08,Fri,May,15,09:30,09:45,9,2,2,2,1,1,1,23.1,25.2,9.2,3.99,3.18,1.5,61.4,57.2,39.3
2026-05-08,Fri,May,16,09:45,10:00,6,1,1,1,1,1,1,18.0,21.0,8.2,3.3,2.59,1.04,56.5,55.0,33.2
2026-05-08,Fri,May,17,10:00,10:15,5,1,1,1,1,1,0,17.7,19.0,6.9,2.82,2.0,0.97,57.4,54.0,32.6
2026-05-08,Fri,May,18,10:15,10:30,6,1,1,1,1,1,1,19.0,23.5,7.3,3.46,2.25,0.98,57.2,58.6,38.0
2026-05-08,Fri,May,19,10:30,10:45,6,1,1,1,1,1,1,20.5,20.6,7.4,2.99,2.44,1.06,56.3,57.7,36.1
2026-05-08,Fri,May,20,10:45,11:00,6,1,1,1,1,1,1,19.9,20.4,7.2,3.5,2.23,1.27,55.1,54.8,32.8
2026-05-08,Fri,May,21,11:00,11:15,6,1,1,1,1,1,1,19.0,19.8,7.9,3.45,2.27,1.33,54.5,56.6,36.8
2026-05-08,Fri,May,22,11:15,11:30,6,1,1,1,1,1,1,20.2,22.6,7.4,2.83,2.3,1.05,62.2,58.5,38.9
2026-05-08,Fri,May,23,11:30,11:45,7,2,1,1,1,1,1,17.3,20.6,7.5,3.46,2.46,0.95,52.1,65.0,36.7
2026-05-08,Fri,May,24,11:45,12:00,9,2,2,2,1,1,1,24.0,25.5,9.3,3.85,2.64,1.28,58.3,64.1,37.2
2026-05-08,Fri,May,25,12:00,12:15,8,2,2,1,1,1,1,18.7,21.6,8.0,3.57,2.99,1.24,62.9,55.7,38.9
2026-05-08,Fri,May,26,12:15,12:30,7,2,1,1,1,1,1,19.7,23.2,7.7,3.3,2.63,1.18,60.2,54.1,37.3
2026-05-08,Fri,May,27,12:30,12:45,8,2,2,1,1,1,1,21.4,23.2,9.4,3.39,2.88,1.22,62.8,56.4,34.4
2026-05-08,Fri,May,28,12:45,13:00,8,2,2,1,1,1,1,20.7,25.2,8.5,3.29,2.9,1.34,60.3,55.0,38.0
2026-05-08,Fri,May,29,13:00,13:15,7,2,1,1,1,1,1,22.3,21.3,8.1,3.78,2.74,1.29,58.5,56.8,34.8
2026-05-08,Fri,May,30,13:15,13:30,6,1,1,1,1,1,1,18.7,21.9,7.1,3.86,2.4,1.32,61.0,56.7,34.0
2026-05-08,Fri,May,31,13:30,13:45,7,2,1,1,1,1,1,19.4,22.3,7.8,3.14,2.36,1.23,58.7,62.5,38.3
2026-05-08,Fri,May,32,13:45,14:00,7,2,1,1,1,1,1,18.9,20.1,7.3,2.89,2.67,1.03,63.3,50.9,37.0
2026-05-08,Fri,May,33,14:00,14:15,7,2,1,1,1,1,1,19.3,20.5,8.3,2.95,2.56,1.27,65.8,60.0,34.8
2026-05-08,Fri,May,34,14:15,14:30,8,2,2,1,1,1,1,21.1,24.9,8.1,3.85,2.74,1.36,67.5,61.7,37.6
2026-05-08,Fri,May,35,14:30,14:45,9,2,2,2,1,1,1,21.5,24.1,8.4,3.84,2.97,1.4,60.9,65.2,37.7
2026-05-08,Fri,May,36,14:45,15:00,9,2,2,2,1,1,1,24.1,24.2,8.9,3.61,2.62,1.21,58.2,57.7,37.4
2026-05-08,Fri,May,37,15:00,15:15,12,3,2,2,2,2,1,26.3,28.1,9.9,4.38,3.51,1.55,63.2,66.4,39.3
2026-05-08,Fri,May,38,15:15,15:30,10,2,2,2,2,1,1,25.5,23.9,8.6,3.58,3.1,1.31,66.2,65.6,37.7
2026-05-08,Fri,May,39,15:30,15:45,12,3,2,2,2,2,1,25.8,29.0,9.6,4.22,3.76,1.75,64.2,66.8,41.1
2026-05-08,Fri,May,40,15:45,16:00,13,3,3,2,2,2,1,28.0,30.8,10.7,4.88,3.58,1.61,66.5,60.6,39.6
2026-05-08,Fri,May,41,16:00,16:15,13,3,3,2,2,2,1,25.3,27.4,10.6,5.02,4.37,1.72,63.8,63.9,42.3
2026-05-08,Fri,May,42,16:15,16:30,14,3,3,3,2,2,1,28.8,35.4,10.3,4.82,3.76,1.67,67.1,64.3,37.3
2026-05-08,Fri,May,43,16:30,16:45,10,2,2,2,2,1,1,24.2,28.2,9.5,5.18,3.27,1.41,62.8,62.7,39.0
2026-05-08,Fri,May,44,16:45,17:00,12,3,2,2,2,2,1,26.3,25.9,9.6,3.75,3.73,1.61,63.8,62.5,38.7
2026-05-08,Fri,May,45,17:00,17:15,8,2,2,1,1,1,1,22.1,25.7,8.0,3.29,3.08,1.32,60.9,52.1,37.0
2026-05-08,Fri,May,46,17:15,17:30,8,2,2,1,1,1,1,22.0,25.1,7.8,2.99,2.85,1.26,57.8,59.0,35.0
2026-05-08,Fri,May,47,17:30,17:45,6,1,1,1,1,1,1,16.2,21.4,6.7,2.59,2.77,1.0,56.3,52.3,35.9
2026-05-08,Fri,May,48,17:45,18:00,6,1,1,1,1,1,1,18.8,20.6,7.8,3.08,2.24,1.22,54.6,53.9,37.1
2026-05-11,Mon,May,1,06:00,06:15,5,1,1,1,1,1,0,19.0,17.2,10.4,2.58,3.39,1.48,58.8,66.7,34.5
2026-05-11,Mon,May,2,06:15,06:30,5,1,1,1,1,1,0,19.5,16.5,10.4,2.89,3.43,1.42,58.8,62.4,34.7
2026-05-11,Mon,May,3,06:30,06:45,6,1,1,1,1,1,1,22.8,18.8,11.3,2.87,2.97,1.49,57.7,61.3,34.8
2026-05-11,Mon,May,4,06:45,07:00,9,2,2,2,1,1,1,26.7,20.0,13.3,3.44,3.84,2.17,68.5,64.8,35.1
2026-05-11,Mon,May,5,07:00,07:15,11,2,2,2,2,2,1,28.2,23.9,15.1,4.05,5.0,2.26,65.4,67.5,33.1
2026-05-11,Mon,May,6,07:15,07:30,11,2,2,2,2,2,1,27.8,24.1,14.9,3.81,4.1,2.11,69.1,63.9,33.8
2026-05-11,Mon,May,7,07:30,07:45,13,3,3,2,2,2,1,33.4,24.8,14.5,4.87,5.05,2.33,69.6,71.1,35.9
2026-05-11,Mon,May,8,07:45,08:00,14,3,3,3,2,2,1,34.0,27.6,16.4,4.12,5.34,2.0,68.4,69.9,39.6
2026-05-11,Mon,May,9,08:00,08:15,14,3,3,3,2,2,1,33.3,30.1,16.8,3.8,5.68,2.4,75.2,77.8,39.4
2026-05-11,Mon,May,10,08:15,08:30,14,3,3,3,2,2,1,33.1,26.9,14.8,5.05,5.05,2.5,66.9,71.3,35.4
2026-05-11,Mon,May,11,08:30,08:45,14,3,3,3,2,2,1,33.9,25.6,18.1,3.65,5.5,2.55,74.3,69.3,39.7
2026-05-11,Mon,May,12,08:45,09:00,12,3,2,2,2,2,1,29.9,24.8,15.7,4.51,4.65,2.4,65.3,72.6,39.1
2026-05-11,Mon,May,13,09:00,09:15,9,2,2,2,1,1,1,22.1,22.1,13.2,3.89,4.73,1.74,68.5,67.6,34.5
2026-05-11,Mon,May,14,09:15,09:30,8,2,2,1,1,1,1,25.3,19.1,10.9,3.22,3.97,1.91,57.1,67.3,35.1
2026-05-11,Mon,May,15,09:30,09:45,7,2,1,1,1,1,1,21.4,20.8,11.8,2.67,3.81,1.83,60.7,58.3,33.2
2026-05-11,Mon,May,16,09:45,10:00,5,1,1,1,1,1,0,22.2,17.2,9.7,2.47,3.29,1.51,57.4,65.8,29.7
2026-05-11,Mon,May,17,10:00,10:15,5,1,1,1,1,1,0,21.0,14.3,10.8,2.66,3.05,1.66,57.4,56.8,32.5
2026-05-11,Mon,May,18,10:15,10:30,5,1,1,1,1,1,0,21.4,17.9,10.3,2.79,3.52,1.33,57.9,60.5,28.8
2026-05-11,Mon,May,19,10:30,10:45,5,1,1,1,1,1,0,22.0,16.5,11.6,2.59,3.21,1.53,58.4,62.6,33.3
2026-05-11,Mon,May,20,10:45,11:00,6,1,1,1,1,1,1,20.4,19.6,11.4,2.38,3.44,1.45,58.9,59.7,37.1
2026-05-11,Mon,May,21,11:00,11:15,6,1,1,1,1,1,1,24.1,17.7,10.2,2.75,3.67,1.4,59.8,66.3,32.8
2026-05-11,Mon,May,22,11:15,11:30,6,1,1,1,1,1,1,22.8,17.6,10.5,2.53,3.32,1.57,54.8,62.0,33.3
2026-05-11,Mon,May,23,11:30,11:45,6,1,1,1,1,1,1,20.8,20.7,10.8,3.08,3.53,1.39,64.2,66.4,34.5
2026-05-11,Mon,May,24,11:45,12:00,6,1,1,1,1,1,1,22.1,20.1,11.6,2.74,3.44,1.53,60.1,64.5,35.8
2026-05-11,Mon,May,25,12:00,12:15,7,2,1,1,1,1,1,25.0,20.5,12.8,3.22,3.63,2.09,62.5,65.8,35.4
2026-05-11,Mon,May,26,12:15,12:30,8,2,2,1,1,1,1,25.8,19.9,12.5,3.4,4.27,1.75,60.1,68.1,34.7
2026-05-11,Mon,May,27,12:30,12:45,8,2,2,1,1,1,1,23.6,20.4,11.6,3.23,4.18,1.84,59.2,66.5,32.9
2026-05-11,Mon,May,28,12:45,13:00,6,1,1,1,1,1,1,23.9,17.5,10.8,2.44,2.98,1.58,62.7,58.8,32.9
2026-05-11,Mon,May,29,13:00,13:15,7,2,1,1,1,1,1,23.3,17.9,12.5,2.71,3.81,1.56,64.3,63.4,33.4
2026-05-11,Mon,May,30,13:15,13:30,8,2,2,1,1,1,1,19.4,22.9,12.1,3.29,4.01,2.09,60.7,65.4,35.9
2026-05-11,Mon,May,31,13:30,13:45,6,1,1,1,1,1,1,21.4,18.3,9.2,2.82,3.47,1.63,58.4,60.7,30.8
2026-05-11,Mon,May,32,13:45,14:00,7,2,1,1,1,1,1,23.9,18.5,13.2,3.01,3.93,1.76,64.2,71.2,34.0
2026-05-11,Mon,May,33,14:00,14:15,6,1,1,1,1,1,1,20.1,17.0,10.9,2.94,2.76,1.66,60.8,60.1,33.2
2026-05-11,Mon,May,34,14:15,14:30,6,1,1,1,1,1,1,20.9,19.3,11.8,3.22,3.45,1.69,64.5,63.4,32.7
2026-05-11,Mon,May,35,14:30,14:45,6,1,1,1,1,1,1,23.0,17.5,11.7,2.79,3.43,1.55,56.1,70.3,30.6
2026-05-11,Mon,May,36,14:45,15:00,9,2,2,2,1,1,1,26.4,18.2,11.6,3.09,3.84,1.69,63.8,68.6,32.2
2026-05-11,Mon,May,37,15:00,15:15,8,2,2,1,1,1,1,25.6,18.1,11.1,3.38,4.05,1.72,60.2,64.9,37.3
2026-05-11,Mon,May,38,15:15,15:30,11,2,2,2,2,2,1,28.4,25.1,14.1,4.33,5.02,2.46,59.8,64.4,32.6
2026-05-11,Mon,May,39,15:30,15:45,12,3,2,2,2,2,1,32.2,24.9,16.8,3.77,3.86,2.19,72.7,70.9,33.8
2026-05-11,Mon,May,40,15:45,16:00,12,3,2,2,2,2,1,29.8,21.3,18.4,3.81,4.5,2.37,68.4,67.5,35.8
2026-05-11,Mon,May,41,16:00,16:15,12,3,2,2,2,2,1,28.0,24.2,15.3,4.1,4.91,2.47,64.2,71.8,40.4
2026-05-11,Mon,May,42,16:15,16:30,11,2,2,2,2,2,1,31.8,22.9,15.5,3.59,4.76,2.3,68.3,74.7,35.1
2026-05-11,Mon,May,43,16:30,16:45,11,2,2,2,2,2,1,28.1,22.3,14.9,3.5,4.36,1.8,61.7,69.3,35.9
2026-05-11,Mon,May,44,16:45,17:00,11,2,2,2,2,2,1,27.1,24.2,14.3,3.61,4.28,2.25,65.2,70.0,33.0
2026-05-11,Mon,May,45,17:00,17:15,11,2,2,2,2,2,1,28.4,23.8,14.1,3.98,4.12,2.12,68.4,68.3,35.7
2026-05-11,Mon,May,46,17:15,17:30,8,2,2,1,1,1,1,22.5,22.1,12.6,2.88,4.4,1.43,67.0,68.3,35.7
2026-05-11,Mon,May,47,17:30,17:45,6,1,1,1,1,1,1,22.0,19.9,10.3,3.11,3.63,1.53,64.0,62.5,32.1
2026-05-11,Mon,May,48,17:45,18:00,6,1,1,1,1,1,1,21.6,17.7,11.7,2.77,3.85,1.81,53.7,61.3,34.3
2026-05-12,Tue,May,1,06:00,06:15,5,1,1,1,1,1,0,17.5,15.5,7.6,3.21,2.65,1.24,61.9,55.3,34.5
2026-05-12,Tue,May,2,06:15,06:30,5,1,1,1,1,1,0,18.4,14.4,7.9,3.26,2.43,1.17,61.1,54.1,33.4
2026-05-12,Tue,May,3,06:30,06:45,7,2,1,1,1,1,1,20.5,18.0,9.3,3.51,3.24,1.4,59.5,56.3,34.9
2026-05-12,Tue,May,4,06:45,07:00,7,2,1,1,1,1,1,19.2,18.4,7.6,3.44,2.5,1.24,62.8,54.9,34.2
2026-05-12,Tue,May,5,07:00,07:15,8,2,2,1,1,1,1,24.1,16.4,9.2,3.64,2.88,1.29,61.2,58.2,36.3
2026-05-12,Tue,May,6,07:15,07:30,12,3,2,2,2,2,1,28.0,22.8,11.9,4.81,4.01,1.72,71.9,60.9,37.4
2026-05-12,Tue,May,7,07:30,07:45,14,3,3,3,2,2,1,28.6,26.4,12.6,5.49,4.51,2.33,71.6,58.2,37.2
2026-05-12,Tue,May,8,07:45,08:00,14,3,3,3,2,2,1,31.8,26.0,13.7,5.24,4.66,1.76,76.3,64.7,40.5
2026-05-12,Tue,May,9,08:00,08:15,12,3,2,2,2,2,1,25.8,22.0,10.8,5.1,4.44,1.81,69.8,56.8,39.9
2026-05-12,Tue,May,10,08:15,08:30,11,2,2,2,2,2,1,28.5,20.2,9.6,3.78,3.57,1.68,69.6,61.7,34.0
2026-05-12,Tue,May,11,08:30,08:45,12,3,2,2,2,2,1,23.7,22.7,12.0,4.47,4.12,1.98,74.0,70.1,40.5
2026-05-12,Tue,May,12,08:45,09:00,10,2,2,2,2,1,1,26.0,21.6,9.2,3.71,3.41,1.71,70.0,63.7,33.1
2026-05-12,Tue,May,13,09:00,09:15,8,2,2,1,1,1,1,20.4,18.3,9.0,4.01,3.51,1.49,70.3,58.8,35.2
2026-05-12,Tue,May,14,09:15,09:30,8,2,2,1,1,1,1,21.5,18.7,9.3,3.34,3.27,1.26,63.5,57.2,32.7
2026-05-12,Tue,May,15,09:30,09:45,6,1,1,1,1,1,1,19.1,18.5,7.0,3.28,2.6,1.22,65.6,54.5,32.3
2026-05-12,Tue,May,16,09:45,10:00,6,1,1,1,1,1,1,21.3,18.8,7.2,3.22,3.24,1.28,55.7,58.7,33.5
2026-05-12,Tue,May,17,10:00,10:15,5,1,1,1,1,1,0,17.9,15.6,8.3,3.29,2.52,1.13,64.2,54.7,30.9
2026-05-12,Tue,May,18,10:15,10:30,6,1,1,1,1,1,1,19.7,17.8,8.6,3.61,2.81,1.41,62.4,50.9,32.4
2026-05-12,Tue,May,19,10:30,10:45,5,1,1,1,1,1,0,17.8,15.7,8.3,2.67,2.36,1.15,63.1,56.7,31.3
2026-05-12,Tue,May,20,10:45,11:00,6,1,1,1,1,1,1,17.7,18.4,7.1,2.92,2.87,1.26,66.1,52.7,35.1
2026-05-12,Tue,May,21,11:00,11:15,6,1,1,1,1,1,1,18.2,16.5,8.7,2.99,2.81,1.36,61.9,56.2,35.9
2026-05-12,Tue,May,22,11:15,11:30,6,1,1,1,1,1,1,18.0,15.8,9.7,3.22,2.78,1.21,65.2,54.2,34.4
2026-05-12,Tue,May,23,11:30,11:45,7,2,1,1,1,1,1,20.8,18.1,8.8,3.83,2.64,1.32,59.7,59.2,33.4
2026-05-12,Tue,May,24,11:45,12:00,6,1,1,1,1,1,1,19.1,16.7,7.4,3.64,2.64,1.21,67.2,56.9,34.5
2026-05-12,Tue,May,25,12:00,12:15,7,2,1,1,1,1,1,21.2,19.2,9.1,3.92,3.0,1.42,56.8,57.7,33.3
2026-05-12,Tue,May,26,12:15,12:30,8,2,2,1,1,1,1,22.9,21.0,9.6,4.1,2.85,1.5,62.0,56.1,35.5
2026-05-12,Tue,May,27,12:30,12:45,6,1,1,1,1,1,1,17.9,18.1,8.8,3.15,2.93,1.39,67.9,54.8,36.1
2026-05-12,Tue,May,28,12:45,13:00,7,2,1,1,1,1,1,20.2,20.2,10.0,3.32,3.01,1.31,62.2,53.2,33.2
2026-05-12,Tue,May,29,13:00,13:15,7,2,1,1,1,1,1,22.0,17.1,9.6,3.23,3.13,1.45,64.4,59.1,35.6
2026-05-12,Tue,May,30,13:15,13:30,5,1,1,1,1,1,0,19.4,16.0,7.5,3.07,2.02,1.21,64.6,52.9,34.2
2026-05-12,Tue,May,31,13:30,13:45,7,2,1,1,1,1,1,19.0,17.0,8.1,3.19,2.58,1.24,63.2,50.4,34.9
2026-05-12,Tue,May,32,13:45,14:00,5,1,1,1,1,1,0,18.0,13.4,7.1,2.68,2.49,1.29,61.7,51.2,32.2
2026-05-12,Tue,May,33,14:00,14:15,7,2,1,1,1,1,1,21.9,19.1,7.2,2.94,2.91,1.27,57.8,55.1,36.1
2026-05-12,Tue,May,34,14:15,14:30,7,2,1,1,1,1,1,23.4,18.7,8.2,3.4,2.86,1.23,68.0,56.2,35.9
2026-05-12,Tue,May,35,14:30,14:45,8,2,2,1,1,1,1,21.2,20.0,9.7,3.78,2.64,1.45,62.3,55.3,35.1
2026-05-12,Tue,May,36,14:45,15:00,8,2,2,1,1,1,1,24.5,20.8,9.6,3.71,3.11,1.53,65.9,57.1,33.3
2026-05-12,Tue,May,37,15:00,15:15,10,2,2,2,2,1,1,22.4,25.7,10.9,4.89,3.8,1.61,64.3,60.3,32.5
2026-05-12,Tue,May,38,15:15,15:30,10,2,2,2,2,1,1,27.6,19.1,11.0,4.11,3.93,1.57,68.9,55.1,33.9
2026-05-12,Tue,May,39,15:30,15:45,10,2,2,2,2,1,1,28.1,20.4,10.1,3.87,3.58,1.34,63.1,60.7,36.5
2026-05-12,Tue,May,40,15:45,16:00,12,3,2,2,2,2,1,28.8,22.9,10.8,4.72,4.0,1.87,71.4,66.3,36.3
2026-05-12,Tue,May,41,16:00,16:15,14,3,3,3,2,2,1,27.2,23.7,11.9,4.45,4.61,2.36,68.5,61.3,34.9
2026-05-12,Tue,May,42,16:15,16:30,13,3,3,2,2,2,1,29.3,27.9,11.1,5.18,4.95,1.64,74.4,65.0,38.1
2026-05-12,Tue,May,43,16:30,16:45,11,2,2,2,2,2,1,26.6,22.0,11.8,4.97,3.87,1.7,70.5,61.3,37.6
2026-05-12,Tue,May,44,16:45,17:00,8,2,2,1,1,1,1,23.3,18.0,8.9,3.43,2.91,1.44,63.3,61.4,36.4
2026-05-12,Tue,May,45,17:00,17:15,9,2,2,2,1,1,1,23.4,21.9,10.7,4.1,3.92,1.5,69.7,52.0,36.0
2026-05-12,Tue,May,46,17:15,17:30,7,2,1,1,1,1,1,21.7,19.0,7.9,3.25,2.89,1.25,63.7,55.3,31.2
2026-05-12,Tue,May,47,17:30,17:45,6,1,1,1,1,1,1,19.0,16.3,8.2,3.51,2.6,1.33,58.2,53.2,31.2
2026-05-12,Tue,May,48,17:45,18:00,5,1,1,1,1,1,0,18.1,15.3,7.8,2.87,2.55,1.06,62.4,54.1,33.1
2026-05-13,Wed,May,1,06:00,06:15,5,1,1,1,1,1,0,19.7,14.5,9.1,2.86,2.96,1.55,61.2,61.5,24.9
2026-05-13,Wed,May,2,06:15,06:30,6,1,1,1,1,1,1,20.1,13.8,8.6,3.58,3.01,1.44,58.4,55.9,25.2
2026-05-13,Wed,May,3,06:30,06:45,6,1,1,1,1,1,1,21.9,15.0,10.6,2.96,3.15,1.76,57.8,55.7,27.2
2026-05-13,Wed,May,4,06:45,07:00,8,2,2,1,1,1,1,24.9,15.2,12.3,3.98,3.24,1.77,64.1,58.1,26.7
2026-05-13,Wed,May,5,07:00,07:15,11,2,2,2,2,2,1,26.3,17.1,11.7,4.4,3.74,2.45,63.3,62.7,27.3
2026-05-13,Wed,May,6,07:15,07:30,12,3,2,2,2,2,1,28.3,18.1,13.0,4.25,4.13,2.29,68.8,65.5,29.4
2026-05-13,Wed,May,7,07:30,07:45,13,3,3,2,2,2,1,30.2,22.4,14.4,4.86,4.4,2.59,67.0,61.0,29.7
2026-05-13,Wed,May,8,07:45,08:00,17,4,3,3,3,2,2,31.1,22.4,15.2,5.37,5.36,2.74,72.0,68.9,31.8
2026-05-13,Wed,May,9,08:00,08:15,14,3,3,3,2,2,1,31.6,21.1,17.4,4.62,4.89,2.27,74.7,59.6,30.2
2026-05-13,Wed,May,10,08:15,08:30,17,4,3,3,3,2,2,32.9,23.0,13.9,5.6,5.51,2.86,68.9,67.0,31.3
2026-05-13,Wed,May,11,08:30,08:45,11,2,2,2,2,2,1,24.4,19.1,13.7,4.04,4.33,1.92,68.8,58.5,27.7
2026-05-13,Wed,May,12,08:45,09:00,13,3,3,2,2,2,1,28.5,20.8,13.7,5.07,5.08,2.4,63.1,62.8,30.8
2026-05-13,Wed,May,13,09:00,09:15,12,3,2,2,2,2,1,27.4,18.7,13.2,4.9,4.63,1.86,70.4,65.7,30.6
2026-05-13,Wed,May,14,09:15,09:30,8,2,2,1,1,1,1,23.5,15.8,9.9,3.54,3.19,1.71,55.8,53.6,29.1
2026-05-13,Wed,May,15,09:30,09:45,8,2,2,1,1,1,1,25.9,16.0,11.1,3.6,3.56,1.72,64.5,60.8,28.7
2026-05-13,Wed,May,16,09:45,10:00,5,1,1,1,1,1,0,17.9,14.2,8.8,2.72,2.89,1.56,56.4,60.8,25.9
2026-05-13,Wed,May,17,10:00,10:15,6,1,1,1,1,1,1,19.7,13.2,11.0,3.38,2.19,1.52,57.4,55.6,28.8
2026-05-13,Wed,May,18,10:15,10:30,5,1,1,1,1,1,0,21.3,14.6,9.0,3.14,2.68,1.22,63.1,58.2,24.1
2026-05-13,Wed,May,19,10:30,10:45,6,1,1,1,1,1,1,20.4,14.0,9.0,3.13,3.39,1.63,58.4,57.7,30.1
2026-05-13,Wed,May,20,10:45,11:00,6,1,1,1,1,1,1,21.2,12.5,10.2,3.48,2.71,1.3,61.2,55.6,26.3
2026-05-13,Wed,May,21,11:00,11:15,6,1,1,1,1,1,1,19.4,14.7,10.2,3.37,3.03,1.4,58.2,55.1,25.6
2026-05-13,Wed,May,22,11:15,11:30,7,2,1,1,1,1,1,20.2,15.5,10.9,3.6,2.89,1.49,66.0,60.7,30.2
2026-05-13,Wed,May,23,11:30,11:45,6,1,1,1,1,1,1,21.1,14.0,10.3,2.95,2.83,1.61,60.4,61.6,27.8
2026-05-13,Wed,May,24,11:45,12:00,8,2,2,1,1,1,1,24.0,15.2,11.1,3.35,4.12,1.9,62.9,58.4,29.0
2026-05-13,Wed,May,25,12:00,12:15,8,2,2,1,1,1,1,23.7,14.8,10.9,3.95,3.14,1.53,62.6,61.3,29.8
2026-05-13,Wed,May,26,12:15,12:30,8,2,2,1,1,1,1,21.7,14.2,10.7,3.37,3.65,1.52,64.7,53.5,27.7
2026-05-13,Wed,May,27,12:30,12:45,7,2,1,1,1,1,1,25.8,14.8,10.5,3.3,3.39,1.61,64.9,62.7,29.2
2026-05-13,Wed,May,28,12:45,13:00,8,2,2,1,1,1,1,22.4,17.9,10.1,3.92,3.55,1.65,59.3,61.0,24.8
2026-05-13,Wed,May,29,13:00,13:15,8,2,2,1,1,1,1,20.5,16.1,10.8,3.58,2.9,1.67,64.7,55.3,29.0
2026-05-13,Wed,May,30,13:15,13:30,8,2,2,1,1,1,1,23.4,14.2,11.0,3.94,3.31,1.83,61.5,56.7,29.0
2026-05-13,Wed,May,31,13:30,13:45,7,2,1,1,1,1,1,25.1,14.0,9.7,3.35,3.24,1.93,61.4,56.9,27.3
2026-05-13,Wed,May,32,13:45,14:00,8,2,2,1,1,1,1,19.5,16.3,10.7,3.66,3.33,1.66,59.6,57.8,27.0
2026-05-13,Wed,May,33,14:00,14:15,7,2,1,1,1,1,1,18.8,15.3,10.4,3.26,3.26,1.67,63.7,56.2,26.3
2026-05-13,Wed,May,34,14:15,14:30,7,2,1,1,1,1,1,20.9,15.7,10.1,3.42,2.73,1.58,64.5,55.2,29.2
2026-05-13,Wed,May,35,14:30,14:45,8,2,2,1,1,1,1,21.6,16.5,11.3,3.57,3.51,1.45,62.8,55.7,31.0
2026-05-13,Wed,May,36,14:45,15:00,8,2,2,1,1,1,1,22.1,15.3,10.1,3.62,3.73,1.63,61.2,58.9,28.7
2026-05-13,Wed,May,37,15:00,15:15,12,3,2,2,2,2,1,32.4,18.3,14.5,4.79,3.85,2.12,63.6,61.7,33.1
2026-05-13,Wed,May,38,15:15,15:30,12,3,2,2,2,2,1,29.5,18.2,13.3,4.68,3.66,2.15,68.9,60.3,30.6
2026-05-13,Wed,May,39,15:30,15:45,11,2,2,2,2,2,1,24.3,17.9,11.8,4.47,4.13,2.09,62.2,62.0,28.1
2026-05-13,Wed,May,40,15:45,16:00,14,3,3,3,2,2,1,27.0,21.0,14.5,4.82,4.6,2.57,70.4,64.9,32.6
2026-05-13,Wed,May,41,16:00,16:15,14,3,3,3,2,2,1,28.6,21.5,13.0,4.77,4.22,2.2,61.4,68.0,29.6
2026-05-13,Wed,May,42,16:15,16:30,14,3,3,3,2,2,1,30.9,21.9,13.2,4.75,4.6,2.13,72.4,64.8,28.2
2026-05-13,Wed,May,43,16:30,16:45,14,3,3,3,2,2,1,35.0,20.3,14.4,5.09,5.14,2.31,69.8,65.4,30.3
2026-05-13,Wed,May,44,16:45,17:00,9,2,2,2,1,1,1,22.4,17.7,10.4,3.72,2.87,1.86,64.1,57.6,27.2
2026-05-13,Wed,May,45,17:00,17:15,9,2,2,2,1,1,1,24.7,17.9,12.2,4.16,3.65,1.75,68.4,56.4,28.2
2026-05-13,Wed,May,46,17:15,17:30,8,2,2,1,1,1,1,24.0,14.9,10.3,3.48,3.44,1.89,64.9,60.6,28.8
2026-05-13,Wed,May,47,17:30,17:45,8,2,2,1,1,1,1,21.0,14.9,11.3,3.49,3.79,2.0,64.0,57.1,27.2
2026-05-13,Wed,May,48,17:45,18:00,6,1,1,1,1,1,1,19.2,16.3,8.8,3.27,3.14,1.52,58.5,54.7,26.5
2026-05-14,Thu,May,1,06:00,06:15,5,1,1,1,1,1,0,16.6,15.3,6.7,2.15,2.17,1.46,56.0,58.8,30.4
2026-05-14,Thu,May,2,06:15,06:30,6,1,1,1,1,1,1,19.0,16.4,8.7,2.87,1.98,1.58,60.8,63.6,28.3
2026-05-14,Thu,May,3,06:30,06:45,6,1,1,1,1,1,1,18.5,15.6,7.3,2.38,2.46,1.33,53.8,56.4,30.1
2026-05-14,Thu,May,4,06:45,07:00,7,2,1,1,1,1,1,21.2,16.7,8.2,3.34,2.25,1.28,57.6,57.1,31.8
2026-05-14,Thu,May,5,07:00,07:15,11,2,2,2,2,2,1,24.8,21.1,10.0,3.51,3.0,2.01,59.0,66.2,34.2
2026-05-14,Thu,May,6,07:15,07:30,10,2,2,2,2,1,1,23.9,17.7,10.1,3.03,2.44,1.78,60.1,64.5,34.1
2026-05-14,Thu,May,7,07:30,07:45,13,3,3,2,2,2,1,27.9,22.9,10.1,3.75,3.19,2.03,65.2,65.1,32.7
2026-05-14,Thu,May,8,07:45,08:00,13,3,3,2,2,2,1,30.9,23.5,11.2,4.3,3.18,1.77,64.7,63.6,37.5
2026-05-14,Thu,May,9,08:00,08:15,12,3,2,2,2,2,1,27.5,22.8,9.2,4.04,2.74,1.81,62.4,64.9,36.0
2026-05-14,Thu,May,10,08:15,08:30,14,3,3,3,2,2,1,31.5,25.4,11.8,3.92,3.3,2.19,64.9,65.8,35.6
2026-05-14,Thu,May,11,08:30,08:45,14,3,3,3,2,2,1,26.6,28.9,10.9,4.3,2.88,1.96,67.0,69.2,36.8
2026-05-14,Thu,May,12,08:45,09:00,10,2,2,2,2,1,1,25.6,22.6,7.7,3.11,3.12,1.77,57.6,61.4,29.5
2026-05-14,Thu,May,13,09:00,09:15,8,2,2,1,1,1,1,20.6,17.4,8.4,3.28,2.17,1.69,63.6,54.6,33.0
2026-05-14,Thu,May,14,09:15,09:30,8,2,2,1,1,1,1,21.7,18.4,8.0,2.62,2.62,1.3,57.3,66.3,31.4
2026-05-14,Thu,May,15,09:30,09:45,6,1,1,1,1,1,1,20.6,16.7,8.1,2.54,2.22,1.52,58.0,55.8,31.5
2026-05-14,Thu,May,16,09:45,10:00,5,1,1,1,1,1,0,16.9,14.5,7.0,2.67,1.98,1.61,52.6,59.3,29.4
2026-05-14,Thu,May,17,10:00,10:15,5,1,1,1,1,1,0,18.8,13.6,7.0,2.44,2.0,1.36,56.6,59.6,28.9
2026-05-14,Thu,May,18,10:15,10:30,4,1,1,1,1,0,0,17.3,14.1,6.6,2.63,1.61,1.13,55.0,54.8,29.3
2026-05-14,Thu,May,19,10:30,10:45,5,1,1,1,1,1,0,17.0,15.9,7.9,2.38,2.11,1.34,54.2,57.9,29.8
2026-05-14,Thu,May,20,10:45,11:00,5,1,1,1,1,1,0,19.1,16.0,7.2,2.59,1.86,1.23,51.8,59.0,29.8
2026-05-14,Thu,May,21,11:00,11:15,6,1,1,1,1,1,1,19.2,16.1,7.0,2.95,2.44,1.51,55.5,61.4,28.8
2026-05-14,Thu,May,22,11:15,11:30,6,1,1,1,1,1,1,18.0,16.1,6.9,2.98,2.17,1.53,52.0,59.8,30.7
2026-05-14,Thu,May,23,11:30,11:45,7,2,1,1,1,1,1,20.8,20.4,7.6,2.89,2.03,1.44,54.8,63.8,33.0
2026-05-14,Thu,May,24,11:45,12:00,6,1,1,1,1,1,1,19.1,16.4,6.7,2.92,1.89,1.19,56.1,58.4,30.2
2026-05-14,Thu,May,25,12:00,12:15,7,2,1,1,1,1,1,20.9,18.3,7.0,2.8,2.17,1.5,59.2,58.0,33.0
2026-05-14,Thu,May,26,12:15,12:30,7,2,1,1,1,1,1,21.9,17.4,7.2,3.17,1.91,1.34,60.3,57.7,33.2
2026-05-14,Thu,May,27,12:30,12:45,8,2,2,1,1,1,1,19.3,20.6,8.3,2.9,2.11,1.64,57.1,58.8,33.7
2026-05-14,Thu,May,28,12:45,13:00,8,2,2,1,1,1,1,19.2,18.8,9.3,2.84,2.4,1.61,59.8,61.8,32.2
2026-05-14,Thu,May,29,13:00,13:15,7,2,1,1,1,1,1,18.6,18.0,8.4,2.58,2.4,1.27,58.2,56.9,30.4
2026-05-14,Thu,May,30,13:15,13:30,6,1,1,1,1,1,1,19.7,15.9,7.4,2.7,2.11,1.58,56.9,62.1,31.1
2026-05-14,Thu,May,31,13:30,13:45,7,2,1,1,1,1,1,20.6,18.8,8.2,2.24,2.02,1.31,58.1,56.6,28.1
2026-05-14,Thu,May,32,13:45,14:00,7,2,1,1,1,1,1,22.2,17.5,8.6,3.19,2.52,1.62,59.9,62.5,31.4
2026-05-14,Thu,May,33,14:00,14:15,7,2,1,1,1,1,1,21.1,16.0,8.4,2.83,2.12,1.5,53.7,56.3,33.9
2026-05-14,Thu,May,34,14:15,14:30,6,1,1,1,1,1,1,22.2,16.8,7.9,2.89,2.29,1.36,56.6,55.2,31.0
2026-05-14,Thu,May,35,14:30,14:45,7,2,1,1,1,1,1,21.3,17.3,7.9,2.97,2.59,1.27,60.6,59.6,33.0
2026-05-14,Thu,May,36,14:45,15:00,10,2,2,2,2,1,1,24.6,22.1,8.1,3.37,2.7,1.68,61.2,66.5,32.9
2026-05-14,Thu,May,37,15:00,15:15,11,2,2,2,2,2,1,23.1,19.8,10.1,3.15,2.96,1.97,61.5,62.2,34.9
2026-05-14,Thu,May,38,15:15,15:30,11,2,2,2,2,2,1,24.4,22.9,8.6,3.51,3.18,1.92,59.0,55.9,32.0
2026-05-14,Thu,May,39,15:30,15:45,12,3,2,2,2,2,1,26.8,24.9,10.1,4.4,2.84,1.91,59.4,69.2,33.8
2026-05-14,Thu,May,40,15:45,16:00,13,3,3,2,2,2,1,30.5,23.0,11.3,4.21,2.9,2.41,66.3,61.2,32.5
2026-05-14,Thu,May,41,16:00,16:15,11,2,2,2,2,2,1,24.6,22.0,10.1,3.83,2.44,1.74,61.0,67.1,30.9
2026-05-14,Thu,May,42,16:15,16:30,12,3,2,2,2,2,1,26.8,23.0,11.4,4.17,3.14,2.11,59.3,65.8,34.2
2026-05-14,Thu,May,43,16:30,16:45,13,3,3,2,2,2,1,28.1,23.3,10.8,3.64,2.81,2.06,65.5,63.4,33.9
2026-05-14,Thu,May,44,16:45,17:00,11,2,2,2,2,2,1,25.4,21.9,9.7,3.66,3.17,1.55,59.0,64.6,33.1
2026-05-14,Thu,May,45,17:00,17:15,9,2,2,2,1,1,1,24.2,20.7,9.1,3.48,2.52,1.55,67.0,55.8,32.0
2026-05-14,Thu,May,46,17:15,17:30,8,2,2,1,1,1,1,22.1,19.0,8.8,3.12,2.29,1.71,54.6,58.6,34.8
2026-05-14,Thu,May,47,17:30,17:45,6,1,1,1,1,1,1,20.7,18.3,7.5,3.07,2.15,1.33,62.1,62.6,29.9
2026-05-14,Thu,May,48,17:45,18:00,6,1,1,1,1,1,1,18.4,15.9,8.2,2.38,2.03,1.53,54.4,57.7,27.4
2026-05-15,Fri,May,1,06:00,06:15,5,1,1,1,1,1,0,20.0,15.8,9.2,3.29,2.34,1.39,55.4,59.9,31.2
2026-05-15,Fri,May,2,06:15,06:30,5,1,1,1,1,1,0,18.4,18.2,10.3,2.83,2.64,1.36,57.0,58.3,30.4
2026-05-15,Fri,May,3,06:30,06:45,6,1,1,1,1,1,1,19.9,18.6,10.5,3.1,2.74,1.34,62.9,62.6,32.9
2026-05-15,Fri,May,4,06:45,07:00,8,2,2,1,1,1,1,24.1,21.8,10.1,3.45,2.64,1.49,60.4,60.0,31.7
2026-05-15,Fri,May,5,07:00,07:15,10,2,2,2,2,1,1,25.3,23.1,12.3,3.79,3.1,1.5,56.2,61.9,36.3
2026-05-15,Fri,May,6,07:15,07:30,12,3,2,2,2,2,1,26.7,24.8,13.2,4.01,3.59,1.83,60.2,62.0,34.4
2026-05-15,Fri,May,7,07:30,07:45,11,2,2,2,2,2,1,25.7,25.1,12.3,4.14,3.33,1.85,63.4,64.1,32.8
2026-05-15,Fri,May,8,07:45,08:00,13,3,3,2,2,2,1,30.4,29.2,14.8,3.74,3.67,2.03,61.3,67.9,36.7
2026-05-15,Fri,May,9,08:00,08:15,14,3,3,3,2,2,1,33.5,25.2,14.1,4.07,3.76,2.19,70.6,69.6,35.4
2026-05-15,Fri,May,10,08:15,08:30,16,3,3,3,3,2,2,29.7,31.2,14.2,4.77,4.39,2.17,69.4,63.1,34.5
2026-05-15,Fri,May,11,08:30,08:45,14,3,3,3,2,2,1,28.9,25.7,13.6,5.0,4.44,1.63,67.4,66.3,39.5
2026-05-15,Fri,May,12,08:45,09:00,11,2,2,2,2,2,1,25.7,24.8,10.5,4.36,3.15,2.03,65.5,64.9,35.8
2026-05-15,Fri,May,13,09:00,09:15,9,2,2,2,1,1,1,24.9,18.7,13.1,3.61,3.06,1.79,60.2,60.7,30.1
2026-05-15,Fri,May,14,09:15,09:30,8,2,2,1,1,1,1,22.6,21.3,9.9,3.92,2.76,1.55,65.9,57.8,34.7
2026-05-15,Fri,May,15,09:30,09:45,7,2,1,1,1,1,1,19.2,20.9,10.7,2.44,2.76,1.5,64.9,58.8,34.2
2026-05-15,Fri,May,16,09:45,10:00,6,1,1,1,1,1,1,20.1,17.9,10.2,3.16,3.07,1.15,56.7,53.6,31.3
2026-05-15,Fri,May,17,10:00,10:15,5,1,1,1,1,1,0,18.5,16.1,9.0,2.65,2.21,1.28,53.6,56.7,30.0
2026-05-15,Fri,May,18,10:15,10:30,4,1,1,1,1,0,0,17.9,13.9,9.6,2.3,2.52,1.13,53.1,58.1,30.3
2026-05-15,Fri,May,19,10:30,10:45,4,1,1,1,1,0,0,15.5,17.0,8.2,2.02,2.27,1.14,56.1,56.6,28.6
2026-05-15,Fri,May,20,10:45,11:00,6,1,1,1,1,1,1,19.1,19.6,9.6,2.23,2.79,1.28,58.8,61.6,30.8
2026-05-15,Fri,May,21,11:00,11:15,5,1,1,1,1,1,0,18.7,16.9,10.1,2.35,2.35,1.43,60.9,57.3,29.7
2026-05-15,Fri,May,22,11:15,11:30,5,1,1,1,1,1,0,19.0,17.5,9.7,2.79,2.53,1.13,62.2,61.0,34.2
2026-05-15,Fri,May,23,11:30,11:45,6,1,1,1,1,1,1,19.9,18.9,10.1,2.66,3.06,1.53,55.6,58.5,32.1
2026-05-15,Fri,May,24,11:45,12:00,6,1,1,1,1,1,1,19.8,19.1,10.1,3.01,2.46,1.2,62.1,52.9,31.0
2026-05-15,Fri,May,25,12:00,12:15,7,2,1,1,1,1,1,18.6,17.4,10.3,2.92,2.97,1.4,58.3,58.9,33.3
2026-05-15,Fri,May,26,12:15,12:30,7,2,1,1,1,1,1,21.3,18.2,10.5,3.18,2.83,1.46,65.2,62.9,30.5
2026-05-15,Fri,May,27,12:30,12:45,7,2,1,1,1,1,1,19.1,20.2,10.3,3.04,2.93,1.45,57.5,59.8,31.4
2026-05-15,Fri,May,28,12:45,13:00,8,2,2,1,1,1,1,21.1,20.3,12.7,2.16,3.08,1.44,60.1,57.1,32.5
2026-05-15,Fri,May,29,13:00,13:15,8,2,2,1,1,1,1,21.2,20.1,10.5,3.29,3.35,1.42,63.7,62.3,33.6
2026-05-15,Fri,May,30,13:15,13:30,7,2,1,1,1,1,1,20.0,19.2,9.3,3.2,2.77,1.35,58.7,61.9,28.2
2026-05-15,Fri,May,31,13:30,13:45,7,2,1,1,1,1,1,16.3,19.1,11.3,2.87,3.13,1.38,61.8,63.5,31.9
2026-05-15,Fri,May,32,13:45,14:00,7,2,1,1,1,1,1,21.9,18.4,10.3,3.21,2.69,1.53,65.1,61.3,31.9
2026-05-15,Fri,May,33,14:00,14:15,7,2,1,1,1,1,1,20.3,19.8,10.3,3.43,2.85,1.37,57.1,61.3,32.2
2026-05-15,Fri,May,34,14:15,14:30,5,1,1,1,1,1,0,20.3,16.2,9.1,2.54,2.58,1.17,62.8,58.5,29.9
2026-05-15,Fri,May,35,14:30,14:45,8,2,2,1,1,1,1,23.8,19.4,9.8,3.24,2.84,1.38,62.1,60.9,30.6
2026-05-15,Fri,May,36,14:45,15:00,8,2,2,1,1,1,1,22.8,21.5,11.4,3.29,2.8,1.42,55.3,64.2,34.2
2026-05-15,Fri,May,37,15:00,15:15,9,2,2,2,1,1,1,25.3,22.7,11.6,3.38,3.3,1.48,67.8,62.3,31.9
2026-05-15,Fri,May,38,15:15,15:30,11,2,2,2,2,2,1,25.6,25.9,13.0,3.73,3.67,1.65,63.3,65.3,32.6
2026-05-15,Fri,May,39,15:30,15:45,11,2,2,2,2,2,1,23.7,23.0,11.4,3.6,3.23,1.68,59.3,60.4,34.8
2026-05-15,Fri,May,40,15:45,16:00,12,3,2,2,2,2,1,27.0,24.8,14.2,4.56,3.7,1.75,66.6,62.4,35.0
2026-05-15,Fri,May,41,16:00,16:15,13,3,3,2,2,2,1,27.6,26.8,14.9,4.35,3.65,1.69,58.4,64.4,36.1
2026-05-15,Fri,May,42,16:15,16:30,11,2,2,2,2,2,1,25.8,25.7,13.7,4.35,3.37,1.7,64.0,64.2,36.9
2026-05-15,Fri,May,43,16:30,16:45,12,3,2,2,2,2,1,26.0,24.6,12.6,4.32,3.78,1.88,71.3,65.5,33.3
2026-05-15,Fri,May,44,16:45,17:00,10,2,2,2,2,1,1,24.1,25.2,12.1,3.39,3.34,1.66,64.0,62.2,35.9
2026-05-15,Fri,May,45,17:00,17:15,9,2,2,2,1,1,1,21.7,22.3,12.3,3.29,2.92,1.44,64.0,63.8,31.4
2026-05-15,Fri,May,46,17:15,17:30,6,1,1,1,1,1,1,19.9,18.0,9.6,2.79,2.72,1.18,59.5,60.4,31.1
2026-05-15,Fri,May,47,17:30,17:45,7,2,1,1,1,1,1,19.0,20.4,11.2,3.12,2.59,1.45,65.7,62.4,33.2
2026-05-15,Fri,May,48,17:45,18:00,5,1,1,1,1,1,0,19.2,17.7,9.6,2.42,2.27,1.2,56.0,57.8,28.5
2026-05-18,Mon,May,1,06:00,06:15,4,1,1,1,1,0,0,17.1,16.4,9.8,3.23,3.21,1.37,59.4,56.7,25.5
2026-05-18,Mon,May,2,06:15,06:30,5,1,1,1,1,1,0,18.8,16.5,9.9,3.78,3.35,1.34,59.6,62.9,26.1
2026-05-18,Mon,May,3,06:30,06:45,5,1,1,1,1,1,0,17.6,16.8,10.5,3.36,3.09,1.29,61.9,56.6,28.5
2026-05-18,Mon,May,4,06:45,07:00,7,2,1,1,1,1,1,20.0,19.9,10.9,3.87,4.41,1.41,67.0,55.6,26.5
2026-05-18,Mon,May,5,07:00,07:15,8,2,2,1,1,1,1,25.0,22.3,13.0,3.33,3.88,1.79,71.4,65.1,29.8
2026-05-18,Mon,May,6,07:15,07:30,9,2,2,2,1,1,1,23.8,23.7,13.3,5.08,4.56,1.58,72.4,66.9,29.6
2026-05-18,Mon,May,7,07:30,07:45,11,2,2,2,2,2,1,29.5,26.6,16.1,5.48,5.58,1.91,72.5,64.6,30.7
2026-05-18,Mon,May,8,07:45,08:00,10,2,2,2,2,1,1,26.3,26.3,15.5,4.22,4.47,1.69,62.7,58.3,32.4
2026-05-18,Mon,May,9,08:00,08:15,13,3,3,2,2,2,1,33.0,24.9,14.4,5.73,5.31,1.97,69.3,72.5,33.6
2026-05-18,Mon,May,10,08:15,08:30,11,2,2,2,2,2,1,27.8,21.9,15.5,4.68,5.36,2.0,73.4,68.8,29.2
2026-05-18,Mon,May,11,08:30,08:45,10,2,2,2,2,1,1,24.6,25.2,14.3,4.22,5.11,1.83,73.2,71.1,31.4
2026-05-18,Mon,May,12,08:45,09:00,10,2,2,2,2,1,1,27.6,22.7,13.5,4.36,4.26,1.85,67.4,60.4,29.3
2026-05-18,Mon,May,13,09:00,09:15,8,2,2,1,1,1,1,21.6,23.6,11.3,4.46,4.21,1.38,68.1,66.3,30.0
2026-05-18,Mon,May,14,09:15,09:30,7,2,1,1,1,1,1,23.0,20.5,12.2,3.32,4.33,1.51,67.1,63.5,29.9
2026-05-18,Mon,May,15,09:30,09:45,6,1,1,1,1,1,1,21.0,22.0,12.8,2.9,3.49,1.49,64.2,53.8,26.4
2026-05-18,Mon,May,16,09:45,10:00,5,1,1,1,1,1,0,16.9,18.1,10.3,3.1,3.47,1.46,64.7,65.0,25.9
2026-05-18,Mon,May,17,10:00,10:15,4,1,1,1,1,0,0,19.9,16.3,9.5,4.03,3.29,1.21,64.2,59.5,26.3
2026-05-18,Mon,May,18,10:15,10:30,4,1,1,1,1,0,0,19.5,16.0,9.5,2.94,3.18,1.07,60.8,59.0,27.7
2026-05-18,Mon,May,19,10:30,10:45,4,1,1,1,1,0,0,16.7,18.4,10.2,3.07,3.22,1.12,61.3,64.3,28.2
2026-05-18,Mon,May,20,10:45,11:00,4,1,1,1,1,0,0,18.3,17.5,9.2,2.97,3.16,1.17,60.9,55.4,25.5
2026-05-18,Mon,May,21,11:00,11:15,5,1,1,1,1,1,0,21.0,19.2,9.9,3.44,3.35,1.18,60.5,52.8,25.4
2026-05-18,Mon,May,22,11:15,11:30,6,1,1,1,1,1,1,20.6,18.0,11.4,3.69,3.6,1.35,62.6,60.4,29.7
2026-05-18,Mon,May,23,11:30,11:45,6,1,1,1,1,1,1,18.7,23.4,10.4,3.21,3.81,1.48,61.9,58.2,28.2
2026-05-18,Mon,May,24,11:45,12:00,5,1,1,1,1,1,0,18.9,19.2,10.6,3.86,3.42,1.38,67.8,59.8,25.5
2026-05-18,Mon,May,25,12:00,12:15,6,1,1,1,1,1,1,17.9,19.0,12.0,3.98,3.67,1.41,60.0,60.9,28.1
2026-05-18,Mon,May,26,12:15,12:30,7,2,1,1,1,1,1,22.0,19.3,12.9,3.66,4.28,1.44,71.9,61.1,29.6
2026-05-18,Mon,May,27,12:30,12:45,7,2,1,1,1,1,1,22.4,20.6,11.9,3.79,4.03,1.28,64.8,62.0,30.1
2026-05-18,Mon,May,28,12:45,13:00,7,2,1,1,1,1,1,20.9,21.4,11.8,3.68,4.1,1.44,65.8,59.4,28.2
2026-05-18,Mon,May,29,13:00,13:15,6,1,1,1,1,1,1,19.2,21.6,10.4,3.31,4.33,1.36,57.7,57.4,30.2
2026-05-18,Mon,May,30,13:15,13:30,6,1,1,1,1,1,1,20.7,19.3,10.6,3.17,3.56,1.25,61.8,65.5,30.1
2026-05-18,Mon,May,31,13:30,13:45,6,1,1,1,1,1,1,22.6,20.3,10.6,3.67,3.45,1.17,62.8,63.6,29.4
2026-05-18,Mon,May,32,13:45,14:00,6,1,1,1,1,1,1,22.5,18.9,11.3,3.6,4.26,1.35,65.0,61.8,27.0
2026-05-18,Mon,May,33,14:00,14:15,5,1,1,1,1,1,0,18.7,18.6,10.8,3.16,2.96,1.18,59.2,63.4,28.3
2026-05-18,Mon,May,34,14:15,14:30,6,1,1,1,1,1,1,18.6,20.3,11.1,3.62,3.91,1.39,62.3,64.9,26.6
2026-05-18,Mon,May,35,14:30,14:45,6,1,1,1,1,1,1,21.9,19.8,9.7,3.38,3.98,1.49,64.5,63.0,27.4
2026-05-18,Mon,May,36,14:45,15:00,7,2,1,1,1,1,1,23.7,20.5,11.6,3.44,3.58,1.63,70.0,62.0,30.2
2026-05-18,Mon,May,37,15:00,15:15,9,2,2,2,1,1,1,24.8,24.8,12.2,5.49,5.25,1.55,68.1,61.2,30.7
2026-05-18,Mon,May,38,15:15,15:30,11,2,2,2,2,2,1,28.2,24.8,15.3,5.06,4.54,1.96,71.5,75.4,31.2
2026-05-18,Mon,May,39,15:30,15:45,12,3,2,2,2,2,1,27.8,27.9,14.4,4.8,4.33,1.93,76.3,73.9,33.5
2026-05-18,Mon,May,40,15:45,16:00,11,2,2,2,2,2,1,27.8,26.1,15.6,5.07,5.98,1.62,70.3,57.9,33.1
2026-05-18,Mon,May,41,16:00,16:15,12,3,2,2,2,2,1,27.5,29.6,14.9,5.5,6.03,1.91,75.7,66.7,32.1
2026-05-18,Mon,May,42,16:15,16:30,10,2,2,2,2,1,1,26.7,23.2,12.9,4.81,4.86,1.78,69.4,64.8,32.1
2026-05-18,Mon,May,43,16:30,16:45,9,2,2,2,1,1,1,24.3,25.6,13.8,4.65,4.51,1.68,68.6,64.0,28.7
2026-05-18,Mon,May,44,16:45,17:00,9,2,2,2,1,1,1,22.3,24.1,12.4,4.38,5.07,1.77,70.4,66.9,30.3
2026-05-18,Mon,May,45,17:00,17:15,8,2,2,1,1,1,1,21.1,22.4,13.0,4.14,3.54,1.36,64.1,67.4,29.0
2026-05-18,Mon,May,46,17:15,17:30,7,2,1,1,1,1,1,23.6,21.7,12.3,3.58,3.75,1.51,70.6,63.3,27.5
2026-05-18,Mon,May,47,17:30,17:45,5,1,1,1,1,1,0,21.1,18.8,10.8,2.78,3.38,1.37,62.1,59.3,25.3
2026-05-18,Mon,May,48,17:45,18:00,4,1,1,1,1,0,0,17.1,18.0,9.9,3.6,3.86,1.34,60.9,61.3,27.4
2026-05-19,Tue,May,1,06:00,06:15,4,1,1,1,1,0,0,15.9,19.2,8.1,2.78,2.2,1.64,61.4,66.6,25.3
2026-05-19,Tue,May,2,06:15,06:30,5,1,1,1,1,1,0,18.8,19.6,8.4,3.2,2.34,1.7,63.5,65.8,26.5
2026-05-19,Tue,May,3,06:30,06:45,5,1,1,1,1,1,0,18.1,18.8,9.3,3.15,2.6,1.69,63.2,63.1,27.3
2026-05-19,Tue,May,4,06:45,07:00,8,2,2,1,1,1,1,22.2,21.4,11.3,3.59,3.27,2.16,64.9,71.7,28.4
2026-05-19,Tue,May,5,07:00,07:15,7,2,1,1,1,1,1,15.1,22.7,9.2,3.73,3.4,1.87,72.1,69.7,25.9
2026-05-19,Tue,May,6,07:15,07:30,9,2,2,2,1,1,1,20.9,23.3,10.8,4.13,3.27,2.46,68.1,72.4,27.5
2026-05-19,Tue,May,7,07:30,07:45,11,2,2,2,2,2,1,21.8,26.6,11.8,5.05,3.49,2.27,67.8,67.3,27.0
2026-05-19,Tue,May,8,07:45,08:00,10,2,2,2,2,1,1,19.8,25.4,11.0,4.37,3.66,2.08,69.2,66.5,27.5
2026-05-19,Tue,May,9,08:00,08:15,12,3,2,2,2,2,1,22.9,29.0,12.9,4.23,3.49,2.67,71.5,71.5,32.8
2026-05-19,Tue,May,10,08:15,08:30,13,3,3,2,2,2,1,23.1,31.3,13.1,5.3,4.14,2.84,75.4,79.4,29.5
2026-05-19,Tue,May,11,08:30,08:45,11,2,2,2,2,2,1,23.0,25.8,12.6,4.22,3.84,2.53,78.4,68.1,31.0
2026-05-19,Tue,May,12,08:45,09:00,10,2,2,2,2,1,1,26.6,28.4,11.2,4.38,3.73,2.31,56.8,63.7,26.5
2026-05-19,Tue,May,13,09:00,09:15,8,2,2,1,1,1,1,21.5,24.1,9.7,3.97,3.36,1.98,63.5,63.8,26.4
2026-05-19,Tue,May,14,09:15,09:30,7,2,1,1,1,1,1,18.7,20.1,9.3,3.95,2.87,1.95,63.1,65.7,25.0
2026-05-19,Tue,May,15,09:30,09:45,6,1,1,1,1,1,1,17.7,20.0,8.1,3.74,2.49,1.85,67.2,62.4,28.0
2026-05-19,Tue,May,16,09:45,10:00,5,1,1,1,1,1,0,16.6,19.1,7.6,3.57,2.18,1.64,59.9,64.2,27.1
2026-05-19,Tue,May,17,10:00,10:15,5,1,1,1,1,1,0,17.5,17.0,8.4,3.42,2.64,1.77,62.6,60.2,27.3
2026-05-19,Tue,May,18,10:15,10:30,5,1,1,1,1,1,0,15.8,20.1,8.0,3.16,2.59,1.65,65.6,64.7,25.7
2026-05-19,Tue,May,19,10:30,10:45,4,1,1,1,1,0,0,14.3,15.6,8.9,2.45,2.16,1.6,58.6,63.8,26.7
2026-05-19,Tue,May,20,10:45,11:00,6,1,1,1,1,1,1,17.3,19.9,9.6,3.38,2.98,1.84,64.1,62.8,26.1
2026-05-19,Tue,May,21,11:00,11:15,5,1,1,1,1,1,0,17.3,17.9,7.8,3.16,2.1,1.87,58.2,62.5,26.4
2026-05-19,Tue,May,22,11:15,11:30,5,1,1,1,1,1,0,15.9,21.4,9.6,3.45,2.04,1.62,61.0,61.4,25.9
2026-05-19,Tue,May,23,11:30,11:45,6,1,1,1,1,1,1,17.4,21.6,9.5,2.88,2.47,1.81,61.3,67.7,26.5
2026-05-19,Tue,May,24,11:45,12:00,7,2,1,1,1,1,1,17.8,22.7,9.5,3.94,2.71,2.14,67.2,67.7,27.5
2026-05-19,Tue,May,25,12:00,12:15,6,1,1,1,1,1,1,18.1,21.3,9.0,3.98,2.63,1.67,59.5,64.2,27.1
2026-05-19,Tue,May,26,12:15,12:30,6,1,1,1,1,1,1,16.6,20.0,9.4,3.97,2.41,2.02,61.7,66.6,28.6
2026-05-19,Tue,May,27,12:30,12:45,7,2,1,1,1,1,1,21.2,21.1,10.2,3.83,3.21,1.74,68.9,60.1,27.9
2026-05-19,Tue,May,28,12:45,13:00,7,2,1,1,1,1,1,19.4,22.0,9.2,3.95,2.6,1.75,62.1,64.3,27.7
2026-05-19,Tue,May,29,13:00,13:15,6,1,1,1,1,1,1,19.9,21.0,7.9,3.27,2.23,1.89,69.7,68.2,25.2
2026-05-19,Tue,May,30,13:15,13:30,6,1,1,1,1,1,1,20.8,20.4,9.7,3.86,2.93,1.61,60.9,61.0,28.2
2026-05-19,Tue,May,31,13:30,13:45,6,1,1,1,1,1,1,16.6,19.7,8.3,3.73,2.99,1.72,64.0,66.0,26.6
2026-05-19,Tue,May,32,13:45,14:00,6,1,1,1,1,1,1,17.4,19.3,10.4,3.81,2.37,1.86,64.9,69.2,28.0
2026-05-19,Tue,May,33,14:00,14:15,7,2,1,1,1,1,1,19.5,20.4,10.0,3.61,3.13,1.98,66.3,75.2,27.5
2026-05-19,Tue,May,34,14:15,14:30,7,2,1,1,1,1,1,18.9,21.2,11.0,3.17,2.93,1.9,66.0,62.0,27.8
2026-05-19,Tue,May,35,14:30,14:45,6,1,1,1,1,1,1,19.2,17.2,8.3,3.37,2.71,1.88,62.8,66.4,28.6
2026-05-19,Tue,May,36,14:45,15:00,7,2,1,1,1,1,1,21.0,20.6,10.3,3.4,2.4,1.97,62.4,68.1,23.8
2026-05-19,Tue,May,37,15:00,15:15,8,2,2,1,1,1,1,20.9,20.9,9.8,4.22,3.13,2.3,70.3,70.0,28.1
2026-05-19,Tue,May,38,15:15,15:30,9,2,2,2,1,1,1,20.7,25.0,10.9,4.15,3.2,2.25,64.1,64.8,27.8
2026-05-19,Tue,May,39,15:30,15:45,11,2,2,2,2,2,1,23.2,26.2,13.2,5.34,3.13,2.51,73.7,73.1,29.8
2026-05-19,Tue,May,40,15:45,16:00,9,2,2,2,1,1,1,19.9,22.2,11.4,4.04,3.45,2.05,66.2,70.4,30.3
2026-05-19,Tue,May,41,16:00,16:15,13,3,3,2,2,2,1,23.1,28.7,13.1,5.37,4.6,2.79,68.6,81.2,32.6
2026-05-19,Tue,May,42,16:15,16:30,13,3,3,2,2,2,1,25.5,30.1,13.6,5.73,3.5,2.73,72.6,78.1,29.9
2026-05-19,Tue,May,43,16:30,16:45,10,2,2,2,2,1,1,23.2,26.5,10.8,4.5,3.45,2.47,67.7,76.4,30.5
2026-05-19,Tue,May,44,16:45,17:00,9,2,2,2,1,1,1,21.1,25.3,11.0,3.96,3.26,2.02,72.3,70.5,30.6
2026-05-19,Tue,May,45,17:00,17:15,8,2,2,1,1,1,1,19.3,23.1,10.2,3.27,3.05,1.8,72.5,74.9,27.5
2026-05-19,Tue,May,46,17:15,17:30,8,2,2,1,1,1,1,17.9,21.0,10.7,3.73,2.74,1.95,67.3,65.6,27.5
2026-05-19,Tue,May,47,17:30,17:45,5,1,1,1,1,1,0,16.0,16.7,7.4,3.6,2.25,1.67,58.3,66.7,23.5
2026-05-19,Tue,May,48,17:45,18:00,5,1,1,1,1,1,0,15.9,20.1,8.7,3.73,2.34,1.52,61.2,64.5,26.1
2026-05-20,Wed,May,1,06:00,06:15,5,1,1,1,1,1,0,19.0,16.2,8.9,2.48,2.02,1.63,54.1,58.6,37.7
2026-05-20,Wed,May,2,06:15,06:30,6,1,1,1,1,1,1,19.7,16.8,10.5,2.51,1.8,1.5,58.4,58.8,40.6
2026-05-20,Wed,May,3,06:30,06:45,6,1,1,1,1,1,1,18.7,19.9,9.4,2.47,1.9,1.73,63.6,59.8,34.9
2026-05-20,Wed,May,4,06:45,07:00,8,2,2,1,1,1,1,20.4,22.1,11.8,3.11,2.36,1.74,64.8,56.3,38.9
2026-05-20,Wed,May,5,07:00,07:15,12,3,2,2,2,2,1,26.8,27.2,13.0,3.48,3.25,1.88,69.0,67.7,41.1
2026-05-20,Wed,May,6,07:15,07:30,10,2,2,2,2,1,1,22.3,25.0,11.5,2.98,2.83,2.14,69.9,67.6,38.2
2026-05-20,Wed,May,7,07:30,07:45,12,3,2,2,2,2,1,24.9,25.6,12.4,3.74,3.0,2.32,62.4,66.9,41.3
2026-05-20,Wed,May,8,07:45,08:00,17,4,3,3,3,2,2,28.7,31.3,17.1,4.33,3.87,2.4,66.2,73.7,42.7
2026-05-20,Wed,May,9,08:00,08:15,15,3,3,3,2,2,2,26.9,28.4,15.1,3.2,3.64,2.41,66.7,69.1,41.0
2026-05-20,Wed,May,10,08:15,08:30,14,3,3,3,2,2,1,27.9,28.6,14.8,3.13,3.33,2.37,63.3,71.4,41.7
2026-05-20,Wed,May,11,08:30,08:45,14,3,3,3,2,2,1,25.8,27.2,14.6,3.59,3.07,2.66,59.4,72.5,41.2
2026-05-20,Wed,May,12,08:45,09:00,14,3,3,3,2,2,1,27.8,27.6,13.5,4.41,3.43,2.92,69.0,65.6,39.6
2026-05-20,Wed,May,13,09:00,09:15,10,2,2,2,2,1,1,20.6,21.3,12.5,3.6,2.71,2.17,67.7,66.2,38.7
2026-05-20,Wed,May,14,09:15,09:30,8,2,2,1,1,1,1,20.1,20.3,10.1,2.89,2.54,1.74,61.6,62.8,38.5
2026-05-20,Wed,May,15,09:30,09:45,8,2,2,1,1,1,1,20.5,19.3,10.5,2.41,2.56,1.87,64.1,64.8,37.1
2026-05-20,Wed,May,16,09:45,10:00,8,2,2,1,1,1,1,21.0,23.4,10.2,3.15,2.58,1.54,65.6,55.1,36.5
2026-05-20,Wed,May,17,10:00,10:15,6,1,1,1,1,1,1,18.3,19.8,9.0,2.67,2.3,1.7,57.1,61.6,35.4
2026-05-20,Wed,May,18,10:15,10:30,7,2,1,1,1,1,1,18.6,20.1,10.6,2.65,2.02,1.82,63.7,63.2,39.7
2026-05-20,Wed,May,19,10:30,10:45,6,1,1,1,1,1,1,20.1,19.3,9.9,2.71,2.53,1.79,54.3,65.0,37.4
2026-05-20,Wed,May,20,10:45,11:00,5,1,1,1,1,1,0,18.6,18.1,9.8,2.5,1.83,1.72,57.4,58.1,36.1
2026-05-20,Wed,May,21,11:00,11:15,6,1,1,1,1,1,1,17.5,20.8,8.9,2.85,2.14,1.72,64.8,56.9,35.2
2026-05-20,Wed,May,22,11:15,11:30,8,2,2,1,1,1,1,21.8,20.9,9.5,3.3,2.58,1.86,68.7,61.1,35.8
2026-05-20,Wed,May,23,11:30,11:45,7,2,1,1,1,1,1,21.1,18.9,10.4,2.83,2.34,2.14,66.8,63.2,35.5
2026-05-20,Wed,May,24,11:45,12:00,8,2,2,1,1,1,1,19.3,24.0,10.0,3.55,2.24,1.99,59.1,62.0,35.6
2026-05-20,Wed,May,25,12:00,12:15,9,2,2,2,1,1,1,18.2,20.3,12.4,2.97,2.43,1.96,65.9,63.5,39.8
2026-05-20,Wed,May,26,12:15,12:30,9,2,2,2,1,1,1,20.8,23.6,11.5,3.15,2.48,2.18,67.6,62.0,38.9
2026-05-20,Wed,May,27,12:30,12:45,9,2,2,2,1,1,1,22.0,20.8,10.6,2.75,2.55,1.92,63.9,59.4,35.2
2026-05-20,Wed,May,28,12:45,13:00,10,2,2,2,2,1,1,23.5,21.8,10.7,3.29,2.48,2.24,72.9,67.9,38.8
2026-05-20,Wed,May,29,13:00,13:15,8,2,2,1,1,1,1,22.7,19.4,10.5,2.79,2.44,1.97,69.5,60.0,40.1
2026-05-20,Wed,May,30,13:15,13:30,8,2,2,1,1,1,1,20.3,21.0,10.3,2.42,2.42,1.97,66.3,65.0,35.2
2026-05-20,Wed,May,31,13:30,13:45,7,2,1,1,1,1,1,20.2,20.3,10.5,2.28,2.23,1.7,59.2,58.5,34.1
2026-05-20,Wed,May,32,13:45,14:00,8,2,2,1,1,1,1,20.3,18.6,10.8,2.92,2.44,2.17,63.7,62.1,34.5
2026-05-20,Wed,May,33,14:00,14:15,8,2,2,1,1,1,1,21.0,21.2,11.2,2.96,2.4,1.61,65.4,68.0,36.2
2026-05-20,Wed,May,34,14:15,14:30,8,2,2,1,1,1,1,21.4,20.5,10.6,3.08,2.45,2.09,61.2,60.0,35.0
2026-05-20,Wed,May,35,14:30,14:45,9,2,2,2,1,1,1,22.7,19.4,10.4,3.18,2.45,2.02,64.0,63.9,37.1
2026-05-20,Wed,May,36,14:45,15:00,8,2,2,1,1,1,1,19.2,22.5,12.0,3.18,2.85,1.53,65.4,62.0,36.9
2026-05-20,Wed,May,37,15:00,15:15,11,2,2,2,2,2,1,24.8,25.5,11.4,2.97,2.77,2.41,72.7,65.9,38.9
2026-05-20,Wed,May,38,15:15,15:30,12,3,2,2,2,2,1,24.1,24.5,13.0,3.88,3.33,2.02,69.3,70.5,38.0
2026-05-20,Wed,May,39,15:30,15:45,15,3,3,3,2,2,2,26.3,30.5,16.3,4.65,3.21,2.2,66.4,64.5,40.6
2026-05-20,Wed,May,40,15:45,16:00,15,3,3,3,2,2,2,27.1,28.8,14.4,4.33,3.06,2.75,72.7,67.2,39.0
2026-05-20,Wed,May,41,16:00,16:15,16,3,3,3,3,2,2,29.1,29.3,17.0,4.36,3.41,2.75,72.6,69.4,37.7
2026-05-20,Wed,May,42,16:15,16:30,15,3,3,3,2,2,2,25.9,27.1,15.2,4.34,2.99,2.26,72.2,68.4,39.7
2026-05-20,Wed,May,43,16:30,16:45,12,3,2,2,2,2,1,22.5,23.1,14.0,2.84,3.43,2.16,64.3,66.9,39.9
2026-05-20,Wed,May,44,16:45,17:00,13,3,3,2,2,2,1,24.5,29.4,13.7,4.17,3.44,2.29,71.5,64.5,41.3
2026-05-20,Wed,May,45,17:00,17:15,11,2,2,2,2,2,1,22.9,23.5,12.2,2.94,2.99,2.3,69.9,61.1,40.8
2026-05-20,Wed,May,46,17:15,17:30,7,2,1,1,1,1,1,21.0,20.0,9.2,2.74,2.21,1.65,62.0,65.9,38.0
2026-05-20,Wed,May,47,17:30,17:45,8,2,2,1,1,1,1,21.0,16.8,11.4,2.82,2.25,1.94,62.8,60.6,36.5
2026-05-20,Wed,May,48,17:45,18:00,7,2,1,1,1,1,1,18.0,19.6,8.6,2.61,2.57,1.56,65.5,62.3,40.6
2026-05-21,Thu,May,1,06:00,06:15,6,1,1,1,1,1,1,18.1,15.4,8.1,2.52,2.41,1.25,52.6,57.6,32.3
2026-05-21,Thu,May,2,06:15,06:30,7,2,1,1,1,1,1,17.5,15.9,9.0,3.55,2.54,1.06,55.0,59.4,35.3
2026-05-21,Thu,May,3,06:30,06:45,8,2,2,1,1,1,1,19.4,17.8,9.2,3.24,2.83,1.54,53.1,58.4,31.5
2026-05-21,Thu,May,4,06:45,07:00,9,2,2,2,1,1,1,21.6,18.8,9.2,3.86,2.91,1.29,58.3,57.2,28.8
2026-05-21,Thu,May,5,07:00,07:15,13,3,3,2,2,2,1,25.3,20.1,13.2,4.57,3.04,1.6,61.3,67.7,35.3
2026-05-21,Thu,May,6,07:15,07:30,16,3,3,3,3,2,2,29.5,25.3,13.7,4.28,4.18,1.86,55.3,62.8,39.0
2026-05-21,Thu,May,7,07:30,07:45,17,4,3,3,3,2,2,29.1,26.1,16.0,4.95,3.39,1.52,63.2,61.8,35.3
2026-05-21,Thu,May,8,07:45,08:00,21,5,4,4,3,3,2,35.0,28.0,15.7,5.78,4.86,1.78,63.7,64.3,38.0
2026-05-21,Thu,May,9,08:00,08:15,18,4,4,3,3,2,2,30.5,27.1,14.8,5.43,3.37,2.1,63.5,69.0,37.2
2026-05-21,Thu,May,10,08:15,08:30,16,3,3,3,3,2,2,27.2,26.2,14.4,5.29,3.83,2.02,62.9,65.1,34.4
2026-05-21,Thu,May,11,08:30,08:45,18,4,4,3,3,2,2,30.4,23.7,16.0,5.14,3.81,1.95,54.7,65.8,37.0
2026-05-21,Thu,May,12,08:45,09:00,13,3,3,2,2,2,1,26.9,23.4,11.4,4.3,2.79,1.69,56.6,67.4,33.1
2026-05-21,Thu,May,13,09:00,09:15,11,2,2,2,2,2,1,22.4,19.7,12.6,4.25,2.87,1.53,55.6,61.3,34.7
2026-05-21,Thu,May,14,09:15,09:30,9,2,2,2,1,1,1,19.8,19.0,10.5,2.98,2.6,1.2,54.3,61.5,33.1
2026-05-21,Thu,May,15,09:30,09:45,8,2,2,1,1,1,1,18.2,17.3,9.2,3.48,2.26,1.24,57.1,59.7,32.9
2026-05-21,Thu,May,16,09:45,10:00,8,2,2,1,1,1,1,20.5,18.4,9.8,3.21,2.94,1.29,53.1,59.5,29.8
2026-05-21,Thu,May,17,10:00,10:15,6,1,1,1,1,1,1,19.4,15.6,9.3,3.52,2.16,1.21,49.1,57.1,29.8
2026-05-21,Thu,May,18,10:15,10:30,6,1,1,1,1,1,1,16.4,15.9,8.8,3.33,2.34,1.1,57.0,52.5,34.6
2026-05-21,Thu,May,19,10:30,10:45,7,2,1,1,1,1,1,21.4,17.6,10.3,2.64,2.35,1.1,53.7,55.1,32.3
2026-05-21,Thu,May,20,10:45,11:00,8,2,2,1,1,1,1,20.8,18.6,9.2,3.29,2.5,1.49,55.6,64.5,32.6
2026-05-21,Thu,May,21,11:00,11:15,8,2,2,1,1,1,1,19.3,17.4,9.9,3.07,3.09,1.3,55.8,58.1,35.7
2026-05-21,Thu,May,22,11:15,11:30,8,2,2,1,1,1,1,22.6,17.6,10.0,3.53,2.6,1.26,59.9,56.8,33.0
2026-05-21,Thu,May,23,11:30,11:45,8,2,2,1,1,1,1,21.9,19.1,8.6,3.56,2.62,1.11,54.6,57.6,32.2
2026-05-21,Thu,May,24,11:45,12:00,9,2,2,2,1,1,1,20.8,21.9,10.1,3.3,2.43,1.43,55.6,62.9,31.2
2026-05-21,Thu,May,25,12:00,12:15,9,2,2,2,1,1,1,21.4,21.2,9.8,3.03,2.5,1.3,56.5,55.4,31.1
2026-05-21,Thu,May,26,12:15,12:30,8,2,2,1,1,1,1,22.0,17.4,9.1,3.61,2.62,1.57,57.6,57.8,30.7
2026-05-21,Thu,May,27,12:30,12:45,9,2,2,2,1,1,1,21.2,18.8,10.0,3.68,2.36,1.21,58.4,53.0,32.6
2026-05-21,Thu,May,28,12:45,13:00,10,2,2,2,2,1,1,22.4,21.0,10.8,3.45,2.85,1.45,58.8,58.7,34.8
2026-05-21,Thu,May,29,13:00,13:15,9,2,2,2,1,1,1,21.6,21.2,10.7,2.83,2.51,1.22,53.7,59.3,32.2
2026-05-21,Thu,May,30,13:15,13:30,9,2,2,2,1,1,1,22.1,17.3,9.1,3.33,2.92,1.28,55.0,59.4,32.2
2026-05-21,Thu,May,31,13:30,13:45,10,2,2,2,2,1,1,23.6,18.9,11.8,3.41,2.85,1.36,59.4,62.7,32.0
2026-05-21,Thu,May,32,13:45,14:00,9,2,2,2,1,1,1,21.0,17.6,10.1,4.12,2.57,1.35,53.9,62.0,32.2
2026-05-21,Thu,May,33,14:00,14:15,9,2,2,2,1,1,1,20.3,17.0,9.7,4.28,2.28,1.51,59.2,61.9,33.6
2026-05-21,Thu,May,34,14:15,14:30,9,2,2,2,1,1,1,20.7,19.7,9.9,3.7,2.78,1.37,55.4,54.7,33.5
2026-05-21,Thu,May,35,14:30,14:45,11,2,2,2,2,2,1,23.7,20.6,12.6,3.3,2.34,1.74,58.9,62.2,37.3
2026-05-21,Thu,May,36,14:45,15:00,11,2,2,2,2,2,1,21.3,21.0,10.4,4.18,2.8,1.49,59.7,59.3,33.3
2026-05-21,Thu,May,37,15:00,15:15,13,3,3,2,2,2,1,27.1,21.7,12.4,4.09,3.1,1.55,64.1,65.0,33.4
2026-05-21,Thu,May,38,15:15,15:30,14,3,3,3,2,2,1,27.6,22.0,12.7,3.95,3.52,1.44,57.1,59.3,35.7
2026-05-21,Thu,May,39,15:30,15:45,15,3,3,3,2,2,2,26.4,24.7,12.7,4.54,3.31,1.6,57.3,68.5,34.4
2026-05-21,Thu,May,40,15:45,16:00,17,4,3,3,3,2,2,28.8,26.5,13.7,4.32,3.42,1.85,65.8,64.6,36.9
2026-05-21,Thu,May,41,16:00,16:15,16,3,3,3,3,2,2,31.3,25.2,14.0,4.41,3.52,1.85,64.1,65.7,35.6
2026-05-21,Thu,May,42,16:15,16:30,16,3,3,3,3,2,2,29.2,21.4,14.4,4.61,3.69,1.68,62.0,63.9,35.2
2026-05-21,Thu,May,43,16:30,16:45,15,3,3,3,2,2,2,24.5,27.4,12.2,4.57,3.58,1.7,63.4,63.6,36.2
2026-05-21,Thu,May,44,16:45,17:00,11,2,2,2,2,2,1,25.4,20.7,11.1,3.15,3.06,1.41,54.8,61.1,34.5
2026-05-21,Thu,May,45,17:00,17:15,13,3,3,2,2,2,1,25.9,22.0,11.0,3.92,3.67,1.56,64.7,59.0,38.0
2026-05-21,Thu,May,46,17:15,17:30,11,2,2,2,2,2,1,21.9,19.9,10.9,3.9,2.81,1.54,56.4,59.7,34.0
2026-05-21,Thu,May,47,17:30,17:45,7,2,1,1,1,1,1,21.6,16.8,9.7,2.84,2.33,1.39,52.2,59.7,32.6
2026-05-21,Thu,May,48,17:45,18:00,6,1,1,1,1,1,1,18.3,18.1,9.7,3.06,2.05,1.21,54.7,59.4,30.7
2026-05-22,Fri,May,1,06:00,06:15,4,1,1,1,1,0,0,18.0,17.7,9.3,2.91,2.16,1.26,54.6,53.4,31.0
2026-05-22,Fri,May,2,06:15,06:30,6,1,1,1,1,1,1,21.5,18.8,9.5,3.54,3.25,1.4,59.2,55.5,32.2
2026-05-22,Fri,May,3,06:30,06:45,6,1,1,1,1,1,1,20.5,19.1,9.4,3.86,2.45,1.43,60.6,60.3,35.3
2026-05-22,Fri,May,4,06:45,07:00,7,2,1,1,1,1,1,21.3,17.6,11.5,4.64,3.21,1.6,69.6,55.5,34.1
2026-05-22,Fri,May,5,07:00,07:15,8,2,2,1,1,1,1,21.7,22.7,12.4,3.78,3.09,1.73,69.2,55.5,37.1
2026-05-22,Fri,May,6,07:15,07:30,14,3,3,3,2,2,1,32.6,27.7,14.6,5.57,4.06,1.96,71.4,61.5,40.9
2026-05-22,Fri,May,7,07:30,07:45,11,2,2,2,2,2,1,25.5,25.4,14.2,5.17,4.17,1.85,68.6,65.2,35.4
2026-05-22,Fri,May,8,07:45,08:00,12,3,2,2,2,2,1,26.8,26.2,13.3,5.75,4.02,2.04,64.1,60.5,37.9
2026-05-22,Fri,May,9,08:00,08:15,14,3,3,3,2,2,1,32.3,23.3,14.0,5.14,5.07,1.87,70.7,65.1,38.0
2026-05-22,Fri,May,10,08:15,08:30,16,3,3,3,3,2,2,32.6,29.6,15.8,6.02,4.83,2.65,68.3,68.5,41.0
2026-05-22,Fri,May,11,08:30,08:45,12,3,2,2,2,2,1,33.9,28.2,12.9,5.07,4.23,1.85,58.9,60.2,37.4
2026-05-22,Fri,May,12,08:45,09:00,12,3,2,2,2,2,1,30.0,27.2,12.7,5.47,4.08,2.62,68.3,60.2,35.5
2026-05-22,Fri,May,13,09:00,09:15,10,2,2,2,2,1,1,22.9,25.5,12.9,5.03,3.85,1.79,67.7,62.4,35.0
2026-05-22,Fri,May,14,09:15,09:30,8,2,2,1,1,1,1,23.5,19.5,11.9,4.94,3.62,1.5,67.3,54.8,32.7
2026-05-22,Fri,May,15,09:30,09:45,7,2,1,1,1,1,1,21.5,20.9,9.6,3.99,3.72,1.65,57.0,58.2,37.1
2026-05-22,Fri,May,16,09:45,10:00,7,2,1,1,1,1,1,20.1,18.5,11.1,4.33,3.03,1.36,63.3,58.8,32.4
2026-05-22,Fri,May,17,10:00,10:15,5,1,1,1,1,1,0,19.5,16.2,9.1,3.81,2.91,1.27,58.8,57.9,32.2
2026-05-22,Fri,May,18,10:15,10:30,5,1,1,1,1,1,0,23.0,20.2,9.4,2.84,3.1,1.38,58.7,54.0,32.0
2026-05-22,Fri,May,19,10:30,10:45,6,1,1,1,1,1,1,19.6,19.6,10.3,4.03,3.26,1.51,60.6,55.6,30.2
2026-05-22,Fri,May,20,10:45,11:00,6,1,1,1,1,1,1,19.8,19.1,10.4,4.05,2.75,1.47,62.0,51.8,30.6
2026-05-22,Fri,May,21,11:00,11:15,7,2,1,1,1,1,1,21.1,20.9,11.1,3.76,3.81,1.86,62.9,56.0,32.1
2026-05-22,Fri,May,22,11:15,11:30,7,2,1,1,1,1,1,23.5,18.3,11.4,4.3,2.84,1.5,59.9,56.5,30.8
2026-05-22,Fri,May,23,11:30,11:45,7,2,1,1,1,1,1,22.0,21.6,9.0,4.42,2.53,1.45,66.7,56.9,30.8
2026-05-22,Fri,May,24,11:45,12:00,8,2,2,1,1,1,1,18.3,21.7,11.4,4.33,3.72,1.52,62.1,52.6,34.9
2026-05-22,Fri,May,25,12:00,12:15,7,2,1,1,1,1,1,21.8,20.0,10.8,3.99,3.46,1.36,58.5,53.6,32.2
2026-05-22,Fri,May,26,12:15,12:30,8,2,2,1,1,1,1,22.1,21.6,9.7,4.01,3.59,1.72,64.8,55.9,33.2
2026-05-22,Fri,May,27,12:30,12:45,6,1,1,1,1,1,1,23.8,18.9,9.1,3.97,3.42,1.52,60.1,53.2,34.1
2026-05-22,Fri,May,28,12:45,13:00,8,2,2,1,1,1,1,24.3,22.0,10.5,4.15,3.37,1.67,59.0,61.0,33.3
2026-05-22,Fri,May,29,13:00,13:15,5,1,1,1,1,1,0,19.3,15.5,9.7,3.27,2.71,1.51,60.1,57.7,33.0
2026-05-22,Fri,May,30,13:15,13:30,8,2,2,1,1,1,1,22.8,20.9,10.9,3.24,3.34,1.99,60.4,58.7,31.3
2026-05-22,Fri,May,31,13:30,13:45,7,2,1,1,1,1,1,20.9,19.3,11.3,3.78,2.83,1.68,62.4,59.2,33.5
2026-05-22,Fri,May,32,13:45,14:00,6,1,1,1,1,1,1,19.2,20.3,9.2,3.42,3.23,1.27,61.8,55.4,31.8
2026-05-22,Fri,May,33,14:00,14:15,8,2,2,1,1,1,1,22.1,21.1,11.2,3.46,3.99,1.78,65.3,54.4,35.6
2026-05-22,Fri,May,34,14:15,14:30,8,2,2,1,1,1,1,23.7,20.6,11.0,3.84,3.32,1.41,62.9,55.4,35.5
2026-05-22,Fri,May,35,14:30,14:45,8,2,2,1,1,1,1,25.7,19.5,11.6,4.95,3.45,1.61,64.6,53.1,33.6
2026-05-22,Fri,May,36,14:45,15:00,10,2,2,2,2,1,1,26.6,22.3,12.0,5.03,3.6,1.97,59.2,60.7,35.2
2026-05-22,Fri,May,37,15:00,15:15,9,2,2,2,1,1,1,22.0,23.0,12.4,3.98,3.4,1.63,63.2,61.1,34.7
2026-05-22,Fri,May,38,15:15,15:30,11,2,2,2,2,2,1,28.9,27.6,14.2,4.88,4.16,1.54,66.6,58.0,34.4
2026-05-22,Fri,May,39,15:30,15:45,13,3,3,2,2,2,1,26.6,25.6,14.6,6.19,4.55,2.18,71.1,65.4,36.4
2026-05-22,Fri,May,40,15:45,16:00,12,3,2,2,2,2,1,27.4,29.3,13.9,6.36,4.54,2.21,67.7,56.2,40.3
2026-05-22,Fri,May,41,16:00,16:15,12,3,2,2,2,2,1,29.9,27.6,11.9,6.33,3.83,1.84,74.0,65.1,38.2
2026-05-22,Fri,May,42,16:15,16:30,13,3,3,2,2,2,1,27.8,27.2,13.7,5.69,4.42,1.82,72.8,69.7,36.0
2026-05-22,Fri,May,43,16:30,16:45,13,3,3,2,2,2,1,29.3,27.3,14.6,4.92,4.71,2.18,79.2,67.3,35.9
2026-05-22,Fri,May,44,16:45,17:00,12,3,2,2,2,2,1,29.9,26.3,14.8,4.95,4.53,1.96,70.7,71.3,38.0
2026-05-22,Fri,May,45,17:00,17:15,8,2,2,1,1,1,1,21.7,23.1,11.3,3.82,3.58,1.8,61.3,53.8,32.4
2026-05-22,Fri,May,46,17:15,17:30,8,2,2,1,1,1,1,25.8,21.7,10.8,4.77,3.98,1.65,57.4,58.4,34.8
2026-05-22,Fri,May,47,17:30,17:45,5,1,1,1,1,1,0,17.9,17.7,9.7,3.62,2.77,1.47,63.7,49.5,33.2
2026-05-22,Fri,May,48,17:45,18:00,6,1,1,1,1,1,1,20.8,21.7,10.6,3.74,2.84,1.33,59.5,57.3,32.7
2026-05-25,Mon,May,1,06:00,06:15,5,1,1,1,1,1,0,19.4,16.0,10.4,3.17,2.1,0.98,58.5,54.9,31.0
2026-05-25,Mon,May,2,06:15,06:30,5,1,1,1,1,1,0,18.0,15.3,9.8,3.14,2.47,1.15,54.7,65.3,34.9
2026-05-25,Mon,May,3,06:30,06:45,6,1,1,1,1,1,1,19.6,16.2,11.3,3.21,2.43,1.22,57.1,59.0,32.8
2026-05-25,Mon,May,4,06:45,07:00,7,2,1,1,1,1,1,21.6,16.4,10.6,3.73,2.76,1.08,58.4,57.7,30.1
2026-05-25,Mon,May,5,07:00,07:15,8,2,2,1,1,1,1,23.5,18.9,11.3,3.7,2.79,1.34,55.2,61.2,32.0
2026-05-25,Mon,May,6,07:15,07:30,11,2,2,2,2,2,1,26.9,22.5,15.2,5.62,3.43,1.79,54.0,71.9,37.7
2026-05-25,Mon,May,7,07:30,07:45,13,3,3,2,2,2,1,28.8,22.0,15.3,5.53,3.25,1.77,66.7,70.8,41.3
2026-05-25,Mon,May,8,07:45,08:00,12,3,2,2,2,2,1,29.1,23.4,13.1,5.15,3.64,1.54,66.3,69.1,35.0
2026-05-25,Mon,May,9,08:00,08:15,14,3,3,3,2,2,1,31.5,27.0,16.8,5.58,3.85,1.69,66.9,58.2,38.9
2026-05-25,Mon,May,10,08:15,08:30,17,4,3,3,3,2,2,35.4,27.8,19.2,6.25,3.82,2.35,67.6,72.5,44.5
2026-05-25,Mon,May,11,08:30,08:45,13,3,3,2,2,2,1,27.9,24.1,16.7,6.11,3.88,1.67,64.4,66.0,42.8
2026-05-25,Mon,May,12,08:45,09:00,11,2,2,2,2,2,1,25.9,22.8,14.4,4.54,3.36,1.78,62.3,62.3,39.4
2026-05-25,Mon,May,13,09:00,09:15,8,2,2,1,1,1,1,21.6,18.1,13.2,4.19,2.77,1.48,58.5,58.9,34.0
2026-05-25,Mon,May,14,09:15,09:30,7,2,1,1,1,1,1,21.9,16.3,10.5,3.17,2.68,1.22,60.0,62.8,33.4
2026-05-25,Mon,May,15,09:30,09:45,7,2,1,1,1,1,1,22.5,16.1,10.9,3.29,2.83,1.17,54.8,57.7,34.5
2026-05-25,Mon,May,16,09:45,10:00,5,1,1,1,1,1,0,20.2,15.2,10.1,3.41,2.49,1.15,57.9,58.0,34.0
2026-05-25,Mon,May,17,10:00,10:15,5,1,1,1,1,1,0,18.3,15.4,9.9,2.99,2.06,1.06,63.0,61.4,36.9
2026-05-25,Mon,May,18,10:15,10:30,5,1,1,1,1,1,0,19.4,14.5,11.3,2.91,2.39,1.06,59.7,59.6,33.7
2026-05-25,Mon,May,19,10:30,10:45,5,1,1,1,1,1,0,18.9,13.8,9.7,3.51,2.4,1.08,58.6,58.5,34.0
2026-05-25,Mon,May,20,10:45,11:00,5,1,1,1,1,1,0,17.3,16.6,10.1,3.15,2.31,1.35,57.0,58.6,33.1
2026-05-25,Mon,May,21,11:00,11:15,6,1,1,1,1,1,1,19.6,16.9,10.1,3.85,2.86,1.19,58.5,57.5,33.4
2026-05-25,Mon,May,22,11:15,11:30,6,1,1,1,1,1,1,18.9,15.9,10.5,3.9,2.1,1.03,56.7,60.6,33.0
2026-05-25,Mon,May,23,11:30,11:45,6,1,1,1,1,1,1,20.1,16.9,10.3,3.47,2.58,1.29,64.9,58.7,34.4
2026-05-25,Mon,May,24,11:45,12:00,6,1,1,1,1,1,1,20.4,17.4,10.5,3.41,2.34,1.18,57.3,58.3,35.4
2026-05-25,Mon,May,25,12:00,12:15,8,2,2,1,1,1,1,23.4,19.0,11.1,4.56,2.79,1.29,60.3,60.8,35.0
2026-05-25,Mon,May,26,12:15,12:30,6,1,1,1,1,1,1,20.1,17.9,11.8,3.2,2.36,1.31,58.0,59.1,30.6
2026-05-25,Mon,May,27,12:30,12:45,7,2,1,1,1,1,1,22.4,14.7,11.5,3.58,2.78,1.19,52.2,57.6,32.4
2026-05-25,Mon,May,28,12:45,13:00,7,2,1,1,1,1,1,23.9,15.6,11.7,3.75,2.43,1.28,61.1,60.3,33.0
2026-05-25,Mon,May,29,13:00,13:15,6,1,1,1,1,1,1,19.8,19.0,10.9,3.74,2.44,1.29,54.9,56.4,34.8
2026-05-25,Mon,May,30,13:15,13:30,7,2,1,1,1,1,1,21.5,16.4,12.4,3.42,3.13,1.38,57.9,61.3,35.0
2026-05-25,Mon,May,31,13:30,13:45,7,2,1,1,1,1,1,23.8,18.2,11.4,3.64,2.47,1.13,61.3,60.7,34.4
2026-05-25,Mon,May,32,13:45,14:00,6,1,1,1,1,1,1,19.3,15.0,9.9,3.99,2.56,1.13,58.4,57.8,34.7
2026-05-25,Mon,May,33,14:00,14:15,7,2,1,1,1,1,1,21.7,15.7,11.2,3.2,2.59,1.18,56.9,63.2,35.8
2026-05-25,Mon,May,34,14:15,14:30,7,2,1,1,1,1,1,20.8,16.6,11.8,3.72,2.56,1.13,60.9,61.2,35.0
2026-05-25,Mon,May,35,14:30,14:45,10,2,2,2,2,1,1,24.9,21.5,13.4,4.64,3.1,1.59,61.9,63.5,36.2
2026-05-25,Mon,May,36,14:45,15:00,9,2,2,2,1,1,1,24.7,18.0,13.1,4.44,3.18,1.29,58.8,62.1,34.9
2026-05-25,Mon,May,37,15:00,15:15,10,2,2,2,2,1,1,23.9,19.6,13.1,4.64,3.28,1.4,62.8,66.3,37.6
2026-05-25,Mon,May,38,15:15,15:30,11,2,2,2,2,2,1,24.8,22.9,14.4,4.49,3.31,1.59,62.7,64.8,38.3
2026-05-25,Mon,May,39,15:30,15:45,11,2,2,2,2,2,1,26.0,19.0,15.2,4.59,2.94,1.41,65.0,68.1,37.7
2026-05-25,Mon,May,40,15:45,16:00,12,3,2,2,2,2,1,29.0,21.2,15.0,4.97,3.87,1.94,66.0,66.2,38.9
2026-05-25,Mon,May,41,16:00,16:15,11,2,2,2,2,2,1,24.5,23.1,12.8,4.56,3.19,1.77,63.0,60.4,38.6
2026-05-25,Mon,May,42,16:15,16:30,12,3,2,2,2,2,1,27.5,21.5,14.2,4.99,3.67,1.91,62.7,64.0,41.9
2026-05-25,Mon,May,43,16:30,16:45,13,3,3,2,2,2,1,28.9,22.9,16.5,4.7,3.31,2.13,71.3,71.8,42.7
2026-05-25,Mon,May,44,16:45,17:00,9,2,2,2,1,1,1,21.5,16.6,12.0,3.93,2.67,1.6,58.8,65.0,36.3
2026-05-25,Mon,May,45,17:00,17:15,8,2,2,1,1,1,1,24.2,18.7,11.7,3.38,2.76,1.41,65.8,63.0,36.8
2026-05-25,Mon,May,46,17:15,17:30,7,2,1,1,1,1,1,20.9,18.1,11.9,3.93,2.61,1.29,59.7,63.6,36.5
2026-05-25,Mon,May,47,17:30,17:45,6,1,1,1,1,1,1,19.5,14.7,10.6,3.94,2.54,1.26,55.5,61.6,37.1
2026-05-25,Mon,May,48,17:45,18:00,6,1,1,1,1,1,1,20.4,16.2,11.3,3.41,2.67,1.2,59.3,62.7,34.3
2026-05-26,Tue,May,1,06:00,06:15,6,1,1,1,1,1,1,14.1,21.9,8.9,2.42,2.81,1.19,64.6,58.2,32.5
2026-05-26,Tue,May,2,06:15,06:30,7,2,1,1,1,1,1,15.0,21.3,8.5,3.45,3.52,1.46,58.6,59.1,31.3
2026-05-26,Tue,May,3,06:30,06:45,8,2,2,1,1,1,1,19.6,25.2,9.0,3.75,3.26,1.28,64.9,61.6,32.1
2026-05-26,Tue,May,4,06:45,07:00,8,2,2,1,1,1,1,18.5,26.5,9.1,3.5,3.87,1.18,62.6,55.6,29.8
2026-05-26,Tue,May,5,07:00,07:15,10,2,2,2,2,1,1,18.6,25.6,11.5,4.1,4.4,1.7,68.1,54.9,34.2
2026-05-26,Tue,May,6,07:15,07:30,9,2,2,2,1,1,1,17.5,23.1,12.0,3.6,3.37,1.38,64.4,59.8,29.0
2026-05-26,Tue,May,7,07:30,07:45,12,3,2,2,2,2,1,21.2,28.1,12.6,4.03,4.21,1.39,67.0,61.9,36.2
2026-05-26,Tue,May,8,07:45,08:00,16,3,3,3,3,2,2,23.8,34.3,13.2,4.54,4.84,2.16,66.4,62.9,31.5
2026-05-26,Tue,May,9,08:00,08:15,16,3,3,3,3,2,2,26.2,26.3,12.7,4.92,5.38,2.16,72.9,60.9,40.1
2026-05-26,Tue,May,10,08:15,08:30,14,3,3,3,2,2,1,23.9,32.1,12.7,4.09,4.5,1.81,71.4,59.1,34.5
2026-05-26,Tue,May,11,08:30,08:45,14,3,3,3,2,2,1,22.7,30.7,13.7,4.55,4.93,1.63,68.9,56.4,37.0
2026-05-26,Tue,May,12,08:45,09:00,14,3,3,3,2,2,1,19.3,26.8,13.4,5.11,4.75,1.79,66.0,61.1,35.3
2026-05-26,Tue,May,13,09:00,09:15,11,2,2,2,2,2,1,24.1,26.4,10.3,4.38,4.62,1.85,67.1,66.5,31.8
2026-05-26,Tue,May,14,09:15,09:30,7,2,1,1,1,1,1,17.4,20.5,8.9,3.25,3.3,1.33,62.5,52.8,31.8
2026-05-26,Tue,May,15,09:30,09:45,9,2,2,2,1,1,1,16.6,24.0,10.9,3.36,2.72,1.61,65.9,58.3,32.0
2026-05-26,Tue,May,16,09:45,10:00,6,1,1,1,1,1,1,16.8,21.2,9.3,2.94,3.07,1.37,56.9,58.1,31.9
2026-05-26,Tue,May,17,10:00,10:15,6,1,1,1,1,1,1,16.1,18.3,9.6,2.96,3.1,1.48,62.8,52.9,32.7
2026-05-26,Tue,May,18,10:15,10:30,5,1,1,1,1,1,0,15.2,17.4,8.4,2.9,3.0,1.17,64.3,57.1,28.4
2026-05-26,Tue,May,19,10:30,10:45,6,1,1,1,1,1,1,15.1,20.1,8.2,2.92,2.96,1.29,62.5,58.3,32.3
2026-05-26,Tue,May,20,10:45,11:00,7,2,1,1,1,1,1,16.8,23.8,8.5,3.47,3.88,1.37,59.9,58.3,32.8
2026-05-26,Tue,May,21,11:00,11:15,8,2,2,1,1,1,1,19.3,23.2,10.6,3.66,3.5,1.33,65.6,60.3,35.3
2026-05-26,Tue,May,22,11:15,11:30,8,2,2,1,1,1,1,18.1,22.3,9.4,3.48,3.65,1.36,65.2,58.8,32.4
2026-05-26,Tue,May,23,11:30,11:45,8,2,2,1,1,1,1,17.8,25.8,9.3,3.3,2.87,1.47,62.5,56.6,33.8
2026-05-26,Tue,May,24,11:45,12:00,7,2,1,1,1,1,1,16.9,23.0,8.7,3.04,4.08,1.28,62.3,53.8,30.2
2026-05-26,Tue,May,25,12:00,12:15,9,2,2,2,1,1,1,18.6,23.0,9.9,3.68,4.19,1.45,64.8,53.4,32.6
2026-05-26,Tue,May,26,12:15,12:30,8,2,2,1,1,1,1,16.6,22.1,10.0,3.81,3.87,1.51,62.8,59.6,33.0
2026-05-26,Tue,May,27,12:30,12:45,9,2,2,2,1,1,1,19.7,27.1,9.6,3.91,3.53,1.53,63.9,54.4,29.8
2026-05-26,Tue,May,28,12:45,13:00,9,2,2,2,1,1,1,19.7,28.2,10.7,2.98,3.64,1.53,65.9,58.2,34.8
2026-05-26,Tue,May,29,13:00,13:15,8,2,2,1,1,1,1,18.9,21.1,9.3,3.67,3.08,1.52,63.8,62.1,33.0
2026-05-26,Tue,May,30,13:15,13:30,8,2,2,1,1,1,1,16.9,23.9,9.8,3.1,4.0,1.38,60.0,56.0,33.8
2026-05-26,Tue,May,31,13:30,13:45,8,2,2,1,1,1,1,20.3,19.5,8.9,3.63,3.1,1.35,68.6,53.2,32.5
2026-05-26,Tue,May,32,13:45,14:00,9,2,2,2,1,1,1,18.5,25.5,10.9,3.92,3.77,1.78,62.3,62.0,33.5
2026-05-26,Tue,May,33,14:00,14:15,8,2,2,1,1,1,1,16.8,24.7,9.1,3.57,3.78,1.44,62.8,58.0,29.0
2026-05-26,Tue,May,34,14:15,14:30,8,2,2,1,1,1,1,16.9,24.8,9.6,3.3,4.34,1.31,63.0,55.4,33.4
2026-05-26,Tue,May,35,14:30,14:45,8,2,2,1,1,1,1,17.1,20.6,8.7,2.99,3.31,1.26,66.7,54.8,31.9
2026-05-26,Tue,May,36,14:45,15:00,10,2,2,2,2,1,1,20.6,24.9,10.1,4.45,3.74,1.53,66.2,60.4,31.5
2026-05-26,Tue,May,37,15:00,15:15,12,3,2,2,2,2,1,23.1,28.9,10.8,4.39,4.15,2.09,67.8,61.8,32.7
2026-05-26,Tue,May,38,15:15,15:30,14,3,3,3,2,2,1,22.1,25.6,12.9,4.49,4.4,2.1,63.3,58.8,36.3
2026-05-26,Tue,May,39,15:30,15:45,13,3,3,2,2,2,1,22.7,26.6,12.5,4.84,4.8,1.82,67.5,59.7,37.1
2026-05-26,Tue,May,40,15:45,16:00,16,3,3,3,3,2,2,29.0,36.7,14.9,4.57,5.54,2.18,72.7,64.1,38.2
2026-05-26,Tue,May,41,16:00,16:15,15,3,3,3,2,2,2,24.2,30.3,14.4,5.44,4.92,2.04,67.6,64.1,33.0
2026-05-26,Tue,May,42,16:15,16:30,13,3,3,2,2,2,1,24.4,29.4,12.3,3.65,4.49,1.79,67.9,61.7,34.8
2026-05-26,Tue,May,43,16:30,16:45,13,3,3,2,2,2,1,20.3,29.0,12.1,4.9,4.76,1.78,66.3,63.3,37.2
2026-05-26,Tue,May,44,16:45,17:00,12,3,2,2,2,2,1,21.4,26.2,13.8,4.33,4.46,1.73,69.3,60.8,36.4
2026-05-26,Tue,May,45,17:00,17:15,9,2,2,2,1,1,1,18.4,21.6,10.4,3.66,3.19,1.59,71.0,60.7,32.4
2026-05-26,Tue,May,46,17:15,17:30,9,2,2,2,1,1,1,19.0,24.7,9.6,3.61,3.87,1.53,63.7,58.2,31.0
2026-05-26,Tue,May,47,17:30,17:45,7,2,1,1,1,1,1,17.0,20.8,9.7,3.56,3.05,1.42,63.7,55.0,33.6
2026-05-26,Tue,May,48,17:45,18:00,7,2,1,1,1,1,1,18.4,22.3,9.5,3.29,3.2,1.18,69.5,58.6,33.1
2026-05-27,Wed,May,1,06:00,06:15,6,1,1,1,1,1,1,21.9,21.1,9.3,2.95,2.58,1.39,67.2,57.8,32.8
2026-05-27,Wed,May,2,06:15,06:30,7,2,1,1,1,1,1,19.0,21.8,9.9,3.35,3.58,1.39,68.0,68.1,33.3
2026-05-27,Wed,May,3,06:30,06:45,7,2,1,1,1,1,1,19.8,21.7,10.0,3.43,3.37,1.79,63.8,63.1,32.3
2026-05-27,Wed,May,4,06:45,07:00,9,2,2,2,1,1,1,21.5,21.4,11.6,4.33,4.22,1.81,61.9,65.1,33.9
2026-05-27,Wed,May,5,07:00,07:15,9,2,2,2,1,1,1,21.8,20.9,12.2,3.78,3.71,1.7,62.8,68.7,32.4
2026-05-27,Wed,May,6,07:15,07:30,14,3,3,3,2,2,1,27.0,24.9,14.3,4.35,4.5,2.14,66.5,67.5,38.0
2026-05-27,Wed,May,7,07:30,07:45,15,3,3,3,2,2,2,29.7,28.7,14.6,4.85,4.93,2.33,72.3,69.7,41.0
2026-05-27,Wed,May,8,07:45,08:00,15,3,3,3,2,2,2,28.1,27.7,14.6,4.6,4.87,2.3,74.0,66.4,41.2
2026-05-27,Wed,May,9,08:00,08:15,19,4,4,3,3,3,2,30.0,29.2,15.9,5.5,6.13,2.36,77.9,74.2,39.9
2026-05-27,Wed,May,10,08:15,08:30,16,3,3,3,3,2,2,31.2,27.5,14.9,4.99,4.8,2.59,73.2,74.8,42.2
2026-05-27,Wed,May,11,08:30,08:45,14,3,3,3,2,2,1,27.4,28.2,14.9,4.66,5.28,2.06,66.8,68.6,37.1
2026-05-27,Wed,May,12,08:45,09:00,15,3,3,3,2,2,2,26.7,29.8,13.3,4.76,4.87,2.31,73.9,76.2,40.0
2026-05-27,Wed,May,13,09:00,09:15,12,3,2,2,2,2,1,21.6,23.4,13.7,4.02,4.01,1.96,61.7,69.0,36.6
2026-05-27,Wed,May,14,09:15,09:30,10,2,2,2,2,1,1,21.9,25.9,11.8,4.34,4.34,1.84,62.8,67.3,35.6
2026-05-27,Wed,May,15,09:30,09:45,8,2,2,1,1,1,1,21.0,22.6,11.6,3.65,3.47,1.71,68.9,71.4,34.3
2026-05-27,Wed,May,16,09:45,10:00,6,1,1,1,1,1,1,18.5,20.8,10.5,2.77,3.32,1.49,60.9,61.8,31.8
2026-05-27,Wed,May,17,10:00,10:15,5,1,1,1,1,1,0,16.9,19.0,8.4,3.09,2.86,1.75,63.4,60.2,34.7
2026-05-27,Wed,May,18,10:15,10:30,6,1,1,1,1,1,1,17.0,17.6,10.5,2.64,3.39,1.41,65.9,59.9,33.1
2026-05-27,Wed,May,19,10:30,10:45,6,1,1,1,1,1,1,18.5,18.7,10.5,3.78,2.83,1.55,61.2,64.5,34.7
2026-05-27,Wed,May,20,10:45,11:00,6,1,1,1,1,1,1,19.3,20.0,9.2,2.95,3.03,1.46,61.9,59.5,33.4
2026-05-27,Wed,May,21,11:00,11:15,6,1,1,1,1,1,1,18.5,18.7,9.8,2.77,3.29,1.61,65.5,63.6,33.7
2026-05-27,Wed,May,22,11:15,11:30,7,2,1,1,1,1,1,18.0,21.2,9.9,3.03,3.53,1.27,59.7,66.2,34.1
2026-05-27,Wed,May,23,11:30,11:45,9,2,2,2,1,1,1,22.4,23.2,10.5,3.08,4.0,1.66,64.2,63.0,34.4
2026-05-27,Wed,May,24,11:45,12:00,7,2,1,1,1,1,1,21.3,22.9,11.3,3.39,3.0,1.47,65.0,63.7,32.0
2026-05-27,Wed,May,25,12:00,12:15,7,2,1,1,1,1,1,17.0,20.5,10.1,3.62,3.43,1.74,61.2,60.5,32.1
2026-05-27,Wed,May,26,12:15,12:30,9,2,2,2,1,1,1,20.1,22.8,10.7,4.16,3.61,1.52,68.2,62.6,35.0
2026-05-27,Wed,May,27,12:30,12:45,9,2,2,2,1,1,1,21.6,21.6,10.3,3.54,3.67,1.87,70.0,64.1,35.4
2026-05-27,Wed,May,28,12:45,13:00,9,2,2,2,1,1,1,23.4,23.5,11.5,3.44,3.57,1.76,71.4,63.4,35.8
2026-05-27,Wed,May,29,13:00,13:15,10,2,2,2,2,1,1,22.0,21.8,12.1,4.19,3.84,1.83,67.4,62.1,36.5
2026-05-27,Wed,May,30,13:15,13:30,8,2,2,1,1,1,1,19.3,23.1,9.7,3.66,3.72,1.53,65.2,60.9,35.1
2026-05-27,Wed,May,31,13:30,13:45,7,2,1,1,1,1,1,21.7,22.4,10.2,3.33,3.46,1.37,61.9,60.9,31.2
2026-05-27,Wed,May,32,13:45,14:00,8,2,2,1,1,1,1,18.2,25.7,10.9,3.45,3.1,1.3,67.3,63.2,38.0
2026-05-27,Wed,May,33,14:00,14:15,7,2,1,1,1,1,1,19.0,21.6,8.8,3.22,3.57,1.61,61.5,63.0,31.2
2026-05-27,Wed,May,34,14:15,14:30,9,2,2,2,1,1,1,21.6,22.9,10.0,3.58,4.16,1.66,67.3,63.0,34.1
2026-05-27,Wed,May,35,14:30,14:45,8,2,2,1,1,1,1,22.2,21.1,11.0,3.77,3.32,1.81,67.0,75.2,35.1
2026-05-27,Wed,May,36,14:45,15:00,10,2,2,2,2,1,1,22.8,23.6,12.4,3.49,4.22,1.56,65.8,66.7,37.6
2026-05-27,Wed,May,37,15:00,15:15,12,3,2,2,2,2,1,24.4,26.6,12.6,4.38,3.79,2.09,67.4,71.5,37.4
2026-05-27,Wed,May,38,15:15,15:30,13,3,3,2,2,2,1,23.1,26.6,12.1,4.09,3.75,2.36,67.4,61.8,38.3
2026-05-27,Wed,May,39,15:30,15:45,16,3,3,3,3,2,2,29.5,30.0,14.8,5.23,4.92,2.37,73.9,79.7,36.8
2026-05-27,Wed,May,40,15:45,16:00,17,4,3,3,3,2,2,29.0,32.7,13.9,5.6,4.98,2.77,76.3,72.3,39.1
2026-05-27,Wed,May,41,16:00,16:15,14,3,3,3,2,2,1,23.2,26.6,14.7,4.19,4.62,2.05,67.9,70.2,39.0
2026-05-27,Wed,May,42,16:15,16:30,14,3,3,3,2,2,1,25.3,30.7,13.5,4.66,4.91,2.18,71.1,70.0,38.0
2026-05-27,Wed,May,43,16:30,16:45,14,3,3,3,2,2,1,24.2,26.5,14.5,4.31,4.18,2.39,70.9,74.0,38.0
2026-05-27,Wed,May,44,16:45,17:00,12,3,2,2,2,2,1,22.9,29.7,13.5,4.46,4.64,1.68,67.4,71.5,36.9
2026-05-27,Wed,May,45,17:00,17:15,14,3,3,3,2,2,1,26.6,28.7,13.4,4.71,5.56,2.21,71.9,72.9,38.0
2026-05-27,Wed,May,46,17:15,17:30,10,2,2,2,2,1,1,20.7,22.7,12.2,3.47,4.01,1.63,66.2,63.9,36.3
2026-05-27,Wed,May,47,17:30,17:45,8,2,2,1,1,1,1,19.3,20.7,10.9,3.57,3.67,1.67,65.7,59.6,33.3
2026-05-27,Wed,May,48,17:45,18:00,6,1,1,1,1,1,1,18.9,18.2,9.4,3.52,3.01,1.54,61.4,59.3,32.9
2026-05-28,Thu,May,1,06:00,06:15,5,1,1,1,1,1,0,22.7,20.2,12.2,1.78,2.78,1.35,60.1,61.0,37.5
2026-05-28,Thu,May,2,06:15,06:30,5,1,1,1,1,1,0,19.3,19.7,10.4,1.56,3.32,1.26,56.9,59.0,34.9
2026-05-28,Thu,May,3,06:30,06:45,7,2,1,1,1,1,1,25.6,20.4,11.9,2.44,3.29,1.63,69.5,65.5,39.8
2026-05-28,Thu,May,4,06:45,07:00,7,2,1,1,1,1,1,23.0,17.3,12.1,2.15,3.59,1.59,53.8,68.5,38.2
2026-05-28,Thu,May,5,07:00,07:15,8,2,2,1,1,1,1,23.3,24.3,13.3,2.46,3.17,1.84,62.9,62.7,34.0
2026-05-28,Thu,May,6,07:15,07:30,11,2,2,2,2,2,1,29.1,28.1,13.7,3.02,4.34,2.03,66.4,69.2,38.4
2026-05-28,Thu,May,7,07:30,07:45,13,3,3,2,2,2,1,31.9,29.4,16.2,3.28,5.15,2.01,70.7,74.5,40.5
2026-05-28,Thu,May,8,07:45,08:00,13,3,3,2,2,2,1,34.5,24.4,16.2,2.77,3.74,2.19,66.4,71.0,41.9
2026-05-28,Thu,May,9,08:00,08:15,12,3,2,2,2,2,1,29.8,27.2,14.6,3.27,3.91,2.51,65.8,69.7,39.2
2026-05-28,Thu,May,10,08:15,08:30,13,3,3,2,2,2,1,31.1,29.0,16.8,3.44,4.61,2.75,66.3,67.3,39.7
2026-05-28,Thu,May,11,08:30,08:45,12,3,2,2,2,2,1,31.2,29.3,15.9,2.89,4.89,2.18,69.6,67.5,44.1
2026-05-28,Thu,May,12,08:45,09:00,9,2,2,2,1,1,1,29.1,21.5,13.2,2.48,3.67,1.66,65.6,61.4,37.0
2026-05-28,Thu,May,13,09:00,09:15,9,2,2,2,1,1,1,29.6,23.4,15.6,2.25,4.08,1.82,65.8,67.6,37.9
2026-05-28,Thu,May,14,09:15,09:30,8,2,2,1,1,1,1,25.0,21.7,12.0,2.38,4.09,1.85,64.0,64.5,38.4
2026-05-28,Thu,May,15,09:30,09:45,6,1,1,1,1,1,1,22.8,21.2,10.8,2.49,3.63,1.37,64.9,61.2,35.0
2026-05-28,Thu,May,16,09:45,10:00,6,1,1,1,1,1,1,22.1,20.0,9.3,2.13,3.22,1.6,60.9,56.6,33.4
2026-05-28,Thu,May,17,10:00,10:15,5,1,1,1,1,1,0,18.5,16.1,11.3,1.97,2.71,1.55,62.1,60.1,38.3
2026-05-28,Thu,May,18,10:15,10:30,4,1,1,1,1,0,0,20.1,19.1,9.9,1.86,2.63,1.44,58.9,60.1,34.3
2026-05-28,Thu,May,19,10:30,10:45,6,1,1,1,1,1,1,22.0,16.5,10.7,2.2,3.4,1.45,62.6,59.4,35.0
2026-05-28,Thu,May,20,10:45,11:00,5,1,1,1,1,1,0,18.9,17.2,11.8,1.7,3.27,1.4,64.7,57.4,36.4
2026-05-28,Thu,May,21,11:00,11:15,5,1,1,1,1,1,0,23.0,19.0,11.4,2.31,2.85,1.41,67.2,59.7,36.2
2026-05-28,Thu,May,22,11:15,11:30,6,1,1,1,1,1,1,21.2,20.0,10.7,2.38,3.01,1.95,61.5,56.3,35.2
2026-05-28,Thu,May,23,11:30,11:45,6,1,1,1,1,1,1,23.2,18.6,10.9,2.42,3.45,1.25,69.1,61.9,37.7
2026-05-28,Thu,May,24,11:45,12:00,6,1,1,1,1,1,1,24.4,17.7,11.8,2.27,3.0,1.68,65.2,57.8,37.1
2026-05-28,Thu,May,25,12:00,12:15,7,2,1,1,1,1,1,22.1,21.6,12.8,2.08,4.04,1.54,61.7,66.1,38.9
2026-05-28,Thu,May,26,12:15,12:30,5,1,1,1,1,1,0,22.7,18.0,10.4,2.05,3.14,1.39,58.1,62.2,35.0
2026-05-28,Thu,May,27,12:30,12:45,7,2,1,1,1,1,1,23.3,22.0,12.8,2.0,3.88,1.67,60.2,60.0,40.2
2026-05-28,Thu,May,28,12:45,13:00,8,2,2,1,1,1,1,23.7,24.3,12.8,2.21,3.58,1.7,62.1,63.7,36.8
2026-05-28,Thu,May,29,13:00,13:15,8,2,2,1,1,1,1,25.4,24.1,13.3,2.63,3.65,1.86,60.9,62.5,34.0
2026-05-28,Thu,May,30,13:15,13:30,7,2,1,1,1,1,1,24.5,22.4,13.3,2.0,3.28,1.4,60.2,61.9,32.5
2026-05-28,Thu,May,31,13:30,13:45,7,2,1,1,1,1,1,23.7,21.8,11.2,2.43,3.86,1.49,62.7,60.4,36.4
2026-05-28,Thu,May,32,13:45,14:00,6,1,1,1,1,1,1,24.8,21.4,12.6,1.63,2.98,1.56,58.8,55.2,38.3
2026-05-28,Thu,May,33,14:00,14:15,7,2,1,1,1,1,1,21.8,21.9,12.1,2.1,3.21,1.62,60.4,62.6,33.1
2026-05-28,Thu,May,34,14:15,14:30,7,2,1,1,1,1,1,21.1,21.4,12.7,2.1,3.52,1.77,59.5,59.0,36.1
2026-05-28,Thu,May,35,14:30,14:45,7,2,1,1,1,1,1,21.8,21.0,12.5,1.96,3.5,1.77,58.0,60.3,37.2
2026-05-28,Thu,May,36,14:45,15:00,9,2,2,2,1,1,1,29.2,21.3,16.1,2.24,4.01,1.86,70.8,68.0,38.3
2026-05-28,Thu,May,37,15:00,15:15,11,2,2,2,2,2,1,32.5,27.6,15.5,2.78,4.56,2.15,66.9,70.4,42.8
2026-05-28,Thu,May,38,15:15,15:30,10,2,2,2,2,1,1,28.8,24.2,12.8,2.67,3.95,2.09,67.3,69.7,40.5
2026-05-28,Thu,May,39,15:30,15:45,11,2,2,2,2,2,1,27.5,27.0,12.9,2.78,4.8,2.16,66.6,66.6,39.1
2026-05-28,Thu,May,40,15:45,16:00,12,3,2,2,2,2,1,29.7,26.6,16.0,3.03,4.46,2.38,66.6,68.7,39.2
2026-05-28,Thu,May,41,16:00,16:15,12,3,2,2,2,2,1,30.0,27.1,16.5,2.95,4.9,2.41,70.9,68.3,39.4
2026-05-28,Thu,May,42,16:15,16:30,14,3,3,3,2,2,1,31.8,30.5,18.7,2.9,5.08,2.89,77.1,69.1,37.6
2026-05-28,Thu,May,43,16:30,16:45,13,3,3,2,2,2,1,31.8,26.8,17.7,3.45,4.37,2.68,72.3,66.3,39.6
2026-05-28,Thu,May,44,16:45,17:00,10,2,2,2,2,1,1,28.9,23.7,14.0,2.44,4.4,2.23,60.6,68.4,39.6
2026-05-28,Thu,May,45,17:00,17:15,9,2,2,2,1,1,1,24.3,25.1,13.0,2.88,4.3,1.8,60.4,67.6,40.5
2026-05-28,Thu,May,46,17:15,17:30,8,2,2,1,1,1,1,26.6,22.6,14.3,2.02,3.13,1.82,61.2,62.0,37.0
2026-05-28,Thu,May,47,17:30,17:45,7,2,1,1,1,1,1,20.2,22.5,12.4,2.11,3.58,1.69,65.9,58.5,38.9
2026-05-28,Thu,May,48,17:45,18:00,5,1,1,1,1,1,0,21.7,18.4,9.5,1.86,3.04,1.64,57.0,60.1,33.9
2026-05-29,Fri,May,1,06:00,06:15,6,1,1,1,1,1,1,19.1,18.2,8.1,2.37,2.99,1.42,61.2,51.0,36.3
2026-05-29,Fri,May,2,06:15,06:30,7,2,1,1,1,1,1,22.0,16.0,8.3,2.12,3.26,1.29,61.7,60.6,35.8
2026-05-29,Fri,May,3,06:30,06:45,7,2,1,1,1,1,1,21.8,15.7,7.6,2.53,3.27,1.13,56.9,59.0,35.9
2026-05-29,Fri,May,4,06:45,07:00,9,2,2,2,1,1,1,23.2,19.4,9.5,3.34,4.11,1.44,59.9,56.8,30.7
2026-05-29,Fri,May,5,07:00,07:15,10,2,2,2,2,1,1,22.9,21.6,10.2,2.62,4.22,1.55,61.1,58.9,37.4
2026-05-29,Fri,May,6,07:15,07:30,13,3,3,2,2,2,1,26.6,22.7,10.5,3.42,4.38,1.9,67.1,65.5,37.4
2026-05-29,Fri,May,7,07:30,07:45,15,3,3,3,2,2,2,27.2,28.5,12.5,3.42,4.57,2.1,67.0,65.1,38.3
2026-05-29,Fri,May,8,07:45,08:00,16,3,3,3,3,2,2,32.0,24.7,13.4,4.0,4.54,2.16,66.3,60.5,41.4
2026-05-29,Fri,May,9,08:00,08:15,15,3,3,3,2,2,2,29.4,23.1,11.7,4.33,4.2,1.92,71.8,65.7,41.1
2026-05-29,Fri,May,10,08:15,08:30,17,4,3,3,3,2,2,32.1,26.7,12.2,3.85,5.35,2.06,67.9,68.9,42.8
2026-05-29,Fri,May,11,08:30,08:45,16,3,3,3,3,2,2,32.9,27.0,12.1,3.8,4.9,1.84,77.3,61.8,40.3
2026-05-29,Fri,May,12,08:45,09:00,13,3,3,2,2,2,1,28.8,22.4,12.0,3.54,4.64,2.15,64.2,65.0,41.0
2026-05-29,Fri,May,13,09:00,09:15,10,2,2,2,2,1,1,22.1,20.6,9.2,3.0,3.19,1.33,60.5,61.3,34.8
2026-05-29,Fri,May,14,09:15,09:30,8,2,2,1,1,1,1,22.0,18.3,8.5,2.3,3.26,1.79,60.9,54.2,35.0
2026-05-29,Fri,May,15,09:30,09:45,7,2,1,1,1,1,1,23.8,18.7,8.5,2.49,2.97,1.31,66.2,55.2,35.6
2026-05-29,Fri,May,16,09:45,10:00,5,1,1,1,1,1,0,20.9,16.1,6.9,1.9,2.86,1.11,58.1,60.0,33.9
2026-05-29,Fri,May,17,10:00,10:15,6,1,1,1,1,1,1,20.2,17.1,8.7,2.42,3.11,1.35,63.9,56.0,33.9
2026-05-29,Fri,May,18,10:15,10:30,5,1,1,1,1,1,0,19.4,16.5,7.0,2.25,2.91,1.21,59.6,56.1,33.4
2026-05-29,Fri,May,19,10:30,10:45,5,1,1,1,1,1,0,20.1,15.4,7.5,2.11,3.18,1.17,60.8,52.3,29.6
2026-05-29,Fri,May,20,10:45,11:00,5,1,1,1,1,1,0,20.0,17.3,7.9,2.28,2.63,1.3,57.0,55.6,36.4
2026-05-29,Fri,May,21,11:00,11:15,6,1,1,1,1,1,1,20.9,16.8,7.1,2.3,3.06,1.23,57.0,57.3,37.1
2026-05-29,Fri,May,22,11:15,11:30,7,2,1,1,1,1,1,23.0,19.2,9.1,2.1,2.98,1.35,53.9,60.0,30.4
2026-05-29,Fri,May,23,11:30,11:45,7,2,1,1,1,1,1,22.2,16.9,8.2,2.7,2.79,1.33,57.2,55.0,34.3
2026-05-29,Fri,May,24,11:45,12:00,5,1,1,1,1,1,0,18.4,16.8,8.0,1.86,2.28,1.25,57.9,56.2,33.4
2026-05-29,Fri,May,25,12:00,12:15,8,2,2,1,1,1,1,22.9,21.6,9.2,3.14,3.23,1.48,62.0,65.9,34.6
2026-05-29,Fri,May,26,12:15,12:30,9,2,2,2,1,1,1,24.6,19.0,9.1,2.75,3.42,1.54,60.1,61.1,37.2
2026-05-29,Fri,May,27,12:30,12:45,8,2,2,1,1,1,1,24.0,18.2,8.3,2.58,2.97,1.35,58.8,55.8,35.9
2026-05-29,Fri,May,28,12:45,13:00,8,2,2,1,1,1,1,23.7,18.1,7.6,2.51,3.19,1.44,59.5,59.6,35.8
2026-05-29,Fri,May,29,13:00,13:15,7,2,1,1,1,1,1,23.3,16.7,7.7,1.88,3.46,1.56,62.7,57.7,36.2
2026-05-29,Fri,May,30,13:15,13:30,8,2,2,1,1,1,1,22.1,20.9,9.1,2.34,3.79,1.52,58.4,62.0,33.9
2026-05-29,Fri,May,31,13:30,13:45,7,2,1,1,1,1,1,19.4,18.4,9.8,2.44,3.76,1.4,62.8,61.8,35.5
2026-05-29,Fri,May,32,13:45,14:00,7,2,1,1,1,1,1,23.1,16.2,8.2,2.28,3.25,1.44,63.0,55.8,33.4
2026-05-29,Fri,May,33,14:00,14:15,8,2,2,1,1,1,1,21.6,18.6,8.0,2.33,3.32,1.37,61.8,54.9,35.9
2026-05-29,Fri,May,34,14:15,14:30,8,2,2,1,1,1,1,24.8,18.0,8.9,2.54,3.45,1.5,59.3,63.8,35.0
2026-05-29,Fri,May,35,14:30,14:45,10,2,2,2,2,1,1,25.0,19.2,9.0,2.87,4.01,1.71,65.2,65.1,35.9
2026-05-29,Fri,May,36,14:45,15:00,12,3,2,2,2,2,1,23.7,22.9,10.7,3.17,4.07,1.75,64.4,55.9,35.5
2026-05-29,Fri,May,37,15:00,15:15,11,2,2,2,2,2,1,26.4,22.6,9.6,2.79,3.67,1.64,63.4,62.7,38.5
2026-05-29,Fri,May,38,15:15,15:30,12,3,2,2,2,2,1,28.6,21.8,11.8,3.7,3.84,2.04,63.8,68.3,36.1
2026-05-29,Fri,May,39,15:30,15:45,14,3,3,3,2,2,1,30.3,22.4,10.9,3.04,4.53,2.02,64.4,67.7,39.1
2026-05-29,Fri,May,40,15:45,16:00,13,3,3,2,2,2,1,24.0,22.2,10.0,2.56,4.1,1.94,57.5,61.1,36.4
2026-05-29,Fri,May,41,16:00,16:15,14,3,3,3,2,2,1,26.9,25.4,10.9,3.55,3.96,2.01,66.5,64.5,40.6
2026-05-29,Fri,May,42,16:15,16:30,14,3,3,3,2,2,1,26.0,28.5,10.8,3.3,4.74,1.98,62.6,64.7,37.5
2026-05-29,Fri,May,43,16:30,16:45,12,3,2,2,2,2,1,27.0,20.8,10.4,3.18,4.61,1.6,63.8,66.5,40.7
2026-05-29,Fri,May,44,16:45,17:00,14,3,3,3,2,2,1,30.1,23.0,10.0,3.69,4.75,1.97,69.1,68.9,38.5
2026-05-29,Fri,May,45,17:00,17:15,12,3,2,2,2,2,1,29.0,22.5,10.7,2.98,3.76,1.85,64.0,58.1,36.4
2026-05-29,Fri,May,46,17:15,17:30,10,2,2,2,2,1,1,24.8,21.5,8.2,3.23,3.72,1.58,59.3,58.2,36.8
2026-05-29,Fri,May,47,17:30,17:45,7,2,1,1,1,1,1,21.7,20.0,8.8,2.63,3.01,1.17,60.7,61.2,33.7
2026-05-29,Fri,May,48,17:45,18:00,8,2,2,1,1,1,1,22.5,20.1,8.9,2.4,3.4,1.28,62.0,55.5,37.0
